ISO-10303-21;
HEADER;
/* Generated by software containing ST-Developer
 * from STEP Tools, Inc. (www.steptools.com) 
 */

FILE_DESCRIPTION(
/* description */ (''),
/* implementation_level */ '2;1');

FILE_NAME(
/* name */ 'bottom.step',
/* time_stamp */ '2026-02-12T23:03:00-08:00',
/* author */ (''),
/* organization */ (''),
/* preprocessor_version */ 'ST-DEVELOPER v20.1',
/* originating_system */ 'Autodesk Translation Framework v14.21.0.0',
/* authorisation */ '');

FILE_SCHEMA (('AUTOMOTIVE_DESIGN { 1 0 10303 214 3 1 1 }'));
ENDSEC;

DATA;
#10=MECHANICAL_DESIGN_GEOMETRIC_PRESENTATION_REPRESENTATION('',(#13),#8013);
#11=SHAPE_REPRESENTATION_RELATIONSHIP('SRR','None',#8020,#12);
#12=ADVANCED_BREP_SHAPE_REPRESENTATION('',(#14),#8012);
#13=STYLED_ITEM('',(#8030),#14);
#14=MANIFOLD_SOLID_BREP('Body7',#4879);
#15=FACE_BOUND('',#478,.T.);
#16=FACE_BOUND('',#479,.T.);
#17=FACE_BOUND('',#480,.T.);
#18=FACE_BOUND('',#481,.T.);
#19=FACE_BOUND('',#492,.T.);
#20=FACE_BOUND('',#493,.T.);
#21=FACE_BOUND('',#494,.T.);
#22=FACE_BOUND('',#495,.T.);
#23=FACE_BOUND('',#630,.T.);
#24=FACE_BOUND('',#631,.T.);
#25=FACE_BOUND('',#670,.T.);
#26=FACE_BOUND('',#673,.T.);
#27=FACE_BOUND('',#677,.T.);
#28=FACE_BOUND('',#679,.T.);
#29=FACE_BOUND('',#681,.T.);
#30=FACE_BOUND('',#684,.T.);
#31=FACE_BOUND('',#686,.T.);
#32=FACE_BOUND('',#688,.T.);
#33=FACE_BOUND('',#693,.T.);
#34=FACE_BOUND('',#698,.T.);
#35=FACE_BOUND('',#700,.T.);
#36=FACE_BOUND('',#703,.T.);
#37=FACE_BOUND('',#705,.T.);
#38=PLANE('',#4896);
#39=PLANE('',#4902);
#40=PLANE('',#4905);
#41=PLANE('',#4907);
#42=PLANE('',#4908);
#43=PLANE('',#4909);
#44=PLANE('',#4910);
#45=PLANE('',#4913);
#46=PLANE('',#4916);
#47=PLANE('',#4917);
#48=PLANE('',#4948);
#49=PLANE('',#4949);
#50=PLANE('',#4951);
#51=PLANE('',#4952);
#52=PLANE('',#4955);
#53=PLANE('',#4958);
#54=PLANE('',#4961);
#55=PLANE('',#4964);
#56=PLANE('',#4967);
#57=PLANE('',#4970);
#58=PLANE('',#4973);
#59=PLANE('',#4976);
#60=PLANE('',#4979);
#61=PLANE('',#4980);
#62=PLANE('',#4984);
#63=PLANE('',#4987);
#64=PLANE('',#4989);
#65=PLANE('',#4992);
#66=PLANE('',#4995);
#67=PLANE('',#4996);
#68=PLANE('',#4999);
#69=PLANE('',#5002);
#70=PLANE('',#5005);
#71=PLANE('',#5008);
#72=PLANE('',#5012);
#73=PLANE('',#5013);
#74=PLANE('',#5017);
#75=PLANE('',#5018);
#76=PLANE('',#5024);
#77=PLANE('',#5025);
#78=PLANE('',#5028);
#79=PLANE('',#5030);
#80=PLANE('',#5033);
#81=PLANE('',#5035);
#82=PLANE('',#5040);
#83=PLANE('',#5044);
#84=PLANE('',#5048);
#85=PLANE('',#5049);
#86=PLANE('',#5056);
#87=PLANE('',#5057);
#88=PLANE('',#5062);
#89=PLANE('',#5066);
#90=PLANE('',#5070);
#91=PLANE('',#5071);
#92=PLANE('',#5077);
#93=PLANE('',#5081);
#94=PLANE('',#5085);
#95=PLANE('',#5088);
#96=PLANE('',#5092);
#97=PLANE('',#5093);
#98=PLANE('',#5102);
#99=PLANE('',#5103);
#100=PLANE('',#5108);
#101=PLANE('',#5109);
#102=PLANE('',#5117);
#103=PLANE('',#5118);
#104=PLANE('',#5126);
#105=PLANE('',#5132);
#106=PLANE('',#5133);
#107=PLANE('',#5134);
#108=PLANE('',#5135);
#109=PLANE('',#5136);
#110=PLANE('',#5137);
#111=PLANE('',#5138);
#112=PLANE('',#5139);
#113=PLANE('',#5140);
#114=PLANE('',#5141);
#115=PLANE('',#5142);
#116=PLANE('',#5143);
#117=PLANE('',#5144);
#118=PLANE('',#5145);
#119=PLANE('',#5146);
#120=PLANE('',#5147);
#121=PLANE('',#5148);
#122=PLANE('',#5149);
#123=PLANE('',#5150);
#124=PLANE('',#5151);
#125=PLANE('',#5152);
#126=PLANE('',#5153);
#127=PLANE('',#5154);
#128=PLANE('',#5155);
#129=PLANE('',#5156);
#130=PLANE('',#5157);
#131=PLANE('',#5158);
#132=PLANE('',#5159);
#133=PLANE('',#5160);
#134=PLANE('',#5161);
#135=PLANE('',#5162);
#136=PLANE('',#5163);
#137=PLANE('',#5164);
#138=PLANE('',#5165);
#139=PLANE('',#5166);
#140=PLANE('',#5167);
#141=PLANE('',#5168);
#142=PLANE('',#5169);
#143=PLANE('',#5170);
#144=PLANE('',#5171);
#145=PLANE('',#5172);
#146=PLANE('',#5173);
#147=PLANE('',#5174);
#148=PLANE('',#5175);
#149=PLANE('',#5176);
#150=PLANE('',#5177);
#151=PLANE('',#5178);
#152=PLANE('',#5179);
#153=PLANE('',#5180);
#154=PLANE('',#5181);
#155=PLANE('',#5182);
#156=PLANE('',#5183);
#157=PLANE('',#5184);
#158=PLANE('',#5185);
#159=PLANE('',#5186);
#160=PLANE('',#5187);
#161=PLANE('',#5188);
#162=PLANE('',#5189);
#163=PLANE('',#5190);
#164=PLANE('',#5193);
#165=PLANE('',#5197);
#166=PLANE('',#5203);
#167=PLANE('',#5204);
#168=PLANE('',#5205);
#169=PLANE('',#5206);
#170=PLANE('',#5207);
#171=PLANE('',#5208);
#172=PLANE('',#5209);
#173=PLANE('',#5210);
#174=PLANE('',#5211);
#175=PLANE('',#5212);
#176=PLANE('',#5213);
#177=PLANE('',#5214);
#178=PLANE('',#5215);
#179=PLANE('',#5216);
#180=PLANE('',#5217);
#181=PLANE('',#5220);
#182=PLANE('',#5223);
#183=PLANE('',#5224);
#184=PLANE('',#5226);
#185=PLANE('',#5228);
#186=PLANE('',#5229);
#187=PLANE('',#5230);
#188=PLANE('',#5231);
#189=PLANE('',#5232);
#190=PLANE('',#5233);
#191=PLANE('',#5234);
#192=PLANE('',#5235);
#193=PLANE('',#5236);
#194=PLANE('',#5237);
#195=PLANE('',#5238);
#196=PLANE('',#5239);
#197=PLANE('',#5240);
#198=PLANE('',#5241);
#199=PLANE('',#5242);
#200=PLANE('',#5243);
#201=PLANE('',#5244);
#202=PLANE('',#5245);
#203=PLANE('',#5246);
#204=PLANE('',#5247);
#205=PLANE('',#5248);
#206=PLANE('',#5249);
#207=PLANE('',#5250);
#208=PLANE('',#5251);
#209=PLANE('',#5252);
#210=PLANE('',#5253);
#211=PLANE('',#5254);
#212=PLANE('',#5255);
#213=PLANE('',#5256);
#214=PLANE('',#5257);
#215=PLANE('',#5258);
#216=PLANE('',#5259);
#217=PLANE('',#5260);
#218=PLANE('',#5261);
#219=PLANE('',#5262);
#220=PLANE('',#5263);
#221=PLANE('',#5264);
#222=PLANE('',#5265);
#223=PLANE('',#5266);
#224=PLANE('',#5269);
#225=FACE_OUTER_BOUND('',#476,.T.);
#226=FACE_OUTER_BOUND('',#477,.T.);
#227=FACE_OUTER_BOUND('',#482,.T.);
#228=FACE_OUTER_BOUND('',#483,.T.);
#229=FACE_OUTER_BOUND('',#484,.T.);
#230=FACE_OUTER_BOUND('',#485,.T.);
#231=FACE_OUTER_BOUND('',#486,.T.);
#232=FACE_OUTER_BOUND('',#487,.T.);
#233=FACE_OUTER_BOUND('',#488,.T.);
#234=FACE_OUTER_BOUND('',#489,.T.);
#235=FACE_OUTER_BOUND('',#490,.T.);
#236=FACE_OUTER_BOUND('',#491,.T.);
#237=FACE_OUTER_BOUND('',#496,.T.);
#238=FACE_OUTER_BOUND('',#497,.T.);
#239=FACE_OUTER_BOUND('',#498,.T.);
#240=FACE_OUTER_BOUND('',#499,.T.);
#241=FACE_OUTER_BOUND('',#500,.T.);
#242=FACE_OUTER_BOUND('',#501,.T.);
#243=FACE_OUTER_BOUND('',#502,.T.);
#244=FACE_OUTER_BOUND('',#503,.T.);
#245=FACE_OUTER_BOUND('',#504,.T.);
#246=FACE_OUTER_BOUND('',#505,.T.);
#247=FACE_OUTER_BOUND('',#506,.T.);
#248=FACE_OUTER_BOUND('',#507,.T.);
#249=FACE_OUTER_BOUND('',#508,.T.);
#250=FACE_OUTER_BOUND('',#509,.T.);
#251=FACE_OUTER_BOUND('',#510,.T.);
#252=FACE_OUTER_BOUND('',#511,.T.);
#253=FACE_OUTER_BOUND('',#512,.T.);
#254=FACE_OUTER_BOUND('',#513,.T.);
#255=FACE_OUTER_BOUND('',#514,.T.);
#256=FACE_OUTER_BOUND('',#515,.T.);
#257=FACE_OUTER_BOUND('',#516,.T.);
#258=FACE_OUTER_BOUND('',#517,.T.);
#259=FACE_OUTER_BOUND('',#518,.T.);
#260=FACE_OUTER_BOUND('',#519,.T.);
#261=FACE_OUTER_BOUND('',#520,.T.);
#262=FACE_OUTER_BOUND('',#521,.T.);
#263=FACE_OUTER_BOUND('',#522,.T.);
#264=FACE_OUTER_BOUND('',#523,.T.);
#265=FACE_OUTER_BOUND('',#524,.T.);
#266=FACE_OUTER_BOUND('',#525,.T.);
#267=FACE_OUTER_BOUND('',#526,.T.);
#268=FACE_OUTER_BOUND('',#527,.T.);
#269=FACE_OUTER_BOUND('',#528,.T.);
#270=FACE_OUTER_BOUND('',#529,.T.);
#271=FACE_OUTER_BOUND('',#530,.T.);
#272=FACE_OUTER_BOUND('',#531,.T.);
#273=FACE_OUTER_BOUND('',#532,.T.);
#274=FACE_OUTER_BOUND('',#533,.T.);
#275=FACE_OUTER_BOUND('',#534,.T.);
#276=FACE_OUTER_BOUND('',#535,.T.);
#277=FACE_OUTER_BOUND('',#536,.T.);
#278=FACE_OUTER_BOUND('',#537,.T.);
#279=FACE_OUTER_BOUND('',#538,.T.);
#280=FACE_OUTER_BOUND('',#539,.T.);
#281=FACE_OUTER_BOUND('',#540,.T.);
#282=FACE_OUTER_BOUND('',#541,.T.);
#283=FACE_OUTER_BOUND('',#542,.T.);
#284=FACE_OUTER_BOUND('',#543,.T.);
#285=FACE_OUTER_BOUND('',#544,.T.);
#286=FACE_OUTER_BOUND('',#545,.T.);
#287=FACE_OUTER_BOUND('',#546,.T.);
#288=FACE_OUTER_BOUND('',#547,.T.);
#289=FACE_OUTER_BOUND('',#548,.T.);
#290=FACE_OUTER_BOUND('',#549,.T.);
#291=FACE_OUTER_BOUND('',#550,.T.);
#292=FACE_OUTER_BOUND('',#551,.T.);
#293=FACE_OUTER_BOUND('',#552,.T.);
#294=FACE_OUTER_BOUND('',#553,.T.);
#295=FACE_OUTER_BOUND('',#554,.T.);
#296=FACE_OUTER_BOUND('',#555,.T.);
#297=FACE_OUTER_BOUND('',#556,.T.);
#298=FACE_OUTER_BOUND('',#557,.T.);
#299=FACE_OUTER_BOUND('',#558,.T.);
#300=FACE_OUTER_BOUND('',#559,.T.);
#301=FACE_OUTER_BOUND('',#560,.T.);
#302=FACE_OUTER_BOUND('',#561,.T.);
#303=FACE_OUTER_BOUND('',#562,.T.);
#304=FACE_OUTER_BOUND('',#563,.T.);
#305=FACE_OUTER_BOUND('',#564,.T.);
#306=FACE_OUTER_BOUND('',#565,.T.);
#307=FACE_OUTER_BOUND('',#566,.T.);
#308=FACE_OUTER_BOUND('',#567,.T.);
#309=FACE_OUTER_BOUND('',#568,.T.);
#310=FACE_OUTER_BOUND('',#569,.T.);
#311=FACE_OUTER_BOUND('',#570,.T.);
#312=FACE_OUTER_BOUND('',#571,.T.);
#313=FACE_OUTER_BOUND('',#572,.T.);
#314=FACE_OUTER_BOUND('',#573,.T.);
#315=FACE_OUTER_BOUND('',#574,.T.);
#316=FACE_OUTER_BOUND('',#575,.T.);
#317=FACE_OUTER_BOUND('',#576,.T.);
#318=FACE_OUTER_BOUND('',#577,.T.);
#319=FACE_OUTER_BOUND('',#578,.T.);
#320=FACE_OUTER_BOUND('',#579,.T.);
#321=FACE_OUTER_BOUND('',#580,.T.);
#322=FACE_OUTER_BOUND('',#581,.T.);
#323=FACE_OUTER_BOUND('',#582,.T.);
#324=FACE_OUTER_BOUND('',#583,.T.);
#325=FACE_OUTER_BOUND('',#584,.T.);
#326=FACE_OUTER_BOUND('',#585,.T.);
#327=FACE_OUTER_BOUND('',#586,.T.);
#328=FACE_OUTER_BOUND('',#587,.T.);
#329=FACE_OUTER_BOUND('',#588,.T.);
#330=FACE_OUTER_BOUND('',#589,.T.);
#331=FACE_OUTER_BOUND('',#590,.T.);
#332=FACE_OUTER_BOUND('',#591,.T.);
#333=FACE_OUTER_BOUND('',#592,.T.);
#334=FACE_OUTER_BOUND('',#593,.T.);
#335=FACE_OUTER_BOUND('',#594,.T.);
#336=FACE_OUTER_BOUND('',#595,.T.);
#337=FACE_OUTER_BOUND('',#596,.T.);
#338=FACE_OUTER_BOUND('',#597,.T.);
#339=FACE_OUTER_BOUND('',#598,.T.);
#340=FACE_OUTER_BOUND('',#599,.T.);
#341=FACE_OUTER_BOUND('',#600,.T.);
#342=FACE_OUTER_BOUND('',#601,.T.);
#343=FACE_OUTER_BOUND('',#602,.T.);
#344=FACE_OUTER_BOUND('',#603,.T.);
#345=FACE_OUTER_BOUND('',#604,.T.);
#346=FACE_OUTER_BOUND('',#605,.T.);
#347=FACE_OUTER_BOUND('',#606,.T.);
#348=FACE_OUTER_BOUND('',#607,.T.);
#349=FACE_OUTER_BOUND('',#608,.T.);
#350=FACE_OUTER_BOUND('',#609,.T.);
#351=FACE_OUTER_BOUND('',#610,.T.);
#352=FACE_OUTER_BOUND('',#611,.T.);
#353=FACE_OUTER_BOUND('',#612,.T.);
#354=FACE_OUTER_BOUND('',#613,.T.);
#355=FACE_OUTER_BOUND('',#614,.T.);
#356=FACE_OUTER_BOUND('',#615,.T.);
#357=FACE_OUTER_BOUND('',#616,.T.);
#358=FACE_OUTER_BOUND('',#617,.T.);
#359=FACE_OUTER_BOUND('',#618,.T.);
#360=FACE_OUTER_BOUND('',#619,.T.);
#361=FACE_OUTER_BOUND('',#620,.T.);
#362=FACE_OUTER_BOUND('',#621,.T.);
#363=FACE_OUTER_BOUND('',#622,.T.);
#364=FACE_OUTER_BOUND('',#623,.T.);
#365=FACE_OUTER_BOUND('',#624,.T.);
#366=FACE_OUTER_BOUND('',#625,.T.);
#367=FACE_OUTER_BOUND('',#626,.T.);
#368=FACE_OUTER_BOUND('',#627,.T.);
#369=FACE_OUTER_BOUND('',#628,.T.);
#370=FACE_OUTER_BOUND('',#629,.T.);
#371=FACE_OUTER_BOUND('',#632,.T.);
#372=FACE_OUTER_BOUND('',#633,.T.);
#373=FACE_OUTER_BOUND('',#634,.T.);
#374=FACE_OUTER_BOUND('',#635,.T.);
#375=FACE_OUTER_BOUND('',#636,.T.);
#376=FACE_OUTER_BOUND('',#637,.T.);
#377=FACE_OUTER_BOUND('',#638,.T.);
#378=FACE_OUTER_BOUND('',#639,.T.);
#379=FACE_OUTER_BOUND('',#640,.T.);
#380=FACE_OUTER_BOUND('',#641,.T.);
#381=FACE_OUTER_BOUND('',#642,.T.);
#382=FACE_OUTER_BOUND('',#643,.T.);
#383=FACE_OUTER_BOUND('',#644,.T.);
#384=FACE_OUTER_BOUND('',#645,.T.);
#385=FACE_OUTER_BOUND('',#646,.T.);
#386=FACE_OUTER_BOUND('',#647,.T.);
#387=FACE_OUTER_BOUND('',#648,.T.);
#388=FACE_OUTER_BOUND('',#649,.T.);
#389=FACE_OUTER_BOUND('',#650,.T.);
#390=FACE_OUTER_BOUND('',#651,.T.);
#391=FACE_OUTER_BOUND('',#652,.T.);
#392=FACE_OUTER_BOUND('',#653,.T.);
#393=FACE_OUTER_BOUND('',#654,.T.);
#394=FACE_OUTER_BOUND('',#655,.T.);
#395=FACE_OUTER_BOUND('',#656,.T.);
#396=FACE_OUTER_BOUND('',#657,.T.);
#397=FACE_OUTER_BOUND('',#658,.T.);
#398=FACE_OUTER_BOUND('',#659,.T.);
#399=FACE_OUTER_BOUND('',#660,.T.);
#400=FACE_OUTER_BOUND('',#661,.T.);
#401=FACE_OUTER_BOUND('',#662,.T.);
#402=FACE_OUTER_BOUND('',#663,.T.);
#403=FACE_OUTER_BOUND('',#664,.T.);
#404=FACE_OUTER_BOUND('',#665,.T.);
#405=FACE_OUTER_BOUND('',#666,.T.);
#406=FACE_OUTER_BOUND('',#667,.T.);
#407=FACE_OUTER_BOUND('',#668,.T.);
#408=FACE_OUTER_BOUND('',#669,.T.);
#409=FACE_OUTER_BOUND('',#671,.T.);
#410=FACE_OUTER_BOUND('',#672,.T.);
#411=FACE_OUTER_BOUND('',#674,.T.);
#412=FACE_OUTER_BOUND('',#675,.T.);
#413=FACE_OUTER_BOUND('',#676,.T.);
#414=FACE_OUTER_BOUND('',#678,.T.);
#415=FACE_OUTER_BOUND('',#680,.T.);
#416=FACE_OUTER_BOUND('',#682,.T.);
#417=FACE_OUTER_BOUND('',#683,.T.);
#418=FACE_OUTER_BOUND('',#685,.T.);
#419=FACE_OUTER_BOUND('',#687,.T.);
#420=FACE_OUTER_BOUND('',#689,.T.);
#421=FACE_OUTER_BOUND('',#690,.T.);
#422=FACE_OUTER_BOUND('',#691,.T.);
#423=FACE_OUTER_BOUND('',#692,.T.);
#424=FACE_OUTER_BOUND('',#694,.T.);
#425=FACE_OUTER_BOUND('',#695,.T.);
#426=FACE_OUTER_BOUND('',#696,.T.);
#427=FACE_OUTER_BOUND('',#697,.T.);
#428=FACE_OUTER_BOUND('',#699,.T.);
#429=FACE_OUTER_BOUND('',#701,.T.);
#430=FACE_OUTER_BOUND('',#702,.T.);
#431=FACE_OUTER_BOUND('',#704,.T.);
#432=FACE_OUTER_BOUND('',#706,.T.);
#433=FACE_OUTER_BOUND('',#707,.T.);
#434=FACE_OUTER_BOUND('',#708,.T.);
#435=FACE_OUTER_BOUND('',#709,.T.);
#436=FACE_OUTER_BOUND('',#710,.T.);
#437=FACE_OUTER_BOUND('',#711,.T.);
#438=FACE_OUTER_BOUND('',#712,.T.);
#439=FACE_OUTER_BOUND('',#713,.T.);
#440=FACE_OUTER_BOUND('',#714,.T.);
#441=FACE_OUTER_BOUND('',#715,.T.);
#442=FACE_OUTER_BOUND('',#716,.T.);
#443=FACE_OUTER_BOUND('',#717,.T.);
#444=FACE_OUTER_BOUND('',#718,.T.);
#445=FACE_OUTER_BOUND('',#719,.T.);
#446=FACE_OUTER_BOUND('',#720,.T.);
#447=FACE_OUTER_BOUND('',#721,.T.);
#448=FACE_OUTER_BOUND('',#722,.T.);
#449=FACE_OUTER_BOUND('',#723,.T.);
#450=FACE_OUTER_BOUND('',#724,.T.);
#451=FACE_OUTER_BOUND('',#725,.T.);
#452=FACE_OUTER_BOUND('',#726,.T.);
#453=FACE_OUTER_BOUND('',#727,.T.);
#454=FACE_OUTER_BOUND('',#728,.T.);
#455=FACE_OUTER_BOUND('',#729,.T.);
#456=FACE_OUTER_BOUND('',#730,.T.);
#457=FACE_OUTER_BOUND('',#731,.T.);
#458=FACE_OUTER_BOUND('',#732,.T.);
#459=FACE_OUTER_BOUND('',#733,.T.);
#460=FACE_OUTER_BOUND('',#734,.T.);
#461=FACE_OUTER_BOUND('',#735,.T.);
#462=FACE_OUTER_BOUND('',#736,.T.);
#463=FACE_OUTER_BOUND('',#737,.T.);
#464=FACE_OUTER_BOUND('',#738,.T.);
#465=FACE_OUTER_BOUND('',#739,.T.);
#466=FACE_OUTER_BOUND('',#740,.T.);
#467=FACE_OUTER_BOUND('',#741,.T.);
#468=FACE_OUTER_BOUND('',#742,.T.);
#469=FACE_OUTER_BOUND('',#743,.T.);
#470=FACE_OUTER_BOUND('',#744,.T.);
#471=FACE_OUTER_BOUND('',#745,.T.);
#472=FACE_OUTER_BOUND('',#746,.T.);
#473=FACE_OUTER_BOUND('',#747,.T.);
#474=FACE_OUTER_BOUND('',#748,.T.);
#475=FACE_OUTER_BOUND('',#749,.T.);
#476=EDGE_LOOP('',(#3172,#3173,#3174,#3175));
#477=EDGE_LOOP('',(#3176,#3177,#3178,#3179,#3180,#3181));
#478=EDGE_LOOP('',(#3182));
#479=EDGE_LOOP('',(#3183));
#480=EDGE_LOOP('',(#3184));
#481=EDGE_LOOP('',(#3185));
#482=EDGE_LOOP('',(#3186,#3187,#3188,#3189,#3190,#3191,#3192,#3193,#3194,
#3195,#3196,#3197,#3198,#3199,#3200,#3201,#3202,#3203,#3204,#3205,#3206,
#3207));
#483=EDGE_LOOP('',(#3208,#3209,#3210,#3211));
#484=EDGE_LOOP('',(#3212,#3213,#3214,#3215,#3216,#3217));
#485=EDGE_LOOP('',(#3218,#3219,#3220,#3221));
#486=EDGE_LOOP('',(#3222,#3223,#3224,#3225));
#487=EDGE_LOOP('',(#3226,#3227,#3228,#3229));
#488=EDGE_LOOP('',(#3230,#3231,#3232,#3233,#3234,#3235,#3236,#3237,#3238,
#3239));
#489=EDGE_LOOP('',(#3240,#3241,#3242,#3243,#3244,#3245));
#490=EDGE_LOOP('',(#3246,#3247,#3248,#3249));
#491=EDGE_LOOP('',(#3250,#3251,#3252,#3253,#3254,#3255,#3256,#3257,#3258,
#3259,#3260,#3261,#3262,#3263,#3264,#3265,#3266,#3267,#3268,#3269,#3270,
#3271,#3272,#3273,#3274,#3275,#3276,#3277,#3278,#3279,#3280,#3281,#3282,
#3283,#3284,#3285,#3286,#3287,#3288,#3289,#3290,#3291,#3292,#3293,#3294,
#3295));
#492=EDGE_LOOP('',(#3296,#3297,#3298,#3299,#3300,#3301,#3302,#3303));
#493=EDGE_LOOP('',(#3304,#3305,#3306,#3307,#3308,#3309,#3310,#3311));
#494=EDGE_LOOP('',(#3312,#3313,#3314,#3315,#3316,#3317,#3318,#3319));
#495=EDGE_LOOP('',(#3320,#3321,#3322,#3323,#3324,#3325,#3326,#3327));
#496=EDGE_LOOP('',(#3328,#3329,#3330,#3331));
#497=EDGE_LOOP('',(#3332,#3333,#3334,#3335,#3336,#3337));
#498=EDGE_LOOP('',(#3338,#3339,#3340,#3341,#3342,#3343,#3344,#3345,#3346,
#3347,#3348,#3349,#3350,#3351,#3352,#3353,#3354,#3355,#3356,#3357,#3358,
#3359,#3360,#3361,#3362,#3363,#3364,#3365,#3366,#3367));
#499=EDGE_LOOP('',(#3368,#3369,#3370,#3371,#3372,#3373,#3374,#3375,#3376,
#3377,#3378,#3379,#3380,#3381,#3382,#3383,#3384,#3385,#3386,#3387,#3388,
#3389,#3390,#3391,#3392,#3393,#3394,#3395,#3396,#3397));
#500=EDGE_LOOP('',(#3398,#3399,#3400,#3401));
#501=EDGE_LOOP('',(#3402,#3403,#3404,#3405));
#502=EDGE_LOOP('',(#3406,#3407,#3408,#3409));
#503=EDGE_LOOP('',(#3410,#3411,#3412,#3413));
#504=EDGE_LOOP('',(#3414,#3415,#3416,#3417));
#505=EDGE_LOOP('',(#3418,#3419,#3420,#3421,#3422,#3423));
#506=EDGE_LOOP('',(#3424,#3425,#3426,#3427));
#507=EDGE_LOOP('',(#3428,#3429,#3430,#3431,#3432,#3433));
#508=EDGE_LOOP('',(#3434,#3435,#3436,#3437));
#509=EDGE_LOOP('',(#3438,#3439,#3440,#3441));
#510=EDGE_LOOP('',(#3442,#3443,#3444,#3445));
#511=EDGE_LOOP('',(#3446,#3447,#3448,#3449,#3450,#3451));
#512=EDGE_LOOP('',(#3452,#3453,#3454,#3455));
#513=EDGE_LOOP('',(#3456,#3457,#3458,#3459));
#514=EDGE_LOOP('',(#3460,#3461,#3462,#3463));
#515=EDGE_LOOP('',(#3464,#3465,#3466,#3467));
#516=EDGE_LOOP('',(#3468,#3469,#3470,#3471));
#517=EDGE_LOOP('',(#3472,#3473,#3474,#3475,#3476,#3477));
#518=EDGE_LOOP('',(#3478,#3479,#3480,#3481,#3482,#3483));
#519=EDGE_LOOP('',(#3484,#3485,#3486,#3487));
#520=EDGE_LOOP('',(#3488,#3489,#3490,#3491));
#521=EDGE_LOOP('',(#3492,#3493,#3494,#3495));
#522=EDGE_LOOP('',(#3496,#3497,#3498,#3499));
#523=EDGE_LOOP('',(#3500,#3501,#3502,#3503));
#524=EDGE_LOOP('',(#3504,#3505,#3506,#3507,#3508,#3509));
#525=EDGE_LOOP('',(#3510,#3511,#3512,#3513));
#526=EDGE_LOOP('',(#3514,#3515,#3516,#3517));
#527=EDGE_LOOP('',(#3518,#3519,#3520,#3521));
#528=EDGE_LOOP('',(#3522,#3523,#3524,#3525,#3526));
#529=EDGE_LOOP('',(#3527,#3528,#3529,#3530,#3531,#3532));
#530=EDGE_LOOP('',(#3533,#3534,#3535,#3536));
#531=EDGE_LOOP('',(#3537,#3538,#3539,#3540));
#532=EDGE_LOOP('',(#3541,#3542,#3543,#3544));
#533=EDGE_LOOP('',(#3545,#3546,#3547,#3548));
#534=EDGE_LOOP('',(#3549,#3550,#3551,#3552));
#535=EDGE_LOOP('',(#3553,#3554,#3555,#3556,#3557,#3558));
#536=EDGE_LOOP('',(#3559,#3560,#3561,#3562));
#537=EDGE_LOOP('',(#3563,#3564,#3565,#3566));
#538=EDGE_LOOP('',(#3567,#3568,#3569,#3570));
#539=EDGE_LOOP('',(#3571,#3572,#3573,#3574));
#540=EDGE_LOOP('',(#3575,#3576,#3577,#3578,#3579,#3580,#3581));
#541=EDGE_LOOP('',(#3582,#3583,#3584,#3585));
#542=EDGE_LOOP('',(#3586,#3587,#3588,#3589));
#543=EDGE_LOOP('',(#3590,#3591,#3592,#3593));
#544=EDGE_LOOP('',(#3594,#3595,#3596,#3597));
#545=EDGE_LOOP('',(#3598,#3599,#3600,#3601,#3602,#3603));
#546=EDGE_LOOP('',(#3604,#3605,#3606,#3607));
#547=EDGE_LOOP('',(#3608,#3609,#3610,#3611));
#548=EDGE_LOOP('',(#3612,#3613,#3614,#3615));
#549=EDGE_LOOP('',(#3616,#3617,#3618,#3619));
#550=EDGE_LOOP('',(#3620,#3621,#3622,#3623,#3624,#3625));
#551=EDGE_LOOP('',(#3626,#3627,#3628,#3629));
#552=EDGE_LOOP('',(#3630,#3631,#3632,#3633));
#553=EDGE_LOOP('',(#3634,#3635,#3636,#3637));
#554=EDGE_LOOP('',(#3638,#3639,#3640,#3641));
#555=EDGE_LOOP('',(#3642,#3643,#3644,#3645));
#556=EDGE_LOOP('',(#3646,#3647,#3648,#3649,#3650,#3651));
#557=EDGE_LOOP('',(#3652,#3653,#3654,#3655));
#558=EDGE_LOOP('',(#3656,#3657,#3658,#3659));
#559=EDGE_LOOP('',(#3660,#3661,#3662,#3663));
#560=EDGE_LOOP('',(#3664,#3665,#3666,#3667));
#561=EDGE_LOOP('',(#3668,#3669,#3670,#3671,#3672));
#562=EDGE_LOOP('',(#3673,#3674,#3675,#3676));
#563=EDGE_LOOP('',(#3677,#3678,#3679,#3680));
#564=EDGE_LOOP('',(#3681,#3682,#3683,#3684));
#565=EDGE_LOOP('',(#3685,#3686,#3687,#3688));
#566=EDGE_LOOP('',(#3689,#3690,#3691,#3692,#3693,#3694,#3695,#3696));
#567=EDGE_LOOP('',(#3697,#3698,#3699,#3700));
#568=EDGE_LOOP('',(#3701,#3702,#3703,#3704));
#569=EDGE_LOOP('',(#3705,#3706,#3707,#3708,#3709,#3710));
#570=EDGE_LOOP('',(#3711,#3712,#3713,#3714));
#571=EDGE_LOOP('',(#3715,#3716,#3717,#3718));
#572=EDGE_LOOP('',(#3719,#3720,#3721,#3722));
#573=EDGE_LOOP('',(#3723,#3724,#3725,#3726,#3727));
#574=EDGE_LOOP('',(#3728,#3729,#3730,#3731));
#575=EDGE_LOOP('',(#3732,#3733,#3734,#3735));
#576=EDGE_LOOP('',(#3736,#3737,#3738,#3739,#3740,#3741,#3742,#3743));
#577=EDGE_LOOP('',(#3744,#3745,#3746,#3747));
#578=EDGE_LOOP('',(#3748,#3749,#3750,#3751));
#579=EDGE_LOOP('',(#3752,#3753,#3754,#3755));
#580=EDGE_LOOP('',(#3756,#3757,#3758,#3759));
#581=EDGE_LOOP('',(#3760,#3761,#3762,#3763));
#582=EDGE_LOOP('',(#3764,#3765,#3766,#3767,#3768));
#583=EDGE_LOOP('',(#3769,#3770,#3771,#3772));
#584=EDGE_LOOP('',(#3773,#3774,#3775,#3776));
#585=EDGE_LOOP('',(#3777,#3778,#3779,#3780));
#586=EDGE_LOOP('',(#3781,#3782,#3783,#3784));
#587=EDGE_LOOP('',(#3785,#3786,#3787,#3788,#3789,#3790));
#588=EDGE_LOOP('',(#3791,#3792,#3793,#3794));
#589=EDGE_LOOP('',(#3795,#3796,#3797,#3798));
#590=EDGE_LOOP('',(#3799,#3800,#3801,#3802));
#591=EDGE_LOOP('',(#3803,#3804,#3805,#3806));
#592=EDGE_LOOP('',(#3807,#3808,#3809,#3810,#3811,#3812));
#593=EDGE_LOOP('',(#3813,#3814,#3815,#3816));
#594=EDGE_LOOP('',(#3817,#3818,#3819,#3820,#3821,#3822,#3823));
#595=EDGE_LOOP('',(#3824,#3825,#3826,#3827));
#596=EDGE_LOOP('',(#3828,#3829,#3830,#3831));
#597=EDGE_LOOP('',(#3832,#3833,#3834,#3835));
#598=EDGE_LOOP('',(#3836,#3837,#3838,#3839));
#599=EDGE_LOOP('',(#3840,#3841,#3842,#3843));
#600=EDGE_LOOP('',(#3844,#3845,#3846,#3847,#3848,#3849));
#601=EDGE_LOOP('',(#3850,#3851,#3852,#3853));
#602=EDGE_LOOP('',(#3854,#3855,#3856,#3857));
#603=EDGE_LOOP('',(#3858,#3859,#3860,#3861));
#604=EDGE_LOOP('',(#3862,#3863,#3864,#3865));
#605=EDGE_LOOP('',(#3866,#3867,#3868,#3869));
#606=EDGE_LOOP('',(#3870,#3871,#3872,#3873));
#607=EDGE_LOOP('',(#3874,#3875,#3876,#3877,#3878,#3879,#3880));
#608=EDGE_LOOP('',(#3881,#3882,#3883,#3884));
#609=EDGE_LOOP('',(#3885,#3886,#3887,#3888));
#610=EDGE_LOOP('',(#3889,#3890,#3891,#3892));
#611=EDGE_LOOP('',(#3893,#3894,#3895,#3896));
#612=EDGE_LOOP('',(#3897,#3898,#3899,#3900));
#613=EDGE_LOOP('',(#3901,#3902,#3903,#3904));
#614=EDGE_LOOP('',(#3905,#3906,#3907,#3908,#3909));
#615=EDGE_LOOP('',(#3910,#3911,#3912,#3913));
#616=EDGE_LOOP('',(#3914,#3915,#3916,#3917,#3918));
#617=EDGE_LOOP('',(#3919,#3920,#3921,#3922));
#618=EDGE_LOOP('',(#3923,#3924,#3925,#3926,#3927));
#619=EDGE_LOOP('',(#3928,#3929,#3930,#3931));
#620=EDGE_LOOP('',(#3932,#3933,#3934,#3935));
#621=EDGE_LOOP('',(#3936,#3937,#3938,#3939));
#622=EDGE_LOOP('',(#3940,#3941,#3942,#3943));
#623=EDGE_LOOP('',(#3944,#3945,#3946,#3947));
#624=EDGE_LOOP('',(#3948,#3949,#3950,#3951));
#625=EDGE_LOOP('',(#3952,#3953,#3954,#3955));
#626=EDGE_LOOP('',(#3956,#3957,#3958,#3959));
#627=EDGE_LOOP('',(#3960,#3961,#3962,#3963));
#628=EDGE_LOOP('',(#3964,#3965,#3966,#3967));
#629=EDGE_LOOP('',(#3968,#3969,#3970,#3971,#3972,#3973,#3974,#3975,#3976,
#3977,#3978,#3979,#3980,#3981,#3982,#3983,#3984,#3985,#3986,#3987,#3988,
#3989,#3990,#3991,#3992,#3993,#3994,#3995,#3996,#3997,#3998,#3999,#4000,
#4001,#4002,#4003,#4004,#4005,#4006,#4007,#4008,#4009,#4010,#4011,#4012,
#4013,#4014,#4015,#4016,#4017,#4018,#4019));
#630=EDGE_LOOP('',(#4020,#4021,#4022,#4023,#4024,#4025,#4026,#4027));
#631=EDGE_LOOP('',(#4028,#4029,#4030,#4031,#4032,#4033,#4034,#4035));
#632=EDGE_LOOP('',(#4036,#4037,#4038,#4039,#4040,#4041));
#633=EDGE_LOOP('',(#4042,#4043,#4044,#4045,#4046,#4047));
#634=EDGE_LOOP('',(#4048,#4049,#4050,#4051));
#635=EDGE_LOOP('',(#4052,#4053,#4054,#4055));
#636=EDGE_LOOP('',(#4056,#4057,#4058,#4059,#4060,#4061));
#637=EDGE_LOOP('',(#4062,#4063,#4064,#4065));
#638=EDGE_LOOP('',(#4066,#4067,#4068,#4069));
#639=EDGE_LOOP('',(#4070,#4071,#4072,#4073,#4074,#4075));
#640=EDGE_LOOP('',(#4076,#4077,#4078,#4079));
#641=EDGE_LOOP('',(#4080,#4081,#4082,#4083,#4084,#4085,#4086,#4087));
#642=EDGE_LOOP('',(#4088,#4089,#4090,#4091));
#643=EDGE_LOOP('',(#4092,#4093,#4094,#4095));
#644=EDGE_LOOP('',(#4096,#4097,#4098,#4099));
#645=EDGE_LOOP('',(#4100,#4101,#4102,#4103));
#646=EDGE_LOOP('',(#4104,#4105,#4106,#4107));
#647=EDGE_LOOP('',(#4108,#4109,#4110,#4111));
#648=EDGE_LOOP('',(#4112,#4113,#4114,#4115));
#649=EDGE_LOOP('',(#4116,#4117,#4118,#4119));
#650=EDGE_LOOP('',(#4120,#4121,#4122,#4123));
#651=EDGE_LOOP('',(#4124,#4125,#4126,#4127));
#652=EDGE_LOOP('',(#4128,#4129,#4130,#4131));
#653=EDGE_LOOP('',(#4132,#4133,#4134,#4135));
#654=EDGE_LOOP('',(#4136,#4137,#4138,#4139,#4140,#4141,#4142,#4143));
#655=EDGE_LOOP('',(#4144,#4145,#4146,#4147,#4148,#4149,#4150,#4151));
#656=EDGE_LOOP('',(#4152,#4153,#4154,#4155,#4156,#4157,#4158));
#657=EDGE_LOOP('',(#4159,#4160,#4161,#4162,#4163,#4164,#4165));
#658=EDGE_LOOP('',(#4166,#4167,#4168,#4169,#4170,#4171));
#659=EDGE_LOOP('',(#4172,#4173,#4174,#4175,#4176,#4177));
#660=EDGE_LOOP('',(#4178,#4179,#4180,#4181,#4182,#4183,#4184));
#661=EDGE_LOOP('',(#4185,#4186,#4187,#4188,#4189,#4190,#4191,#4192));
#662=EDGE_LOOP('',(#4193,#4194,#4195,#4196,#4197));
#663=EDGE_LOOP('',(#4198,#4199,#4200,#4201,#4202,#4203));
#664=EDGE_LOOP('',(#4204,#4205,#4206,#4207,#4208,#4209,#4210,#4211,#4212,
#4213));
#665=EDGE_LOOP('',(#4214,#4215,#4216,#4217,#4218,#4219));
#666=EDGE_LOOP('',(#4220,#4221,#4222,#4223,#4224,#4225));
#667=EDGE_LOOP('',(#4226,#4227,#4228,#4229,#4230,#4231,#4232,#4233));
#668=EDGE_LOOP('',(#4234,#4235,#4236,#4237));
#669=EDGE_LOOP('',(#4238));
#670=EDGE_LOOP('',(#4239));
#671=EDGE_LOOP('',(#4240,#4241,#4242,#4243));
#672=EDGE_LOOP('',(#4244));
#673=EDGE_LOOP('',(#4245));
#674=EDGE_LOOP('',(#4246,#4247,#4248,#4249));
#675=EDGE_LOOP('',(#4250,#4251,#4252,#4253));
#676=EDGE_LOOP('',(#4254,#4255,#4256,#4257));
#677=EDGE_LOOP('',(#4258,#4259,#4260,#4261,#4262,#4263));
#678=EDGE_LOOP('',(#4264,#4265,#4266,#4267));
#679=EDGE_LOOP('',(#4268,#4269,#4270,#4271,#4272,#4273));
#680=EDGE_LOOP('',(#4274,#4275,#4276,#4277));
#681=EDGE_LOOP('',(#4278,#4279,#4280,#4281,#4282,#4283));
#682=EDGE_LOOP('',(#4284,#4285,#4286,#4287));
#683=EDGE_LOOP('',(#4288,#4289,#4290,#4291));
#684=EDGE_LOOP('',(#4292,#4293,#4294,#4295,#4296,#4297));
#685=EDGE_LOOP('',(#4298,#4299,#4300,#4301));
#686=EDGE_LOOP('',(#4302,#4303,#4304,#4305,#4306,#4307));
#687=EDGE_LOOP('',(#4308,#4309,#4310,#4311,#4312,#4313));
#688=EDGE_LOOP('',(#4314));
#689=EDGE_LOOP('',(#4315,#4316,#4317,#4318));
#690=EDGE_LOOP('',(#4319,#4320,#4321,#4322));
#691=EDGE_LOOP('',(#4323,#4324,#4325,#4326));
#692=EDGE_LOOP('',(#4327,#4328,#4329,#4330,#4331,#4332));
#693=EDGE_LOOP('',(#4333));
#694=EDGE_LOOP('',(#4334,#4335,#4336,#4337));
#695=EDGE_LOOP('',(#4338,#4339,#4340,#4341));
#696=EDGE_LOOP('',(#4342,#4343,#4344,#4345));
#697=EDGE_LOOP('',(#4346));
#698=EDGE_LOOP('',(#4347));
#699=EDGE_LOOP('',(#4348));
#700=EDGE_LOOP('',(#4349));
#701=EDGE_LOOP('',(#4350,#4351,#4352,#4353,#4354,#4355));
#702=EDGE_LOOP('',(#4356,#4357,#4358,#4359,#4360,#4361));
#703=EDGE_LOOP('',(#4362));
#704=EDGE_LOOP('',(#4363,#4364,#4365,#4366,#4367,#4368));
#705=EDGE_LOOP('',(#4369));
#706=EDGE_LOOP('',(#4370,#4371,#4372,#4373));
#707=EDGE_LOOP('',(#4374,#4375,#4376,#4377));
#708=EDGE_LOOP('',(#4378,#4379,#4380,#4381));
#709=EDGE_LOOP('',(#4382,#4383,#4384,#4385));
#710=EDGE_LOOP('',(#4386,#4387,#4388,#4389));
#711=EDGE_LOOP('',(#4390,#4391,#4392,#4393));
#712=EDGE_LOOP('',(#4394,#4395,#4396,#4397));
#713=EDGE_LOOP('',(#4398,#4399,#4400,#4401));
#714=EDGE_LOOP('',(#4402,#4403,#4404,#4405));
#715=EDGE_LOOP('',(#4406,#4407,#4408,#4409));
#716=EDGE_LOOP('',(#4410,#4411,#4412,#4413));
#717=EDGE_LOOP('',(#4414,#4415,#4416,#4417));
#718=EDGE_LOOP('',(#4418,#4419,#4420,#4421));
#719=EDGE_LOOP('',(#4422,#4423,#4424,#4425));
#720=EDGE_LOOP('',(#4426,#4427,#4428,#4429));
#721=EDGE_LOOP('',(#4430,#4431,#4432,#4433));
#722=EDGE_LOOP('',(#4434,#4435,#4436,#4437));
#723=EDGE_LOOP('',(#4438,#4439,#4440,#4441));
#724=EDGE_LOOP('',(#4442,#4443,#4444,#4445));
#725=EDGE_LOOP('',(#4446,#4447,#4448,#4449));
#726=EDGE_LOOP('',(#4450,#4451,#4452,#4453));
#727=EDGE_LOOP('',(#4454,#4455,#4456,#4457));
#728=EDGE_LOOP('',(#4458,#4459,#4460,#4461));
#729=EDGE_LOOP('',(#4462,#4463,#4464,#4465));
#730=EDGE_LOOP('',(#4466,#4467,#4468,#4469));
#731=EDGE_LOOP('',(#4470,#4471,#4472,#4473));
#732=EDGE_LOOP('',(#4474,#4475,#4476,#4477));
#733=EDGE_LOOP('',(#4478,#4479,#4480,#4481));
#734=EDGE_LOOP('',(#4482,#4483,#4484,#4485));
#735=EDGE_LOOP('',(#4486,#4487,#4488,#4489,#4490,#4491,#4492,#4493,#4494,
#4495,#4496,#4497,#4498,#4499,#4500,#4501,#4502,#4503,#4504,#4505));
#736=EDGE_LOOP('',(#4506,#4507,#4508,#4509,#4510,#4511));
#737=EDGE_LOOP('',(#4512,#4513,#4514,#4515));
#738=EDGE_LOOP('',(#4516,#4517,#4518,#4519));
#739=EDGE_LOOP('',(#4520,#4521,#4522,#4523));
#740=EDGE_LOOP('',(#4524,#4525,#4526,#4527));
#741=EDGE_LOOP('',(#4528,#4529,#4530,#4531));
#742=EDGE_LOOP('',(#4532,#4533,#4534,#4535));
#743=EDGE_LOOP('',(#4536,#4537,#4538,#4539));
#744=EDGE_LOOP('',(#4540,#4541,#4542,#4543));
#745=EDGE_LOOP('',(#4544,#4545,#4546,#4547));
#746=EDGE_LOOP('',(#4548,#4549,#4550,#4551));
#747=EDGE_LOOP('',(#4552,#4553,#4554,#4555));
#748=EDGE_LOOP('',(#4556,#4557,#4558,#4559));
#749=EDGE_LOOP('',(#4560,#4561,#4562,#4563));
#750=LINE('',#6606,#1318);
#751=LINE('',#6609,#1319);
#752=LINE('',#6612,#1320);
#753=LINE('',#6616,#1321);
#754=LINE('',#6618,#1322);
#755=LINE('',#6619,#1323);
#756=LINE('',#6630,#1324);
#757=LINE('',#6632,#1325);
#758=LINE('',#6634,#1326);
#759=LINE('',#6636,#1327);
#760=LINE('',#6638,#1328);
#761=LINE('',#6640,#1329);
#762=LINE('',#6642,#1330);
#763=LINE('',#6644,#1331);
#764=LINE('',#6646,#1332);
#765=LINE('',#6648,#1333);
#766=LINE('',#6650,#1334);
#767=LINE('',#6652,#1335);
#768=LINE('',#6654,#1336);
#769=LINE('',#6656,#1337);
#770=LINE('',#6658,#1338);
#771=LINE('',#6660,#1339);
#772=LINE('',#6662,#1340);
#773=LINE('',#6664,#1341);
#774=LINE('',#6666,#1342);
#775=LINE('',#6667,#1343);
#776=LINE('',#6671,#1344);
#777=LINE('',#6674,#1345);
#778=LINE('',#6678,#1346);
#779=LINE('',#6679,#1347);
#780=LINE('',#6682,#1348);
#781=LINE('',#6684,#1349);
#782=LINE('',#6685,#1350);
#783=LINE('',#6688,#1351);
#784=LINE('',#6690,#1352);
#785=LINE('',#6691,#1353);
#786=LINE('',#6694,#1354);
#787=LINE('',#6696,#1355);
#788=LINE('',#6697,#1356);
#789=LINE('',#6702,#1357);
#790=LINE('',#6705,#1358);
#791=LINE('',#6707,#1359);
#792=LINE('',#6708,#1360);
#793=LINE('',#6711,#1361);
#794=LINE('',#6715,#1362);
#795=LINE('',#6719,#1363);
#796=LINE('',#6720,#1364);
#797=LINE('',#6725,#1365);
#798=LINE('',#6728,#1366);
#799=LINE('',#6732,#1367);
#800=LINE('',#6734,#1368);
#801=LINE('',#6736,#1369);
#802=LINE('',#6740,#1370);
#803=LINE('',#6744,#1371);
#804=LINE('',#6746,#1372);
#805=LINE('',#6748,#1373);
#806=LINE('',#6752,#1374);
#807=LINE('',#6756,#1375);
#808=LINE('',#6758,#1376);
#809=LINE('',#6760,#1377);
#810=LINE('',#6762,#1378);
#811=LINE('',#6764,#1379);
#812=LINE('',#6768,#1380);
#813=LINE('',#6772,#1381);
#814=LINE('',#6774,#1382);
#815=LINE('',#6776,#1383);
#816=LINE('',#6780,#1384);
#817=LINE('',#6784,#1385);
#818=LINE('',#6786,#1386);
#819=LINE('',#6788,#1387);
#820=LINE('',#6791,#1388);
#821=LINE('',#6793,#1389);
#822=LINE('',#6797,#1390);
#823=LINE('',#6803,#1391);
#824=LINE('',#6807,#1392);
#825=LINE('',#6811,#1393);
#826=LINE('',#6814,#1394);
#827=LINE('',#6819,#1395);
#828=LINE('',#6823,#1396);
#829=LINE('',#6827,#1397);
#830=LINE('',#6830,#1398);
#831=LINE('',#6835,#1399);
#832=LINE('',#6839,#1400);
#833=LINE('',#6843,#1401);
#834=LINE('',#6846,#1402);
#835=LINE('',#6851,#1403);
#836=LINE('',#6855,#1404);
#837=LINE('',#6859,#1405);
#838=LINE('',#6862,#1406);
#839=LINE('',#6865,#1407);
#840=LINE('',#6866,#1408);
#841=LINE('',#6869,#1409);
#842=LINE('',#6871,#1410);
#843=LINE('',#6875,#1411);
#844=LINE('',#6877,#1412);
#845=LINE('',#6879,#1413);
#846=LINE('',#6881,#1414);
#847=LINE('',#6883,#1415);
#848=LINE('',#6885,#1416);
#849=LINE('',#6887,#1417);
#850=LINE('',#6889,#1418);
#851=LINE('',#6891,#1419);
#852=LINE('',#6893,#1420);
#853=LINE('',#6895,#1421);
#854=LINE('',#6897,#1422);
#855=LINE('',#6898,#1423);
#856=LINE('',#6900,#1424);
#857=LINE('',#6902,#1425);
#858=LINE('',#6904,#1426);
#859=LINE('',#6906,#1427);
#860=LINE('',#6908,#1428);
#861=LINE('',#6910,#1429);
#862=LINE('',#6911,#1430);
#863=LINE('',#6913,#1431);
#864=LINE('',#6915,#1432);
#865=LINE('',#6916,#1433);
#866=LINE('',#6917,#1434);
#867=LINE('',#6919,#1435);
#868=LINE('',#6921,#1436);
#869=LINE('',#6923,#1437);
#870=LINE('',#6924,#1438);
#871=LINE('',#6926,#1439);
#872=LINE('',#6928,#1440);
#873=LINE('',#6930,#1441);
#874=LINE('',#6932,#1442);
#875=LINE('',#6934,#1443);
#876=LINE('',#6936,#1444);
#877=LINE('',#6937,#1445);
#878=LINE('',#6939,#1446);
#879=LINE('',#6941,#1447);
#880=LINE('',#6943,#1448);
#881=LINE('',#6945,#1449);
#882=LINE('',#6947,#1450);
#883=LINE('',#6949,#1451);
#884=LINE('',#6951,#1452);
#885=LINE('',#6953,#1453);
#886=LINE('',#6955,#1454);
#887=LINE('',#6957,#1455);
#888=LINE('',#6959,#1456);
#889=LINE('',#6961,#1457);
#890=LINE('',#6962,#1458);
#891=LINE('',#6967,#1459);
#892=LINE('',#6968,#1460);
#893=LINE('',#6971,#1461);
#894=LINE('',#6972,#1462);
#895=LINE('',#6977,#1463);
#896=LINE('',#6978,#1464);
#897=LINE('',#6981,#1465);
#898=LINE('',#6982,#1466);
#899=LINE('',#6987,#1467);
#900=LINE('',#6988,#1468);
#901=LINE('',#6991,#1469);
#902=LINE('',#6993,#1470);
#903=LINE('',#6994,#1471);
#904=LINE('',#6999,#1472);
#905=LINE('',#7000,#1473);
#906=LINE('',#7003,#1474);
#907=LINE('',#7005,#1475);
#908=LINE('',#7007,#1476);
#909=LINE('',#7008,#1477);
#910=LINE('',#7013,#1478);
#911=LINE('',#7014,#1479);
#912=LINE('',#7016,#1480);
#913=LINE('',#7020,#1481);
#914=LINE('',#7023,#1482);
#915=LINE('',#7025,#1483);
#916=LINE('',#7026,#1484);
#917=LINE('',#7031,#1485);
#918=LINE('',#7032,#1486);
#919=LINE('',#7034,#1487);
#920=LINE('',#7039,#1488);
#921=LINE('',#7040,#1489);
#922=LINE('',#7043,#1490);
#923=LINE('',#7044,#1491);
#924=LINE('',#7049,#1492);
#925=LINE('',#7050,#1493);
#926=LINE('',#7053,#1494);
#927=LINE('',#7055,#1495);
#928=LINE('',#7056,#1496);
#929=LINE('',#7059,#1497);
#930=LINE('',#7063,#1498);
#931=LINE('',#7064,#1499);
#932=LINE('',#7069,#1500);
#933=LINE('',#7070,#1501);
#934=LINE('',#7072,#1502);
#935=LINE('',#7077,#1503);
#936=LINE('',#7078,#1504);
#937=LINE('',#7080,#1505);
#938=LINE('',#7082,#1506);
#939=LINE('',#7083,#1507);
#940=LINE('',#7086,#1508);
#941=LINE('',#7087,#1509);
#942=LINE('',#7092,#1510);
#943=LINE('',#7093,#1511);
#944=LINE('',#7096,#1512);
#945=LINE('',#7097,#1513);
#946=LINE('',#7102,#1514);
#947=LINE('',#7103,#1515);
#948=LINE('',#7106,#1516);
#949=LINE('',#7108,#1517);
#950=LINE('',#7110,#1518);
#951=LINE('',#7111,#1519);
#952=LINE('',#7114,#1520);
#953=LINE('',#7116,#1521);
#954=LINE('',#7117,#1522);
#955=LINE('',#7122,#1523);
#956=LINE('',#7123,#1524);
#957=LINE('',#7125,#1525);
#958=LINE('',#7129,#1526);
#959=LINE('',#7131,#1527);
#960=LINE('',#7135,#1528);
#961=LINE('',#7138,#1529);
#962=LINE('',#7140,#1530);
#963=LINE('',#7142,#1531);
#964=LINE('',#7143,#1532);
#965=LINE('',#7147,#1533);
#966=LINE('',#7149,#1534);
#967=LINE('',#7151,#1535);
#968=LINE('',#7155,#1536);
#969=LINE('',#7157,#1537);
#970=LINE('',#7159,#1538);
#971=LINE('',#7161,#1539);
#972=LINE('',#7162,#1540);
#973=LINE('',#7165,#1541);
#974=LINE('',#7170,#1542);
#975=LINE('',#7171,#1543);
#976=LINE('',#7174,#1544);
#977=LINE('',#7175,#1545);
#978=LINE('',#7178,#1546);
#979=LINE('',#7179,#1547);
#980=LINE('',#7183,#1548);
#981=LINE('',#7188,#1549);
#982=LINE('',#7189,#1550);
#983=LINE('',#7192,#1551);
#984=LINE('',#7193,#1552);
#985=LINE('',#7196,#1553);
#986=LINE('',#7197,#1554);
#987=LINE('',#7200,#1555);
#988=LINE('',#7202,#1556);
#989=LINE('',#7204,#1557);
#990=LINE('',#7205,#1558);
#991=LINE('',#7211,#1559);
#992=LINE('',#7212,#1560);
#993=LINE('',#7215,#1561);
#994=LINE('',#7217,#1562);
#995=LINE('',#7218,#1563);
#996=LINE('',#7220,#1564);
#997=LINE('',#7228,#1565);
#998=LINE('',#7231,#1566);
#999=LINE('',#7234,#1567);
#1000=LINE('',#7236,#1568);
#1001=LINE('',#7238,#1569);
#1002=LINE('',#7239,#1570);
#1003=LINE('',#7245,#1571);
#1004=LINE('',#7248,#1572);
#1005=LINE('',#7250,#1573);
#1006=LINE('',#7251,#1574);
#1007=LINE('',#7257,#1575);
#1008=LINE('',#7260,#1576);
#1009=LINE('',#7263,#1577);
#1010=LINE('',#7265,#1578);
#1011=LINE('',#7266,#1579);
#1012=LINE('',#7269,#1580);
#1013=LINE('',#7273,#1581);
#1014=LINE('',#7277,#1582);
#1015=LINE('',#7284,#1583);
#1016=LINE('',#7287,#1584);
#1017=LINE('',#7289,#1585);
#1018=LINE('',#7290,#1586);
#1019=LINE('',#7293,#1587);
#1020=LINE('',#7296,#1588);
#1021=LINE('',#7302,#1589);
#1022=LINE('',#7305,#1590);
#1023=LINE('',#7307,#1591);
#1024=LINE('',#7308,#1592);
#1025=LINE('',#7314,#1593);
#1026=LINE('',#7317,#1594);
#1027=LINE('',#7320,#1595);
#1028=LINE('',#7322,#1596);
#1029=LINE('',#7324,#1597);
#1030=LINE('',#7325,#1598);
#1031=LINE('',#7331,#1599);
#1032=LINE('',#7334,#1600);
#1033=LINE('',#7337,#1601);
#1034=LINE('',#7339,#1602);
#1035=LINE('',#7340,#1603);
#1036=LINE('',#7343,#1604);
#1037=LINE('',#7347,#1605);
#1038=LINE('',#7351,#1606);
#1039=LINE('',#7355,#1607);
#1040=LINE('',#7358,#1608);
#1041=LINE('',#7361,#1609);
#1042=LINE('',#7362,#1610);
#1043=LINE('',#7368,#1611);
#1044=LINE('',#7371,#1612);
#1045=LINE('',#7373,#1613);
#1046=LINE('',#7374,#1614);
#1047=LINE('',#7380,#1615);
#1048=LINE('',#7383,#1616);
#1049=LINE('',#7386,#1617);
#1050=LINE('',#7388,#1618);
#1051=LINE('',#7390,#1619);
#1052=LINE('',#7391,#1620);
#1053=LINE('',#7394,#1621);
#1054=LINE('',#7397,#1622);
#1055=LINE('',#7400,#1623);
#1056=LINE('',#7401,#1624);
#1057=LINE('',#7407,#1625);
#1058=LINE('',#7410,#1626);
#1059=LINE('',#7413,#1627);
#1060=LINE('',#7415,#1628);
#1061=LINE('',#7416,#1629);
#1062=LINE('',#7418,#1630);
#1063=LINE('',#7420,#1631);
#1064=LINE('',#7425,#1632);
#1065=LINE('',#7428,#1633);
#1066=LINE('',#7435,#1634);
#1067=LINE('',#7438,#1635);
#1068=LINE('',#7441,#1636);
#1069=LINE('',#7443,#1637);
#1070=LINE('',#7444,#1638);
#1071=LINE('',#7447,#1639);
#1072=LINE('',#7449,#1640);
#1073=LINE('',#7451,#1641);
#1074=LINE('',#7458,#1642);
#1075=LINE('',#7461,#1643);
#1076=LINE('',#7463,#1644);
#1077=LINE('',#7465,#1645);
#1078=LINE('',#7467,#1646);
#1079=LINE('',#7469,#1647);
#1080=LINE('',#7470,#1648);
#1081=LINE('',#7472,#1649);
#1082=LINE('',#7476,#1650);
#1083=LINE('',#7479,#1651);
#1084=LINE('',#7486,#1652);
#1085=LINE('',#7489,#1653);
#1086=LINE('',#7492,#1654);
#1087=LINE('',#7494,#1655);
#1088=LINE('',#7495,#1656);
#1089=LINE('',#7498,#1657);
#1090=LINE('',#7500,#1658);
#1091=LINE('',#7502,#1659);
#1092=LINE('',#7506,#1660);
#1093=LINE('',#7510,#1661);
#1094=LINE('',#7514,#1662);
#1095=LINE('',#7517,#1663);
#1096=LINE('',#7519,#1664);
#1097=LINE('',#7522,#1665);
#1098=LINE('',#7529,#1666);
#1099=LINE('',#7532,#1667);
#1100=LINE('',#7535,#1668);
#1101=LINE('',#7537,#1669);
#1102=LINE('',#7539,#1670);
#1103=LINE('',#7540,#1671);
#1104=LINE('',#7541,#1672);
#1105=LINE('',#7544,#1673);
#1106=LINE('',#7545,#1674);
#1107=LINE('',#7547,#1675);
#1108=LINE('',#7549,#1676);
#1109=LINE('',#7551,#1677);
#1110=LINE('',#7553,#1678);
#1111=LINE('',#7554,#1679);
#1112=LINE('',#7557,#1680);
#1113=LINE('',#7559,#1681);
#1114=LINE('',#7560,#1682);
#1115=LINE('',#7563,#1683);
#1116=LINE('',#7564,#1684);
#1117=LINE('',#7565,#1685);
#1118=LINE('',#7568,#1686);
#1119=LINE('',#7570,#1687);
#1120=LINE('',#7571,#1688);
#1121=LINE('',#7574,#1689);
#1122=LINE('',#7575,#1690);
#1123=LINE('',#7576,#1691);
#1124=LINE('',#7579,#1692);
#1125=LINE('',#7581,#1693);
#1126=LINE('',#7582,#1694);
#1127=LINE('',#7585,#1695);
#1128=LINE('',#7586,#1696);
#1129=LINE('',#7587,#1697);
#1130=LINE('',#7589,#1698);
#1131=LINE('',#7591,#1699);
#1132=LINE('',#7593,#1700);
#1133=LINE('',#7596,#1701);
#1134=LINE('',#7597,#1702);
#1135=LINE('',#7600,#1703);
#1136=LINE('',#7601,#1704);
#1137=LINE('',#7604,#1705);
#1138=LINE('',#7605,#1706);
#1139=LINE('',#7608,#1707);
#1140=LINE('',#7609,#1708);
#1141=LINE('',#7612,#1709);
#1142=LINE('',#7613,#1710);
#1143=LINE('',#7615,#1711);
#1144=LINE('',#7617,#1712);
#1145=LINE('',#7619,#1713);
#1146=LINE('',#7620,#1714);
#1147=LINE('',#7621,#1715);
#1148=LINE('',#7624,#1716);
#1149=LINE('',#7625,#1717);
#1150=LINE('',#7628,#1718);
#1151=LINE('',#7629,#1719);
#1152=LINE('',#7632,#1720);
#1153=LINE('',#7635,#1721);
#1154=LINE('',#7637,#1722);
#1155=LINE('',#7638,#1723);
#1156=LINE('',#7642,#1724);
#1157=LINE('',#7646,#1725);
#1158=LINE('',#7648,#1726);
#1159=LINE('',#7650,#1727);
#1160=LINE('',#7652,#1728);
#1161=LINE('',#7653,#1729);
#1162=LINE('',#7656,#1730);
#1163=LINE('',#7658,#1731);
#1164=LINE('',#7659,#1732);
#1165=LINE('',#7661,#1733);
#1166=LINE('',#7662,#1734);
#1167=LINE('',#7664,#1735);
#1168=LINE('',#7665,#1736);
#1169=LINE('',#7668,#1737);
#1170=LINE('',#7670,#1738);
#1171=LINE('',#7671,#1739);
#1172=LINE('',#7673,#1740);
#1173=LINE('',#7675,#1741);
#1174=LINE('',#7677,#1742);
#1175=LINE('',#7680,#1743);
#1176=LINE('',#7682,#1744);
#1177=LINE('',#7683,#1745);
#1178=LINE('',#7685,#1746);
#1179=LINE('',#7687,#1747);
#1180=LINE('',#7688,#1748);
#1181=LINE('',#7690,#1749);
#1182=LINE('',#7691,#1750);
#1183=LINE('',#7693,#1751);
#1184=LINE('',#7694,#1752);
#1185=LINE('',#7697,#1753);
#1186=LINE('',#7699,#1754);
#1187=LINE('',#7700,#1755);
#1188=LINE('',#7703,#1756);
#1189=LINE('',#7705,#1757);
#1190=LINE('',#7706,#1758);
#1191=LINE('',#7709,#1759);
#1192=LINE('',#7717,#1760);
#1193=LINE('',#7723,#1761);
#1194=LINE('',#7730,#1762);
#1195=LINE('',#7737,#1763);
#1196=LINE('',#7741,#1764);
#1197=LINE('',#7745,#1765);
#1198=LINE('',#7747,#1766);
#1199=LINE('',#7748,#1767);
#1200=LINE('',#7751,#1768);
#1201=LINE('',#7753,#1769);
#1202=LINE('',#7755,#1770);
#1203=LINE('',#7757,#1771);
#1204=LINE('',#7759,#1772);
#1205=LINE('',#7760,#1773);
#1206=LINE('',#7763,#1774);
#1207=LINE('',#7765,#1775);
#1208=LINE('',#7766,#1776);
#1209=LINE('',#7769,#1777);
#1210=LINE('',#7771,#1778);
#1211=LINE('',#7773,#1779);
#1212=LINE('',#7775,#1780);
#1213=LINE('',#7777,#1781);
#1214=LINE('',#7778,#1782);
#1215=LINE('',#7781,#1783);
#1216=LINE('',#7783,#1784);
#1217=LINE('',#7784,#1785);
#1218=LINE('',#7787,#1786);
#1219=LINE('',#7789,#1787);
#1220=LINE('',#7791,#1788);
#1221=LINE('',#7793,#1789);
#1222=LINE('',#7795,#1790);
#1223=LINE('',#7796,#1791);
#1224=LINE('',#7799,#1792);
#1225=LINE('',#7801,#1793);
#1226=LINE('',#7802,#1794);
#1227=LINE('',#7805,#1795);
#1228=LINE('',#7806,#1796);
#1229=LINE('',#7809,#1797);
#1230=LINE('',#7811,#1798);
#1231=LINE('',#7813,#1799);
#1232=LINE('',#7815,#1800);
#1233=LINE('',#7817,#1801);
#1234=LINE('',#7818,#1802);
#1235=LINE('',#7821,#1803);
#1236=LINE('',#7823,#1804);
#1237=LINE('',#7824,#1805);
#1238=LINE('',#7827,#1806);
#1239=LINE('',#7829,#1807);
#1240=LINE('',#7831,#1808);
#1241=LINE('',#7833,#1809);
#1242=LINE('',#7835,#1810);
#1243=LINE('',#7836,#1811);
#1244=LINE('',#7840,#1812);
#1245=LINE('',#7842,#1813);
#1246=LINE('',#7844,#1814);
#1247=LINE('',#7846,#1815);
#1248=LINE('',#7848,#1816);
#1249=LINE('',#7849,#1817);
#1250=LINE('',#7851,#1818);
#1251=LINE('',#7852,#1819);
#1252=LINE('',#7854,#1820);
#1253=LINE('',#7856,#1821);
#1254=LINE('',#7860,#1822);
#1255=LINE('',#7862,#1823);
#1256=LINE('',#7864,#1824);
#1257=LINE('',#7866,#1825);
#1258=LINE('',#7868,#1826);
#1259=LINE('',#7869,#1827);
#1260=LINE('',#7871,#1828);
#1261=LINE('',#7872,#1829);
#1262=LINE('',#7874,#1830);
#1263=LINE('',#7876,#1831);
#1264=LINE('',#7890,#1832);
#1265=LINE('',#7892,#1833);
#1266=LINE('',#7894,#1834);
#1267=LINE('',#7896,#1835);
#1268=LINE('',#7898,#1836);
#1269=LINE('',#7899,#1837);
#1270=LINE('',#7903,#1838);
#1271=LINE('',#7905,#1839);
#1272=LINE('',#7907,#1840);
#1273=LINE('',#7909,#1841);
#1274=LINE('',#7911,#1842);
#1275=LINE('',#7912,#1843);
#1276=LINE('',#7918,#1844);
#1277=LINE('',#7920,#1845);
#1278=LINE('',#7922,#1846);
#1279=LINE('',#7924,#1847);
#1280=LINE('',#7926,#1848);
#1281=LINE('',#7927,#1849);
#1282=LINE('',#7931,#1850);
#1283=LINE('',#7933,#1851);
#1284=LINE('',#7934,#1852);
#1285=LINE('',#7936,#1853);
#1286=LINE('',#7938,#1854);
#1287=LINE('',#7940,#1855);
#1288=LINE('',#7942,#1856);
#1289=LINE('',#7945,#1857);
#1290=LINE('',#7946,#1858);
#1291=LINE('',#7950,#1859);
#1292=LINE('',#7951,#1860);
#1293=LINE('',#7953,#1861);
#1294=LINE('',#7955,#1862);
#1295=LINE('',#7957,#1863);
#1296=LINE('',#7959,#1864);
#1297=LINE('',#7962,#1865);
#1298=LINE('',#7964,#1866);
#1299=LINE('',#7967,#1867);
#1300=LINE('',#7969,#1868);
#1301=LINE('',#7971,#1869);
#1302=LINE('',#7973,#1870);
#1303=LINE('',#7975,#1871);
#1304=LINE('',#7978,#1872);
#1305=LINE('',#7980,#1873);
#1306=LINE('',#7983,#1874);
#1307=LINE('',#7986,#1875);
#1308=LINE('',#7988,#1876);
#1309=LINE('',#7989,#1877);
#1310=LINE('',#7991,#1878);
#1311=LINE('',#7993,#1879);
#1312=LINE('',#7995,#1880);
#1313=LINE('',#7997,#1881);
#1314=LINE('',#8002,#1882);
#1315=LINE('',#8004,#1883);
#1316=LINE('',#8007,#1884);
#1317=LINE('',#8009,#1885);
#1318=VECTOR('',#5278,10.);
#1319=VECTOR('',#5281,10.);
#1320=VECTOR('',#5284,10.);
#1321=VECTOR('',#5287,10.);
#1322=VECTOR('',#5288,10.);
#1323=VECTOR('',#5289,10.);
#1324=VECTOR('',#5300,10.);
#1325=VECTOR('',#5301,10.);
#1326=VECTOR('',#5302,10.);
#1327=VECTOR('',#5303,10.);
#1328=VECTOR('',#5304,10.);
#1329=VECTOR('',#5305,10.);
#1330=VECTOR('',#5306,10.);
#1331=VECTOR('',#5307,10.);
#1332=VECTOR('',#5308,10.);
#1333=VECTOR('',#5309,10.);
#1334=VECTOR('',#5310,10.);
#1335=VECTOR('',#5311,10.);
#1336=VECTOR('',#5312,10.);
#1337=VECTOR('',#5313,10.);
#1338=VECTOR('',#5314,10.);
#1339=VECTOR('',#5315,10.);
#1340=VECTOR('',#5316,10.);
#1341=VECTOR('',#5317,10.);
#1342=VECTOR('',#5318,10.);
#1343=VECTOR('',#5319,10.);
#1344=VECTOR('',#5324,10.);
#1345=VECTOR('',#5327,10.);
#1346=VECTOR('',#5330,10.);
#1347=VECTOR('',#5331,10.);
#1348=VECTOR('',#5334,10.);
#1349=VECTOR('',#5335,10.);
#1350=VECTOR('',#5336,10.);
#1351=VECTOR('',#5339,10.);
#1352=VECTOR('',#5340,10.);
#1353=VECTOR('',#5341,10.);
#1354=VECTOR('',#5344,10.);
#1355=VECTOR('',#5345,10.);
#1356=VECTOR('',#5346,10.);
#1357=VECTOR('',#5351,10.);
#1358=VECTOR('',#5354,10.);
#1359=VECTOR('',#5355,10.);
#1360=VECTOR('',#5356,10.);
#1361=VECTOR('',#5359,10.);
#1362=VECTOR('',#5362,10.);
#1363=VECTOR('',#5367,10.);
#1364=VECTOR('',#5368,10.);
#1365=VECTOR('',#5373,10.);
#1366=VECTOR('',#5376,10.);
#1367=VECTOR('',#5379,10.);
#1368=VECTOR('',#5380,10.);
#1369=VECTOR('',#5381,10.);
#1370=VECTOR('',#5384,10.);
#1371=VECTOR('',#5387,10.);
#1372=VECTOR('',#5388,10.);
#1373=VECTOR('',#5389,10.);
#1374=VECTOR('',#5392,10.);
#1375=VECTOR('',#5395,10.);
#1376=VECTOR('',#5396,10.);
#1377=VECTOR('',#5397,10.);
#1378=VECTOR('',#5398,10.);
#1379=VECTOR('',#5399,10.);
#1380=VECTOR('',#5402,10.);
#1381=VECTOR('',#5405,10.);
#1382=VECTOR('',#5406,10.);
#1383=VECTOR('',#5407,10.);
#1384=VECTOR('',#5410,10.);
#1385=VECTOR('',#5413,10.);
#1386=VECTOR('',#5414,10.);
#1387=VECTOR('',#5415,10.);
#1388=VECTOR('',#5418,10.);
#1389=VECTOR('',#5419,10.);
#1390=VECTOR('',#5422,10.);
#1391=VECTOR('',#5427,10.);
#1392=VECTOR('',#5430,10.);
#1393=VECTOR('',#5433,10.);
#1394=VECTOR('',#5436,10.);
#1395=VECTOR('',#5439,10.);
#1396=VECTOR('',#5442,10.);
#1397=VECTOR('',#5445,10.);
#1398=VECTOR('',#5448,10.);
#1399=VECTOR('',#5451,10.);
#1400=VECTOR('',#5454,10.);
#1401=VECTOR('',#5457,10.);
#1402=VECTOR('',#5460,10.);
#1403=VECTOR('',#5463,10.);
#1404=VECTOR('',#5466,10.);
#1405=VECTOR('',#5469,10.);
#1406=VECTOR('',#5472,10.);
#1407=VECTOR('',#5475,10.);
#1408=VECTOR('',#5476,10.);
#1409=VECTOR('',#5479,10.);
#1410=VECTOR('',#5480,10.);
#1411=VECTOR('',#5485,10.);
#1412=VECTOR('',#5486,10.);
#1413=VECTOR('',#5487,10.);
#1414=VECTOR('',#5488,10.);
#1415=VECTOR('',#5489,10.);
#1416=VECTOR('',#5490,10.);
#1417=VECTOR('',#5491,10.);
#1418=VECTOR('',#5492,10.);
#1419=VECTOR('',#5493,10.);
#1420=VECTOR('',#5494,10.);
#1421=VECTOR('',#5495,10.);
#1422=VECTOR('',#5496,10.);
#1423=VECTOR('',#5497,10.);
#1424=VECTOR('',#5498,10.);
#1425=VECTOR('',#5499,10.);
#1426=VECTOR('',#5500,10.);
#1427=VECTOR('',#5501,10.);
#1428=VECTOR('',#5502,10.);
#1429=VECTOR('',#5503,10.);
#1430=VECTOR('',#5504,10.);
#1431=VECTOR('',#5505,10.);
#1432=VECTOR('',#5506,10.);
#1433=VECTOR('',#5507,10.);
#1434=VECTOR('',#5508,10.);
#1435=VECTOR('',#5511,10.);
#1436=VECTOR('',#5512,10.);
#1437=VECTOR('',#5513,10.);
#1438=VECTOR('',#5514,10.);
#1439=VECTOR('',#5515,10.);
#1440=VECTOR('',#5516,10.);
#1441=VECTOR('',#5517,10.);
#1442=VECTOR('',#5518,10.);
#1443=VECTOR('',#5519,10.);
#1444=VECTOR('',#5520,10.);
#1445=VECTOR('',#5521,10.);
#1446=VECTOR('',#5522,10.);
#1447=VECTOR('',#5523,10.);
#1448=VECTOR('',#5524,10.);
#1449=VECTOR('',#5525,10.);
#1450=VECTOR('',#5526,10.);
#1451=VECTOR('',#5527,10.);
#1452=VECTOR('',#5528,10.);
#1453=VECTOR('',#5529,10.);
#1454=VECTOR('',#5530,10.);
#1455=VECTOR('',#5531,10.);
#1456=VECTOR('',#5532,10.);
#1457=VECTOR('',#5533,10.);
#1458=VECTOR('',#5534,10.);
#1459=VECTOR('',#5539,10.);
#1460=VECTOR('',#5540,10.);
#1461=VECTOR('',#5543,10.);
#1462=VECTOR('',#5544,10.);
#1463=VECTOR('',#5549,10.);
#1464=VECTOR('',#5550,10.);
#1465=VECTOR('',#5553,10.);
#1466=VECTOR('',#5554,10.);
#1467=VECTOR('',#5559,10.);
#1468=VECTOR('',#5560,10.);
#1469=VECTOR('',#5563,10.);
#1470=VECTOR('',#5564,10.);
#1471=VECTOR('',#5565,10.);
#1472=VECTOR('',#5570,10.);
#1473=VECTOR('',#5571,10.);
#1474=VECTOR('',#5574,10.);
#1475=VECTOR('',#5575,10.);
#1476=VECTOR('',#5576,10.);
#1477=VECTOR('',#5577,10.);
#1478=VECTOR('',#5582,10.);
#1479=VECTOR('',#5583,10.);
#1480=VECTOR('',#5586,10.);
#1481=VECTOR('',#5591,10.);
#1482=VECTOR('',#5594,10.);
#1483=VECTOR('',#5595,10.);
#1484=VECTOR('',#5596,10.);
#1485=VECTOR('',#5601,10.);
#1486=VECTOR('',#5602,10.);
#1487=VECTOR('',#5605,10.);
#1488=VECTOR('',#5610,10.);
#1489=VECTOR('',#5611,10.);
#1490=VECTOR('',#5614,10.);
#1491=VECTOR('',#5615,10.);
#1492=VECTOR('',#5620,10.);
#1493=VECTOR('',#5621,10.);
#1494=VECTOR('',#5624,10.);
#1495=VECTOR('',#5625,10.);
#1496=VECTOR('',#5626,10.);
#1497=VECTOR('',#5629,10.);
#1498=VECTOR('',#5632,10.);
#1499=VECTOR('',#5633,10.);
#1500=VECTOR('',#5638,10.);
#1501=VECTOR('',#5639,10.);
#1502=VECTOR('',#5642,10.);
#1503=VECTOR('',#5647,10.);
#1504=VECTOR('',#5648,10.);
#1505=VECTOR('',#5651,10.);
#1506=VECTOR('',#5654,10.);
#1507=VECTOR('',#5655,10.);
#1508=VECTOR('',#5658,10.);
#1509=VECTOR('',#5659,10.);
#1510=VECTOR('',#5664,10.);
#1511=VECTOR('',#5665,10.);
#1512=VECTOR('',#5668,10.);
#1513=VECTOR('',#5669,10.);
#1514=VECTOR('',#5674,10.);
#1515=VECTOR('',#5675,10.);
#1516=VECTOR('',#5678,10.);
#1517=VECTOR('',#5679,10.);
#1518=VECTOR('',#5680,10.);
#1519=VECTOR('',#5681,10.);
#1520=VECTOR('',#5684,10.);
#1521=VECTOR('',#5685,10.);
#1522=VECTOR('',#5686,10.);
#1523=VECTOR('',#5691,10.);
#1524=VECTOR('',#5692,10.);
#1525=VECTOR('',#5695,10.);
#1526=VECTOR('',#5700,10.);
#1527=VECTOR('',#5703,10.);
#1528=VECTOR('',#5708,10.);
#1529=VECTOR('',#5711,10.);
#1530=VECTOR('',#5712,10.);
#1531=VECTOR('',#5713,10.);
#1532=VECTOR('',#5714,10.);
#1533=VECTOR('',#5719,10.);
#1534=VECTOR('',#5722,10.);
#1535=VECTOR('',#5725,10.);
#1536=VECTOR('',#5730,10.);
#1537=VECTOR('',#5733,10.);
#1538=VECTOR('',#5734,10.);
#1539=VECTOR('',#5735,10.);
#1540=VECTOR('',#5736,10.);
#1541=VECTOR('',#5741,10.);
#1542=VECTOR('',#5746,10.);
#1543=VECTOR('',#5747,10.);
#1544=VECTOR('',#5750,10.);
#1545=VECTOR('',#5751,10.);
#1546=VECTOR('',#5754,10.);
#1547=VECTOR('',#5755,10.);
#1548=VECTOR('',#5762,10.);
#1549=VECTOR('',#5767,10.);
#1550=VECTOR('',#5768,10.);
#1551=VECTOR('',#5771,10.);
#1552=VECTOR('',#5772,10.);
#1553=VECTOR('',#5775,10.);
#1554=VECTOR('',#5776,10.);
#1555=VECTOR('',#5781,10.);
#1556=VECTOR('',#5784,10.);
#1557=VECTOR('',#5787,10.);
#1558=VECTOR('',#5788,10.);
#1559=VECTOR('',#5795,10.);
#1560=VECTOR('',#5796,10.);
#1561=VECTOR('',#5799,10.);
#1562=VECTOR('',#5800,10.);
#1563=VECTOR('',#5801,10.);
#1564=VECTOR('',#5804,10.);
#1565=VECTOR('',#5813,10.);
#1566=VECTOR('',#5816,10.);
#1567=VECTOR('',#5819,10.);
#1568=VECTOR('',#5820,10.);
#1569=VECTOR('',#5821,10.);
#1570=VECTOR('',#5822,10.);
#1571=VECTOR('',#5827,10.);
#1572=VECTOR('',#5830,10.);
#1573=VECTOR('',#5833,10.);
#1574=VECTOR('',#5834,10.);
#1575=VECTOR('',#5839,10.);
#1576=VECTOR('',#5842,10.);
#1577=VECTOR('',#5845,10.);
#1578=VECTOR('',#5846,10.);
#1579=VECTOR('',#5847,10.);
#1580=VECTOR('',#5850,10.);
#1581=VECTOR('',#5853,10.);
#1582=VECTOR('',#5856,10.);
#1583=VECTOR('',#5863,10.);
#1584=VECTOR('',#5866,10.);
#1585=VECTOR('',#5869,10.);
#1586=VECTOR('',#5870,10.);
#1587=VECTOR('',#5873,10.);
#1588=VECTOR('',#5876,10.);
#1589=VECTOR('',#5881,10.);
#1590=VECTOR('',#5884,10.);
#1591=VECTOR('',#5887,10.);
#1592=VECTOR('',#5888,10.);
#1593=VECTOR('',#5893,10.);
#1594=VECTOR('',#5896,10.);
#1595=VECTOR('',#5899,10.);
#1596=VECTOR('',#5900,10.);
#1597=VECTOR('',#5901,10.);
#1598=VECTOR('',#5902,10.);
#1599=VECTOR('',#5907,10.);
#1600=VECTOR('',#5910,10.);
#1601=VECTOR('',#5913,10.);
#1602=VECTOR('',#5914,10.);
#1603=VECTOR('',#5915,10.);
#1604=VECTOR('',#5918,10.);
#1605=VECTOR('',#5921,10.);
#1606=VECTOR('',#5924,10.);
#1607=VECTOR('',#5929,10.);
#1608=VECTOR('',#5932,10.);
#1609=VECTOR('',#5935,10.);
#1610=VECTOR('',#5936,10.);
#1611=VECTOR('',#5941,10.);
#1612=VECTOR('',#5944,10.);
#1613=VECTOR('',#5947,10.);
#1614=VECTOR('',#5948,10.);
#1615=VECTOR('',#5953,10.);
#1616=VECTOR('',#5956,10.);
#1617=VECTOR('',#5959,10.);
#1618=VECTOR('',#5960,10.);
#1619=VECTOR('',#5961,10.);
#1620=VECTOR('',#5962,10.);
#1621=VECTOR('',#5965,10.);
#1622=VECTOR('',#5968,10.);
#1623=VECTOR('',#5971,10.);
#1624=VECTOR('',#5972,10.);
#1625=VECTOR('',#5977,10.);
#1626=VECTOR('',#5980,10.);
#1627=VECTOR('',#5983,10.);
#1628=VECTOR('',#5984,10.);
#1629=VECTOR('',#5985,10.);
#1630=VECTOR('',#5988,10.);
#1631=VECTOR('',#5989,10.);
#1632=VECTOR('',#5996,10.);
#1633=VECTOR('',#5999,10.);
#1634=VECTOR('',#6006,10.);
#1635=VECTOR('',#6009,10.);
#1636=VECTOR('',#6012,10.);
#1637=VECTOR('',#6013,10.);
#1638=VECTOR('',#6014,10.);
#1639=VECTOR('',#6017,10.);
#1640=VECTOR('',#6018,10.);
#1641=VECTOR('',#6019,10.);
#1642=VECTOR('',#6026,10.);
#1643=VECTOR('',#6029,10.);
#1644=VECTOR('',#6032,10.);
#1645=VECTOR('',#6033,10.);
#1646=VECTOR('',#6034,10.);
#1647=VECTOR('',#6035,10.);
#1648=VECTOR('',#6036,10.);
#1649=VECTOR('',#6039,10.);
#1650=VECTOR('',#6044,10.);
#1651=VECTOR('',#6047,10.);
#1652=VECTOR('',#6054,10.);
#1653=VECTOR('',#6057,10.);
#1654=VECTOR('',#6060,10.);
#1655=VECTOR('',#6061,10.);
#1656=VECTOR('',#6062,10.);
#1657=VECTOR('',#6065,10.);
#1658=VECTOR('',#6066,10.);
#1659=VECTOR('',#6067,10.);
#1660=VECTOR('',#6072,10.);
#1661=VECTOR('',#6077,10.);
#1662=VECTOR('',#6082,10.);
#1663=VECTOR('',#6085,10.);
#1664=VECTOR('',#6088,10.);
#1665=VECTOR('',#6091,10.);
#1666=VECTOR('',#6098,10.);
#1667=VECTOR('',#6101,10.);
#1668=VECTOR('',#6104,10.);
#1669=VECTOR('',#6105,10.);
#1670=VECTOR('',#6106,10.);
#1671=VECTOR('',#6107,10.);
#1672=VECTOR('',#6108,10.);
#1673=VECTOR('',#6111,10.);
#1674=VECTOR('',#6112,10.);
#1675=VECTOR('',#6115,10.);
#1676=VECTOR('',#6118,10.);
#1677=VECTOR('',#6121,10.);
#1678=VECTOR('',#6124,10.);
#1679=VECTOR('',#6125,10.);
#1680=VECTOR('',#6128,10.);
#1681=VECTOR('',#6129,10.);
#1682=VECTOR('',#6130,10.);
#1683=VECTOR('',#6133,10.);
#1684=VECTOR('',#6134,10.);
#1685=VECTOR('',#6135,10.);
#1686=VECTOR('',#6138,10.);
#1687=VECTOR('',#6139,10.);
#1688=VECTOR('',#6140,10.);
#1689=VECTOR('',#6143,10.);
#1690=VECTOR('',#6144,10.);
#1691=VECTOR('',#6145,10.);
#1692=VECTOR('',#6148,10.);
#1693=VECTOR('',#6149,10.);
#1694=VECTOR('',#6150,10.);
#1695=VECTOR('',#6153,10.);
#1696=VECTOR('',#6154,10.);
#1697=VECTOR('',#6155,10.);
#1698=VECTOR('',#6158,10.);
#1699=VECTOR('',#6161,10.);
#1700=VECTOR('',#6164,10.);
#1701=VECTOR('',#6167,10.);
#1702=VECTOR('',#6168,10.);
#1703=VECTOR('',#6171,10.);
#1704=VECTOR('',#6172,10.);
#1705=VECTOR('',#6175,10.);
#1706=VECTOR('',#6176,10.);
#1707=VECTOR('',#6179,10.);
#1708=VECTOR('',#6180,10.);
#1709=VECTOR('',#6183,10.);
#1710=VECTOR('',#6184,10.);
#1711=VECTOR('',#6187,10.);
#1712=VECTOR('',#6190,10.);
#1713=VECTOR('',#6193,10.);
#1714=VECTOR('',#6194,10.);
#1715=VECTOR('',#6195,10.);
#1716=VECTOR('',#6198,10.);
#1717=VECTOR('',#6199,10.);
#1718=VECTOR('',#6202,10.);
#1719=VECTOR('',#6203,10.);
#1720=VECTOR('',#6208,10.);
#1721=VECTOR('',#6211,10.);
#1722=VECTOR('',#6212,10.);
#1723=VECTOR('',#6213,10.);
#1724=VECTOR('',#6220,10.);
#1725=VECTOR('',#6225,10.);
#1726=VECTOR('',#6226,10.);
#1727=VECTOR('',#6227,10.);
#1728=VECTOR('',#6228,10.);
#1729=VECTOR('',#6229,10.);
#1730=VECTOR('',#6232,10.);
#1731=VECTOR('',#6233,10.);
#1732=VECTOR('',#6234,10.);
#1733=VECTOR('',#6237,10.);
#1734=VECTOR('',#6238,10.);
#1735=VECTOR('',#6241,10.);
#1736=VECTOR('',#6242,10.);
#1737=VECTOR('',#6245,10.);
#1738=VECTOR('',#6246,10.);
#1739=VECTOR('',#6247,10.);
#1740=VECTOR('',#6250,10.);
#1741=VECTOR('',#6253,10.);
#1742=VECTOR('',#6256,10.);
#1743=VECTOR('',#6259,10.);
#1744=VECTOR('',#6260,10.);
#1745=VECTOR('',#6261,10.);
#1746=VECTOR('',#6264,10.);
#1747=VECTOR('',#6267,10.);
#1748=VECTOR('',#6268,10.);
#1749=VECTOR('',#6271,10.);
#1750=VECTOR('',#6272,10.);
#1751=VECTOR('',#6275,10.);
#1752=VECTOR('',#6276,10.);
#1753=VECTOR('',#6279,10.);
#1754=VECTOR('',#6280,10.);
#1755=VECTOR('',#6281,10.);
#1756=VECTOR('',#6284,10.);
#1757=VECTOR('',#6285,10.);
#1758=VECTOR('',#6286,10.);
#1759=VECTOR('',#6291,10.);
#1760=VECTOR('',#6306,10.);
#1761=VECTOR('',#6315,2.125);
#1762=VECTOR('',#6324,2.125);
#1763=VECTOR('',#6333,1.25);
#1764=VECTOR('',#6338,1.25);
#1765=VECTOR('',#6343,10.);
#1766=VECTOR('',#6344,10.);
#1767=VECTOR('',#6345,10.);
#1768=VECTOR('',#6346,10.);
#1769=VECTOR('',#6347,10.);
#1770=VECTOR('',#6348,10.);
#1771=VECTOR('',#6349,10.);
#1772=VECTOR('',#6350,10.);
#1773=VECTOR('',#6351,10.);
#1774=VECTOR('',#6354,10.);
#1775=VECTOR('',#6355,10.);
#1776=VECTOR('',#6356,10.);
#1777=VECTOR('',#6357,10.);
#1778=VECTOR('',#6358,10.);
#1779=VECTOR('',#6359,10.);
#1780=VECTOR('',#6360,10.);
#1781=VECTOR('',#6361,10.);
#1782=VECTOR('',#6362,10.);
#1783=VECTOR('',#6365,10.);
#1784=VECTOR('',#6366,10.);
#1785=VECTOR('',#6367,10.);
#1786=VECTOR('',#6368,10.);
#1787=VECTOR('',#6369,10.);
#1788=VECTOR('',#6370,10.);
#1789=VECTOR('',#6371,10.);
#1790=VECTOR('',#6372,10.);
#1791=VECTOR('',#6373,10.);
#1792=VECTOR('',#6376,10.);
#1793=VECTOR('',#6377,10.);
#1794=VECTOR('',#6378,10.);
#1795=VECTOR('',#6381,10.);
#1796=VECTOR('',#6382,10.);
#1797=VECTOR('',#6383,10.);
#1798=VECTOR('',#6384,10.);
#1799=VECTOR('',#6385,10.);
#1800=VECTOR('',#6386,10.);
#1801=VECTOR('',#6387,10.);
#1802=VECTOR('',#6388,10.);
#1803=VECTOR('',#6391,10.);
#1804=VECTOR('',#6392,10.);
#1805=VECTOR('',#6393,10.);
#1806=VECTOR('',#6394,10.);
#1807=VECTOR('',#6395,10.);
#1808=VECTOR('',#6396,10.);
#1809=VECTOR('',#6397,10.);
#1810=VECTOR('',#6398,10.);
#1811=VECTOR('',#6399,10.);
#1812=VECTOR('',#6402,10.);
#1813=VECTOR('',#6403,10.);
#1814=VECTOR('',#6404,10.);
#1815=VECTOR('',#6405,10.);
#1816=VECTOR('',#6406,10.);
#1817=VECTOR('',#6407,10.);
#1818=VECTOR('',#6410,10.);
#1819=VECTOR('',#6411,10.);
#1820=VECTOR('',#6414,10.);
#1821=VECTOR('',#6417,10.);
#1822=VECTOR('',#6420,10.);
#1823=VECTOR('',#6421,10.);
#1824=VECTOR('',#6422,10.);
#1825=VECTOR('',#6423,10.);
#1826=VECTOR('',#6424,10.);
#1827=VECTOR('',#6425,10.);
#1828=VECTOR('',#6428,10.);
#1829=VECTOR('',#6429,10.);
#1830=VECTOR('',#6432,10.);
#1831=VECTOR('',#6435,10.);
#1832=VECTOR('',#6450,10.);
#1833=VECTOR('',#6451,10.);
#1834=VECTOR('',#6452,10.);
#1835=VECTOR('',#6453,10.);
#1836=VECTOR('',#6454,10.);
#1837=VECTOR('',#6455,10.);
#1838=VECTOR('',#6458,10.);
#1839=VECTOR('',#6459,10.);
#1840=VECTOR('',#6460,10.);
#1841=VECTOR('',#6461,10.);
#1842=VECTOR('',#6462,10.);
#1843=VECTOR('',#6463,10.);
#1844=VECTOR('',#6468,10.);
#1845=VECTOR('',#6469,10.);
#1846=VECTOR('',#6470,10.);
#1847=VECTOR('',#6471,10.);
#1848=VECTOR('',#6472,10.);
#1849=VECTOR('',#6473,10.);
#1850=VECTOR('',#6478,10.);
#1851=VECTOR('',#6481,10.);
#1852=VECTOR('',#6482,10.);
#1853=VECTOR('',#6485,10.);
#1854=VECTOR('',#6488,10.);
#1855=VECTOR('',#6491,10.);
#1856=VECTOR('',#6494,10.);
#1857=VECTOR('',#6499,10.);
#1858=VECTOR('',#6500,10.);
#1859=VECTOR('',#6507,10.);
#1860=VECTOR('',#6508,10.);
#1861=VECTOR('',#6511,10.);
#1862=VECTOR('',#6514,10.);
#1863=VECTOR('',#6517,10.);
#1864=VECTOR('',#6520,10.);
#1865=VECTOR('',#6525,10.);
#1866=VECTOR('',#6528,10.);
#1867=VECTOR('',#6533,10.);
#1868=VECTOR('',#6536,10.);
#1869=VECTOR('',#6539,10.);
#1870=VECTOR('',#6542,10.);
#1871=VECTOR('',#6545,10.);
#1872=VECTOR('',#6550,10.);
#1873=VECTOR('',#6553,10.);
#1874=VECTOR('',#6558,10.);
#1875=VECTOR('',#6563,10.);
#1876=VECTOR('',#6566,10.);
#1877=VECTOR('',#6567,10.);
#1878=VECTOR('',#6570,10.);
#1879=VECTOR('',#6573,10.);
#1880=VECTOR('',#6576,10.);
#1881=VECTOR('',#6579,10.);
#1882=VECTOR('',#6588,2.25);
#1883=VECTOR('',#6591,2.25);
#1884=VECTOR('',#6596,1.25);
#1885=VECTOR('',#6599,1.25);
#1886=CIRCLE('',#4894,4.);
#1887=CIRCLE('',#4895,4.);
#1888=CIRCLE('',#4897,4.);
#1889=CIRCLE('',#4898,2.25);
#1890=CIRCLE('',#4899,2.25);
#1891=CIRCLE('',#4900,2.125);
#1892=CIRCLE('',#4901,2.125);
#1893=CIRCLE('',#4904,4.);
#1894=CIRCLE('',#4906,1.);
#1895=CIRCLE('',#4911,1.);
#1896=CIRCLE('',#4912,1.);
#1897=CIRCLE('',#4914,1.);
#1898=CIRCLE('',#4915,1.);
#1899=CIRCLE('',#4918,1.);
#1900=CIRCLE('',#4919,1.);
#1901=CIRCLE('',#4920,1.);
#1902=CIRCLE('',#4921,1.);
#1903=CIRCLE('',#4922,1.);
#1904=CIRCLE('',#4923,1.);
#1905=CIRCLE('',#4924,1.);
#1906=CIRCLE('',#4925,1.);
#1907=CIRCLE('',#4926,1.);
#1908=CIRCLE('',#4927,1.);
#1909=CIRCLE('',#4928,1.);
#1910=CIRCLE('',#4929,1.);
#1911=CIRCLE('',#4930,1.);
#1912=CIRCLE('',#4931,1.);
#1913=CIRCLE('',#4932,1.);
#1914=CIRCLE('',#4933,1.);
#1915=CIRCLE('',#4934,1.);
#1916=CIRCLE('',#4935,1.);
#1917=CIRCLE('',#4936,1.);
#1918=CIRCLE('',#4937,1.);
#1919=CIRCLE('',#4938,1.);
#1920=CIRCLE('',#4939,1.);
#1921=CIRCLE('',#4940,1.);
#1922=CIRCLE('',#4941,1.);
#1923=CIRCLE('',#4942,1.);
#1924=CIRCLE('',#4943,1.);
#1925=CIRCLE('',#4944,1.);
#1926=CIRCLE('',#4945,1.);
#1927=CIRCLE('',#4946,1.);
#1928=CIRCLE('',#4947,1.);
#1929=CIRCLE('',#4950,1.);
#1930=CIRCLE('',#4954,1.);
#1931=CIRCLE('',#4957,1.);
#1932=CIRCLE('',#4960,1.);
#1933=CIRCLE('',#4963,1.);
#1934=CIRCLE('',#4966,1.);
#1935=CIRCLE('',#4969,1.);
#1936=CIRCLE('',#4972,1.);
#1937=CIRCLE('',#4975,1.);
#1938=CIRCLE('',#4978,1.);
#1939=CIRCLE('',#4981,1.);
#1940=CIRCLE('',#4983,1.);
#1941=CIRCLE('',#4986,1.);
#1942=CIRCLE('',#4991,1.);
#1943=CIRCLE('',#4994,1.);
#1944=CIRCLE('',#4998,1.);
#1945=CIRCLE('',#5001,1.);
#1946=CIRCLE('',#5004,1.);
#1947=CIRCLE('',#5007,1.);
#1948=CIRCLE('',#5011,1.);
#1949=CIRCLE('',#5016,1.);
#1950=CIRCLE('',#5019,1.);
#1951=CIRCLE('',#5023,1.);
#1952=CIRCLE('',#5026,1.);
#1953=CIRCLE('',#5032,1.);
#1954=CIRCLE('',#5038,1.);
#1955=CIRCLE('',#5039,1.);
#1956=CIRCLE('',#5042,1.);
#1957=CIRCLE('',#5043,1.);
#1958=CIRCLE('',#5046,1.);
#1959=CIRCLE('',#5047,1.);
#1960=CIRCLE('',#5050,1.);
#1961=CIRCLE('',#5051,1.);
#1962=CIRCLE('',#5052,1.);
#1963=CIRCLE('',#5054,1.);
#1964=CIRCLE('',#5055,1.);
#1965=CIRCLE('',#5058,1.);
#1966=CIRCLE('',#5060,1.);
#1967=CIRCLE('',#5061,1.);
#1968=CIRCLE('',#5064,1.);
#1969=CIRCLE('',#5065,1.);
#1970=CIRCLE('',#5068,1.);
#1971=CIRCLE('',#5069,1.);
#1972=CIRCLE('',#5072,1.);
#1973=CIRCLE('',#5073,1.);
#1974=CIRCLE('',#5074,1.);
#1975=CIRCLE('',#5076,1.);
#1976=CIRCLE('',#5079,1.);
#1977=CIRCLE('',#5080,1.);
#1978=CIRCLE('',#5083,1.);
#1979=CIRCLE('',#5084,1.);
#1980=CIRCLE('',#5087,1.);
#1981=CIRCLE('',#5090,1.);
#1982=CIRCLE('',#5091,1.);
#1983=CIRCLE('',#5094,1.);
#1984=CIRCLE('',#5096,1.);
#1985=CIRCLE('',#5098,1.);
#1986=CIRCLE('',#5100,1.);
#1987=CIRCLE('',#5101,1.);
#1988=CIRCLE('',#5104,1.);
#1989=CIRCLE('',#5106,1.);
#1990=CIRCLE('',#5107,1.);
#1991=CIRCLE('',#5111,1.);
#1992=CIRCLE('',#5113,1.);
#1993=CIRCLE('',#5115,1.);
#1994=CIRCLE('',#5116,1.);
#1995=CIRCLE('',#5119,1.);
#1996=CIRCLE('',#5121,1.);
#1997=CIRCLE('',#5123,1.);
#1998=CIRCLE('',#5125,1.);
#1999=CIRCLE('',#5128,1.);
#2000=CIRCLE('',#5130,1.);
#2001=CIRCLE('',#5131,1.);
#2002=CIRCLE('',#5192,2.125);
#2003=CIRCLE('',#5194,1.25);
#2004=CIRCLE('',#5196,2.125);
#2005=CIRCLE('',#5198,1.25);
#2006=CIRCLE('',#5200,1.25);
#2007=CIRCLE('',#5202,1.25);
#2008=CIRCLE('',#5218,2.25);
#2009=CIRCLE('',#5219,1.25);
#2010=CIRCLE('',#5221,2.25);
#2011=CIRCLE('',#5222,1.25);
#2012=CIRCLE('',#5225,1.25);
#2013=CIRCLE('',#5227,1.25);
#2014=VERTEX_POINT('',#6602);
#2015=VERTEX_POINT('',#6603);
#2016=VERTEX_POINT('',#6605);
#2017=VERTEX_POINT('',#6607);
#2018=VERTEX_POINT('',#6611);
#2019=VERTEX_POINT('',#6613);
#2020=VERTEX_POINT('',#6615);
#2021=VERTEX_POINT('',#6617);
#2022=VERTEX_POINT('',#6620);
#2023=VERTEX_POINT('',#6622);
#2024=VERTEX_POINT('',#6624);
#2025=VERTEX_POINT('',#6626);
#2026=VERTEX_POINT('',#6629);
#2027=VERTEX_POINT('',#6631);
#2028=VERTEX_POINT('',#6633);
#2029=VERTEX_POINT('',#6635);
#2030=VERTEX_POINT('',#6637);
#2031=VERTEX_POINT('',#6639);
#2032=VERTEX_POINT('',#6641);
#2033=VERTEX_POINT('',#6643);
#2034=VERTEX_POINT('',#6645);
#2035=VERTEX_POINT('',#6647);
#2036=VERTEX_POINT('',#6649);
#2037=VERTEX_POINT('',#6651);
#2038=VERTEX_POINT('',#6653);
#2039=VERTEX_POINT('',#6655);
#2040=VERTEX_POINT('',#6657);
#2041=VERTEX_POINT('',#6659);
#2042=VERTEX_POINT('',#6661);
#2043=VERTEX_POINT('',#6663);
#2044=VERTEX_POINT('',#6665);
#2045=VERTEX_POINT('',#6669);
#2046=VERTEX_POINT('',#6673);
#2047=VERTEX_POINT('',#6675);
#2048=VERTEX_POINT('',#6677);
#2049=VERTEX_POINT('',#6681);
#2050=VERTEX_POINT('',#6683);
#2051=VERTEX_POINT('',#6687);
#2052=VERTEX_POINT('',#6689);
#2053=VERTEX_POINT('',#6693);
#2054=VERTEX_POINT('',#6695);
#2055=VERTEX_POINT('',#6699);
#2056=VERTEX_POINT('',#6701);
#2057=VERTEX_POINT('',#6703);
#2058=VERTEX_POINT('',#6706);
#2059=VERTEX_POINT('',#6710);
#2060=VERTEX_POINT('',#6712);
#2061=VERTEX_POINT('',#6714);
#2062=VERTEX_POINT('',#6718);
#2063=VERTEX_POINT('',#6722);
#2064=VERTEX_POINT('',#6724);
#2065=VERTEX_POINT('',#6727);
#2066=VERTEX_POINT('',#6729);
#2067=VERTEX_POINT('',#6731);
#2068=VERTEX_POINT('',#6733);
#2069=VERTEX_POINT('',#6735);
#2070=VERTEX_POINT('',#6737);
#2071=VERTEX_POINT('',#6739);
#2072=VERTEX_POINT('',#6741);
#2073=VERTEX_POINT('',#6743);
#2074=VERTEX_POINT('',#6745);
#2075=VERTEX_POINT('',#6747);
#2076=VERTEX_POINT('',#6749);
#2077=VERTEX_POINT('',#6751);
#2078=VERTEX_POINT('',#6753);
#2079=VERTEX_POINT('',#6755);
#2080=VERTEX_POINT('',#6757);
#2081=VERTEX_POINT('',#6759);
#2082=VERTEX_POINT('',#6761);
#2083=VERTEX_POINT('',#6763);
#2084=VERTEX_POINT('',#6765);
#2085=VERTEX_POINT('',#6767);
#2086=VERTEX_POINT('',#6769);
#2087=VERTEX_POINT('',#6771);
#2088=VERTEX_POINT('',#6773);
#2089=VERTEX_POINT('',#6775);
#2090=VERTEX_POINT('',#6777);
#2091=VERTEX_POINT('',#6779);
#2092=VERTEX_POINT('',#6781);
#2093=VERTEX_POINT('',#6783);
#2094=VERTEX_POINT('',#6785);
#2095=VERTEX_POINT('',#6787);
#2096=VERTEX_POINT('',#6789);
#2097=VERTEX_POINT('',#6792);
#2098=VERTEX_POINT('',#6794);
#2099=VERTEX_POINT('',#6796);
#2100=VERTEX_POINT('',#6799);
#2101=VERTEX_POINT('',#6800);
#2102=VERTEX_POINT('',#6802);
#2103=VERTEX_POINT('',#6804);
#2104=VERTEX_POINT('',#6806);
#2105=VERTEX_POINT('',#6808);
#2106=VERTEX_POINT('',#6810);
#2107=VERTEX_POINT('',#6812);
#2108=VERTEX_POINT('',#6815);
#2109=VERTEX_POINT('',#6816);
#2110=VERTEX_POINT('',#6818);
#2111=VERTEX_POINT('',#6820);
#2112=VERTEX_POINT('',#6822);
#2113=VERTEX_POINT('',#6824);
#2114=VERTEX_POINT('',#6826);
#2115=VERTEX_POINT('',#6828);
#2116=VERTEX_POINT('',#6831);
#2117=VERTEX_POINT('',#6832);
#2118=VERTEX_POINT('',#6834);
#2119=VERTEX_POINT('',#6836);
#2120=VERTEX_POINT('',#6838);
#2121=VERTEX_POINT('',#6840);
#2122=VERTEX_POINT('',#6842);
#2123=VERTEX_POINT('',#6844);
#2124=VERTEX_POINT('',#6847);
#2125=VERTEX_POINT('',#6848);
#2126=VERTEX_POINT('',#6850);
#2127=VERTEX_POINT('',#6852);
#2128=VERTEX_POINT('',#6854);
#2129=VERTEX_POINT('',#6856);
#2130=VERTEX_POINT('',#6858);
#2131=VERTEX_POINT('',#6860);
#2132=VERTEX_POINT('',#6864);
#2133=VERTEX_POINT('',#6868);
#2134=VERTEX_POINT('',#6870);
#2135=VERTEX_POINT('',#6874);
#2136=VERTEX_POINT('',#6876);
#2137=VERTEX_POINT('',#6878);
#2138=VERTEX_POINT('',#6880);
#2139=VERTEX_POINT('',#6882);
#2140=VERTEX_POINT('',#6884);
#2141=VERTEX_POINT('',#6886);
#2142=VERTEX_POINT('',#6888);
#2143=VERTEX_POINT('',#6890);
#2144=VERTEX_POINT('',#6892);
#2145=VERTEX_POINT('',#6894);
#2146=VERTEX_POINT('',#6896);
#2147=VERTEX_POINT('',#6899);
#2148=VERTEX_POINT('',#6901);
#2149=VERTEX_POINT('',#6903);
#2150=VERTEX_POINT('',#6905);
#2151=VERTEX_POINT('',#6907);
#2152=VERTEX_POINT('',#6909);
#2153=VERTEX_POINT('',#6912);
#2154=VERTEX_POINT('',#6914);
#2155=VERTEX_POINT('',#6920);
#2156=VERTEX_POINT('',#6922);
#2157=VERTEX_POINT('',#6925);
#2158=VERTEX_POINT('',#6927);
#2159=VERTEX_POINT('',#6929);
#2160=VERTEX_POINT('',#6931);
#2161=VERTEX_POINT('',#6933);
#2162=VERTEX_POINT('',#6935);
#2163=VERTEX_POINT('',#6938);
#2164=VERTEX_POINT('',#6940);
#2165=VERTEX_POINT('',#6942);
#2166=VERTEX_POINT('',#6944);
#2167=VERTEX_POINT('',#6946);
#2168=VERTEX_POINT('',#6948);
#2169=VERTEX_POINT('',#6950);
#2170=VERTEX_POINT('',#6952);
#2171=VERTEX_POINT('',#6954);
#2172=VERTEX_POINT('',#6956);
#2173=VERTEX_POINT('',#6958);
#2174=VERTEX_POINT('',#6960);
#2175=VERTEX_POINT('',#6964);
#2176=VERTEX_POINT('',#6965);
#2177=VERTEX_POINT('',#6970);
#2178=VERTEX_POINT('',#6974);
#2179=VERTEX_POINT('',#6975);
#2180=VERTEX_POINT('',#6980);
#2181=VERTEX_POINT('',#6984);
#2182=VERTEX_POINT('',#6985);
#2183=VERTEX_POINT('',#6990);
#2184=VERTEX_POINT('',#6992);
#2185=VERTEX_POINT('',#6996);
#2186=VERTEX_POINT('',#6997);
#2187=VERTEX_POINT('',#7002);
#2188=VERTEX_POINT('',#7004);
#2189=VERTEX_POINT('',#7006);
#2190=VERTEX_POINT('',#7010);
#2191=VERTEX_POINT('',#7011);
#2192=VERTEX_POINT('',#7018);
#2193=VERTEX_POINT('',#7022);
#2194=VERTEX_POINT('',#7024);
#2195=VERTEX_POINT('',#7028);
#2196=VERTEX_POINT('',#7029);
#2197=VERTEX_POINT('',#7036);
#2198=VERTEX_POINT('',#7037);
#2199=VERTEX_POINT('',#7042);
#2200=VERTEX_POINT('',#7046);
#2201=VERTEX_POINT('',#7047);
#2202=VERTEX_POINT('',#7052);
#2203=VERTEX_POINT('',#7054);
#2204=VERTEX_POINT('',#7058);
#2205=VERTEX_POINT('',#7060);
#2206=VERTEX_POINT('',#7062);
#2207=VERTEX_POINT('',#7066);
#2208=VERTEX_POINT('',#7067);
#2209=VERTEX_POINT('',#7074);
#2210=VERTEX_POINT('',#7075);
#2211=VERTEX_POINT('',#7085);
#2212=VERTEX_POINT('',#7089);
#2213=VERTEX_POINT('',#7090);
#2214=VERTEX_POINT('',#7095);
#2215=VERTEX_POINT('',#7099);
#2216=VERTEX_POINT('',#7100);
#2217=VERTEX_POINT('',#7105);
#2218=VERTEX_POINT('',#7107);
#2219=VERTEX_POINT('',#7109);
#2220=VERTEX_POINT('',#7113);
#2221=VERTEX_POINT('',#7115);
#2222=VERTEX_POINT('',#7119);
#2223=VERTEX_POINT('',#7120);
#2224=VERTEX_POINT('',#7127);
#2225=VERTEX_POINT('',#7133);
#2226=VERTEX_POINT('',#7137);
#2227=VERTEX_POINT('',#7139);
#2228=VERTEX_POINT('',#7141);
#2229=VERTEX_POINT('',#7145);
#2230=VERTEX_POINT('',#7153);
#2231=VERTEX_POINT('',#7158);
#2232=VERTEX_POINT('',#7160);
#2233=VERTEX_POINT('',#7167);
#2234=VERTEX_POINT('',#7168);
#2235=VERTEX_POINT('',#7173);
#2236=VERTEX_POINT('',#7177);
#2237=VERTEX_POINT('',#7185);
#2238=VERTEX_POINT('',#7186);
#2239=VERTEX_POINT('',#7191);
#2240=VERTEX_POINT('',#7195);
#2241=VERTEX_POINT('',#7208);
#2242=VERTEX_POINT('',#7209);
#2243=VERTEX_POINT('',#7214);
#2244=VERTEX_POINT('',#7216);
#2245=VERTEX_POINT('',#7224);
#2246=VERTEX_POINT('',#7225);
#2247=VERTEX_POINT('',#7227);
#2248=VERTEX_POINT('',#7229);
#2249=VERTEX_POINT('',#7233);
#2250=VERTEX_POINT('',#7235);
#2251=VERTEX_POINT('',#7237);
#2252=VERTEX_POINT('',#7241);
#2253=VERTEX_POINT('',#7242);
#2254=VERTEX_POINT('',#7244);
#2255=VERTEX_POINT('',#7246);
#2256=VERTEX_POINT('',#7253);
#2257=VERTEX_POINT('',#7254);
#2258=VERTEX_POINT('',#7256);
#2259=VERTEX_POINT('',#7258);
#2260=VERTEX_POINT('',#7262);
#2261=VERTEX_POINT('',#7264);
#2262=VERTEX_POINT('',#7268);
#2263=VERTEX_POINT('',#7270);
#2264=VERTEX_POINT('',#7272);
#2265=VERTEX_POINT('',#7274);
#2266=VERTEX_POINT('',#7276);
#2267=VERTEX_POINT('',#7280);
#2268=VERTEX_POINT('',#7281);
#2269=VERTEX_POINT('',#7283);
#2270=VERTEX_POINT('',#7285);
#2271=VERTEX_POINT('',#7292);
#2272=VERTEX_POINT('',#7294);
#2273=VERTEX_POINT('',#7298);
#2274=VERTEX_POINT('',#7299);
#2275=VERTEX_POINT('',#7301);
#2276=VERTEX_POINT('',#7303);
#2277=VERTEX_POINT('',#7310);
#2278=VERTEX_POINT('',#7311);
#2279=VERTEX_POINT('',#7313);
#2280=VERTEX_POINT('',#7315);
#2281=VERTEX_POINT('',#7319);
#2282=VERTEX_POINT('',#7321);
#2283=VERTEX_POINT('',#7323);
#2284=VERTEX_POINT('',#7327);
#2285=VERTEX_POINT('',#7328);
#2286=VERTEX_POINT('',#7330);
#2287=VERTEX_POINT('',#7332);
#2288=VERTEX_POINT('',#7336);
#2289=VERTEX_POINT('',#7338);
#2290=VERTEX_POINT('',#7342);
#2291=VERTEX_POINT('',#7344);
#2292=VERTEX_POINT('',#7346);
#2293=VERTEX_POINT('',#7348);
#2294=VERTEX_POINT('',#7350);
#2295=VERTEX_POINT('',#7354);
#2296=VERTEX_POINT('',#7356);
#2297=VERTEX_POINT('',#7360);
#2298=VERTEX_POINT('',#7364);
#2299=VERTEX_POINT('',#7365);
#2300=VERTEX_POINT('',#7367);
#2301=VERTEX_POINT('',#7369);
#2302=VERTEX_POINT('',#7376);
#2303=VERTEX_POINT('',#7377);
#2304=VERTEX_POINT('',#7379);
#2305=VERTEX_POINT('',#7381);
#2306=VERTEX_POINT('',#7385);
#2307=VERTEX_POINT('',#7387);
#2308=VERTEX_POINT('',#7389);
#2309=VERTEX_POINT('',#7393);
#2310=VERTEX_POINT('',#7395);
#2311=VERTEX_POINT('',#7399);
#2312=VERTEX_POINT('',#7403);
#2313=VERTEX_POINT('',#7404);
#2314=VERTEX_POINT('',#7406);
#2315=VERTEX_POINT('',#7408);
#2316=VERTEX_POINT('',#7412);
#2317=VERTEX_POINT('',#7414);
#2318=VERTEX_POINT('',#7419);
#2319=VERTEX_POINT('',#7423);
#2320=VERTEX_POINT('',#7427);
#2321=VERTEX_POINT('',#7431);
#2322=VERTEX_POINT('',#7432);
#2323=VERTEX_POINT('',#7434);
#2324=VERTEX_POINT('',#7436);
#2325=VERTEX_POINT('',#7440);
#2326=VERTEX_POINT('',#7442);
#2327=VERTEX_POINT('',#7446);
#2328=VERTEX_POINT('',#7448);
#2329=VERTEX_POINT('',#7450);
#2330=VERTEX_POINT('',#7454);
#2331=VERTEX_POINT('',#7455);
#2332=VERTEX_POINT('',#7457);
#2333=VERTEX_POINT('',#7459);
#2334=VERTEX_POINT('',#7464);
#2335=VERTEX_POINT('',#7466);
#2336=VERTEX_POINT('',#7468);
#2337=VERTEX_POINT('',#7474);
#2338=VERTEX_POINT('',#7478);
#2339=VERTEX_POINT('',#7482);
#2340=VERTEX_POINT('',#7483);
#2341=VERTEX_POINT('',#7485);
#2342=VERTEX_POINT('',#7487);
#2343=VERTEX_POINT('',#7491);
#2344=VERTEX_POINT('',#7493);
#2345=VERTEX_POINT('',#7497);
#2346=VERTEX_POINT('',#7499);
#2347=VERTEX_POINT('',#7501);
#2348=VERTEX_POINT('',#7505);
#2349=VERTEX_POINT('',#7509);
#2350=VERTEX_POINT('',#7513);
#2351=VERTEX_POINT('',#7515);
#2352=VERTEX_POINT('',#7521);
#2353=VERTEX_POINT('',#7525);
#2354=VERTEX_POINT('',#7526);
#2355=VERTEX_POINT('',#7528);
#2356=VERTEX_POINT('',#7530);
#2357=VERTEX_POINT('',#7534);
#2358=VERTEX_POINT('',#7536);
#2359=VERTEX_POINT('',#7538);
#2360=VERTEX_POINT('',#7543);
#2361=VERTEX_POINT('',#7556);
#2362=VERTEX_POINT('',#7558);
#2363=VERTEX_POINT('',#7562);
#2364=VERTEX_POINT('',#7567);
#2365=VERTEX_POINT('',#7569);
#2366=VERTEX_POINT('',#7573);
#2367=VERTEX_POINT('',#7578);
#2368=VERTEX_POINT('',#7580);
#2369=VERTEX_POINT('',#7584);
#2370=VERTEX_POINT('',#7595);
#2371=VERTEX_POINT('',#7599);
#2372=VERTEX_POINT('',#7603);
#2373=VERTEX_POINT('',#7607);
#2374=VERTEX_POINT('',#7611);
#2375=VERTEX_POINT('',#7623);
#2376=VERTEX_POINT('',#7627);
#2377=VERTEX_POINT('',#7634);
#2378=VERTEX_POINT('',#7636);
#2379=VERTEX_POINT('',#7645);
#2380=VERTEX_POINT('',#7647);
#2381=VERTEX_POINT('',#7649);
#2382=VERTEX_POINT('',#7651);
#2383=VERTEX_POINT('',#7655);
#2384=VERTEX_POINT('',#7657);
#2385=VERTEX_POINT('',#7667);
#2386=VERTEX_POINT('',#7669);
#2387=VERTEX_POINT('',#7679);
#2388=VERTEX_POINT('',#7681);
#2389=VERTEX_POINT('',#7696);
#2390=VERTEX_POINT('',#7698);
#2391=VERTEX_POINT('',#7702);
#2392=VERTEX_POINT('',#7704);
#2393=VERTEX_POINT('',#7722);
#2394=VERTEX_POINT('',#7726);
#2395=VERTEX_POINT('',#7729);
#2396=VERTEX_POINT('',#7733);
#2397=VERTEX_POINT('',#7736);
#2398=VERTEX_POINT('',#7740);
#2399=VERTEX_POINT('',#7744);
#2400=VERTEX_POINT('',#7746);
#2401=VERTEX_POINT('',#7749);
#2402=VERTEX_POINT('',#7750);
#2403=VERTEX_POINT('',#7752);
#2404=VERTEX_POINT('',#7754);
#2405=VERTEX_POINT('',#7756);
#2406=VERTEX_POINT('',#7758);
#2407=VERTEX_POINT('',#7762);
#2408=VERTEX_POINT('',#7764);
#2409=VERTEX_POINT('',#7767);
#2410=VERTEX_POINT('',#7768);
#2411=VERTEX_POINT('',#7770);
#2412=VERTEX_POINT('',#7772);
#2413=VERTEX_POINT('',#7774);
#2414=VERTEX_POINT('',#7776);
#2415=VERTEX_POINT('',#7780);
#2416=VERTEX_POINT('',#7782);
#2417=VERTEX_POINT('',#7785);
#2418=VERTEX_POINT('',#7786);
#2419=VERTEX_POINT('',#7788);
#2420=VERTEX_POINT('',#7790);
#2421=VERTEX_POINT('',#7792);
#2422=VERTEX_POINT('',#7794);
#2423=VERTEX_POINT('',#7798);
#2424=VERTEX_POINT('',#7800);
#2425=VERTEX_POINT('',#7804);
#2426=VERTEX_POINT('',#7807);
#2427=VERTEX_POINT('',#7808);
#2428=VERTEX_POINT('',#7810);
#2429=VERTEX_POINT('',#7812);
#2430=VERTEX_POINT('',#7814);
#2431=VERTEX_POINT('',#7816);
#2432=VERTEX_POINT('',#7820);
#2433=VERTEX_POINT('',#7822);
#2434=VERTEX_POINT('',#7825);
#2435=VERTEX_POINT('',#7826);
#2436=VERTEX_POINT('',#7828);
#2437=VERTEX_POINT('',#7830);
#2438=VERTEX_POINT('',#7832);
#2439=VERTEX_POINT('',#7834);
#2440=VERTEX_POINT('',#7838);
#2441=VERTEX_POINT('',#7839);
#2442=VERTEX_POINT('',#7841);
#2443=VERTEX_POINT('',#7843);
#2444=VERTEX_POINT('',#7845);
#2445=VERTEX_POINT('',#7847);
#2446=VERTEX_POINT('',#7858);
#2447=VERTEX_POINT('',#7859);
#2448=VERTEX_POINT('',#7861);
#2449=VERTEX_POINT('',#7863);
#2450=VERTEX_POINT('',#7865);
#2451=VERTEX_POINT('',#7867);
#2452=VERTEX_POINT('',#7878);
#2453=VERTEX_POINT('',#7880);
#2454=VERTEX_POINT('',#7883);
#2455=VERTEX_POINT('',#7885);
#2456=VERTEX_POINT('',#7888);
#2457=VERTEX_POINT('',#7889);
#2458=VERTEX_POINT('',#7891);
#2459=VERTEX_POINT('',#7893);
#2460=VERTEX_POINT('',#7895);
#2461=VERTEX_POINT('',#7897);
#2462=VERTEX_POINT('',#7901);
#2463=VERTEX_POINT('',#7902);
#2464=VERTEX_POINT('',#7904);
#2465=VERTEX_POINT('',#7906);
#2466=VERTEX_POINT('',#7908);
#2467=VERTEX_POINT('',#7910);
#2468=VERTEX_POINT('',#7913);
#2469=VERTEX_POINT('',#7916);
#2470=VERTEX_POINT('',#7917);
#2471=VERTEX_POINT('',#7919);
#2472=VERTEX_POINT('',#7921);
#2473=VERTEX_POINT('',#7923);
#2474=VERTEX_POINT('',#7925);
#2475=VERTEX_POINT('',#7928);
#2476=EDGE_CURVE('',#2014,#2015,#1886,.T.);
#2477=EDGE_CURVE('',#2015,#2016,#750,.T.);
#2478=EDGE_CURVE('',#2016,#2017,#1887,.T.);
#2479=EDGE_CURVE('',#2017,#2014,#751,.T.);
#2480=EDGE_CURVE('',#2014,#2018,#752,.T.);
#2481=EDGE_CURVE('',#2019,#2018,#1888,.T.);
#2482=EDGE_CURVE('',#2019,#2020,#753,.T.);
#2483=EDGE_CURVE('',#2020,#2021,#754,.T.);
#2484=EDGE_CURVE('',#2015,#2021,#755,.T.);
#2485=EDGE_CURVE('',#2022,#2022,#1889,.T.);
#2486=EDGE_CURVE('',#2023,#2023,#1890,.T.);
#2487=EDGE_CURVE('',#2024,#2024,#1891,.T.);
#2488=EDGE_CURVE('',#2025,#2025,#1892,.T.);
#2489=EDGE_CURVE('',#2026,#2017,#756,.T.);
#2490=EDGE_CURVE('',#2027,#2026,#757,.T.);
#2491=EDGE_CURVE('',#2028,#2027,#758,.T.);
#2492=EDGE_CURVE('',#2029,#2028,#759,.T.);
#2493=EDGE_CURVE('',#2030,#2029,#760,.T.);
#2494=EDGE_CURVE('',#2031,#2030,#761,.T.);
#2495=EDGE_CURVE('',#2032,#2031,#762,.T.);
#2496=EDGE_CURVE('',#2033,#2032,#763,.T.);
#2497=EDGE_CURVE('',#2034,#2033,#764,.T.);
#2498=EDGE_CURVE('',#2035,#2034,#765,.T.);
#2499=EDGE_CURVE('',#2036,#2035,#766,.T.);
#2500=EDGE_CURVE('',#2037,#2036,#767,.T.);
#2501=EDGE_CURVE('',#2038,#2037,#768,.T.);
#2502=EDGE_CURVE('',#2039,#2038,#769,.T.);
#2503=EDGE_CURVE('',#2040,#2039,#770,.T.);
#2504=EDGE_CURVE('',#2041,#2040,#771,.T.);
#2505=EDGE_CURVE('',#2042,#2041,#772,.T.);
#2506=EDGE_CURVE('',#2043,#2042,#773,.T.);
#2507=EDGE_CURVE('',#2044,#2043,#774,.T.);
#2508=EDGE_CURVE('',#2018,#2044,#775,.T.);
#2509=EDGE_CURVE('',#2044,#2045,#1893,.T.);
#2510=EDGE_CURVE('',#2045,#2019,#776,.T.);
#2511=EDGE_CURVE('',#2043,#2046,#777,.T.);
#2512=EDGE_CURVE('',#2047,#2046,#1894,.T.);
#2513=EDGE_CURVE('',#2047,#2048,#778,.T.);
#2514=EDGE_CURVE('',#2045,#2048,#779,.T.);
#2515=EDGE_CURVE('',#2034,#2049,#780,.T.);
#2516=EDGE_CURVE('',#2050,#2049,#781,.T.);
#2517=EDGE_CURVE('',#2035,#2050,#782,.T.);
#2518=EDGE_CURVE('',#2032,#2051,#783,.T.);
#2519=EDGE_CURVE('',#2052,#2051,#784,.T.);
#2520=EDGE_CURVE('',#2033,#2052,#785,.T.);
#2521=EDGE_CURVE('',#2053,#2030,#786,.T.);
#2522=EDGE_CURVE('',#2054,#2053,#787,.T.);
#2523=EDGE_CURVE('',#2054,#2031,#788,.T.);
#2524=EDGE_CURVE('',#2055,#2052,#1895,.T.);
#2525=EDGE_CURVE('',#2055,#2056,#789,.T.);
#2526=EDGE_CURVE('',#2057,#2056,#1896,.T.);
#2527=EDGE_CURVE('',#2057,#2040,#790,.T.);
#2528=EDGE_CURVE('',#2058,#2039,#791,.T.);
#2529=EDGE_CURVE('',#2049,#2058,#792,.T.);
#2530=EDGE_CURVE('',#2029,#2059,#793,.T.);
#2531=EDGE_CURVE('',#2060,#2059,#1897,.T.);
#2532=EDGE_CURVE('',#2060,#2061,#794,.T.);
#2533=EDGE_CURVE('',#2053,#2061,#1898,.T.);
#2534=EDGE_CURVE('',#2028,#2062,#795,.T.);
#2535=EDGE_CURVE('',#2059,#2062,#796,.T.);
#2536=EDGE_CURVE('',#2063,#2054,#1899,.F.);
#2537=EDGE_CURVE('',#2064,#2063,#797,.T.);
#2538=EDGE_CURVE('',#2062,#2064,#1900,.F.);
#2539=EDGE_CURVE('',#2065,#2027,#798,.T.);
#2540=EDGE_CURVE('',#2066,#2065,#1901,.F.);
#2541=EDGE_CURVE('',#2067,#2066,#799,.T.);
#2542=EDGE_CURVE('',#2068,#2067,#800,.T.);
#2543=EDGE_CURVE('',#2069,#2068,#801,.T.);
#2544=EDGE_CURVE('',#2070,#2069,#1902,.F.);
#2545=EDGE_CURVE('',#2071,#2070,#802,.T.);
#2546=EDGE_CURVE('',#2072,#2071,#1903,.F.);
#2547=EDGE_CURVE('',#2073,#2072,#803,.T.);
#2548=EDGE_CURVE('',#2074,#2073,#804,.T.);
#2549=EDGE_CURVE('',#2075,#2074,#805,.T.);
#2550=EDGE_CURVE('',#2076,#2075,#1904,.F.);
#2551=EDGE_CURVE('',#2077,#2076,#806,.T.);
#2552=EDGE_CURVE('',#2078,#2077,#1905,.F.);
#2553=EDGE_CURVE('',#2079,#2078,#807,.T.);
#2554=EDGE_CURVE('',#2080,#2079,#808,.T.);
#2555=EDGE_CURVE('',#2081,#2080,#809,.T.);
#2556=EDGE_CURVE('',#2082,#2081,#810,.T.);
#2557=EDGE_CURVE('',#2083,#2082,#811,.T.);
#2558=EDGE_CURVE('',#2084,#2083,#1906,.F.);
#2559=EDGE_CURVE('',#2085,#2084,#812,.T.);
#2560=EDGE_CURVE('',#2086,#2085,#1907,.F.);
#2561=EDGE_CURVE('',#2087,#2086,#813,.T.);
#2562=EDGE_CURVE('',#2088,#2087,#814,.T.);
#2563=EDGE_CURVE('',#2089,#2088,#815,.T.);
#2564=EDGE_CURVE('',#2090,#2089,#1908,.F.);
#2565=EDGE_CURVE('',#2091,#2090,#816,.T.);
#2566=EDGE_CURVE('',#2092,#2091,#1909,.F.);
#2567=EDGE_CURVE('',#2093,#2092,#817,.T.);
#2568=EDGE_CURVE('',#2094,#2093,#818,.T.);
#2569=EDGE_CURVE('',#2095,#2094,#819,.T.);
#2570=EDGE_CURVE('',#2096,#2095,#1910,.F.);
#2571=EDGE_CURVE('',#2042,#2096,#820,.T.);
#2572=EDGE_CURVE('',#2097,#2041,#821,.T.);
#2573=EDGE_CURVE('',#2098,#2097,#1911,.F.);
#2574=EDGE_CURVE('',#2099,#2098,#822,.T.);
#2575=EDGE_CURVE('',#2051,#2099,#1912,.F.);
#2576=EDGE_CURVE('',#2100,#2101,#1913,.F.);
#2577=EDGE_CURVE('',#2102,#2100,#823,.T.);
#2578=EDGE_CURVE('',#2103,#2102,#1914,.F.);
#2579=EDGE_CURVE('',#2104,#2103,#824,.T.);
#2580=EDGE_CURVE('',#2105,#2104,#1915,.F.);
#2581=EDGE_CURVE('',#2106,#2105,#825,.T.);
#2582=EDGE_CURVE('',#2107,#2106,#1916,.F.);
#2583=EDGE_CURVE('',#2101,#2107,#826,.T.);
#2584=EDGE_CURVE('',#2108,#2109,#1917,.F.);
#2585=EDGE_CURVE('',#2110,#2108,#827,.T.);
#2586=EDGE_CURVE('',#2111,#2110,#1918,.F.);
#2587=EDGE_CURVE('',#2112,#2111,#828,.T.);
#2588=EDGE_CURVE('',#2113,#2112,#1919,.F.);
#2589=EDGE_CURVE('',#2114,#2113,#829,.T.);
#2590=EDGE_CURVE('',#2115,#2114,#1920,.F.);
#2591=EDGE_CURVE('',#2109,#2115,#830,.T.);
#2592=EDGE_CURVE('',#2116,#2117,#1921,.F.);
#2593=EDGE_CURVE('',#2118,#2116,#831,.T.);
#2594=EDGE_CURVE('',#2119,#2118,#1922,.F.);
#2595=EDGE_CURVE('',#2120,#2119,#832,.T.);
#2596=EDGE_CURVE('',#2121,#2120,#1923,.F.);
#2597=EDGE_CURVE('',#2122,#2121,#833,.T.);
#2598=EDGE_CURVE('',#2123,#2122,#1924,.F.);
#2599=EDGE_CURVE('',#2117,#2123,#834,.T.);
#2600=EDGE_CURVE('',#2124,#2125,#1925,.F.);
#2601=EDGE_CURVE('',#2126,#2124,#835,.T.);
#2602=EDGE_CURVE('',#2127,#2126,#1926,.F.);
#2603=EDGE_CURVE('',#2128,#2127,#836,.T.);
#2604=EDGE_CURVE('',#2129,#2128,#1927,.F.);
#2605=EDGE_CURVE('',#2130,#2129,#837,.T.);
#2606=EDGE_CURVE('',#2131,#2130,#1928,.F.);
#2607=EDGE_CURVE('',#2125,#2131,#838,.T.);
#2608=EDGE_CURVE('',#2132,#2026,#839,.T.);
#2609=EDGE_CURVE('',#2065,#2132,#840,.T.);
#2610=EDGE_CURVE('',#2133,#2016,#841,.T.);
#2611=EDGE_CURVE('',#2133,#2134,#842,.T.);
#2612=EDGE_CURVE('',#2132,#2134,#1929,.T.);
#2613=EDGE_CURVE('',#2021,#2135,#843,.T.);
#2614=EDGE_CURVE('',#2136,#2135,#844,.T.);
#2615=EDGE_CURVE('',#2136,#2137,#845,.T.);
#2616=EDGE_CURVE('',#2137,#2138,#846,.T.);
#2617=EDGE_CURVE('',#2138,#2139,#847,.T.);
#2618=EDGE_CURVE('',#2139,#2140,#848,.T.);
#2619=EDGE_CURVE('',#2140,#2141,#849,.T.);
#2620=EDGE_CURVE('',#2141,#2142,#850,.T.);
#2621=EDGE_CURVE('',#2142,#2143,#851,.T.);
#2622=EDGE_CURVE('',#2143,#2144,#852,.T.);
#2623=EDGE_CURVE('',#2144,#2145,#853,.T.);
#2624=EDGE_CURVE('',#2145,#2146,#854,.T.);
#2625=EDGE_CURVE('',#2146,#2080,#855,.T.);
#2626=EDGE_CURVE('',#2079,#2147,#856,.T.);
#2627=EDGE_CURVE('',#2147,#2148,#857,.T.);
#2628=EDGE_CURVE('',#2148,#2149,#858,.T.);
#2629=EDGE_CURVE('',#2150,#2149,#859,.T.);
#2630=EDGE_CURVE('',#2150,#2151,#860,.T.);
#2631=EDGE_CURVE('',#2151,#2152,#861,.T.);
#2632=EDGE_CURVE('',#2152,#2074,#862,.T.);
#2633=EDGE_CURVE('',#2073,#2153,#863,.T.);
#2634=EDGE_CURVE('',#2153,#2154,#864,.T.);
#2635=EDGE_CURVE('',#2154,#2068,#865,.T.);
#2636=EDGE_CURVE('',#2067,#2133,#866,.T.);
#2637=EDGE_CURVE('',#2048,#2094,#867,.T.);
#2638=EDGE_CURVE('',#2093,#2155,#868,.T.);
#2639=EDGE_CURVE('',#2155,#2156,#869,.T.);
#2640=EDGE_CURVE('',#2156,#2088,#870,.T.);
#2641=EDGE_CURVE('',#2087,#2157,#871,.T.);
#2642=EDGE_CURVE('',#2157,#2158,#872,.T.);
#2643=EDGE_CURVE('',#2158,#2159,#873,.T.);
#2644=EDGE_CURVE('',#2160,#2159,#874,.T.);
#2645=EDGE_CURVE('',#2160,#2161,#875,.T.);
#2646=EDGE_CURVE('',#2161,#2162,#876,.T.);
#2647=EDGE_CURVE('',#2162,#2082,#877,.T.);
#2648=EDGE_CURVE('',#2081,#2163,#878,.T.);
#2649=EDGE_CURVE('',#2163,#2164,#879,.T.);
#2650=EDGE_CURVE('',#2164,#2165,#880,.T.);
#2651=EDGE_CURVE('',#2165,#2166,#881,.T.);
#2652=EDGE_CURVE('',#2166,#2167,#882,.T.);
#2653=EDGE_CURVE('',#2167,#2168,#883,.T.);
#2654=EDGE_CURVE('',#2168,#2169,#884,.T.);
#2655=EDGE_CURVE('',#2169,#2170,#885,.T.);
#2656=EDGE_CURVE('',#2170,#2171,#886,.T.);
#2657=EDGE_CURVE('',#2171,#2172,#887,.T.);
#2658=EDGE_CURVE('',#2172,#2173,#888,.T.);
#2659=EDGE_CURVE('',#2174,#2173,#889,.T.);
#2660=EDGE_CURVE('',#2020,#2174,#890,.T.);
#2661=EDGE_CURVE('',#2175,#2176,#1930,.T.);
#2662=EDGE_CURVE('',#2176,#2086,#891,.T.);
#2663=EDGE_CURVE('',#2085,#2175,#892,.T.);
#2664=EDGE_CURVE('',#2177,#2084,#893,.T.);
#2665=EDGE_CURVE('',#2175,#2177,#894,.T.);
#2666=EDGE_CURVE('',#2178,#2179,#1931,.T.);
#2667=EDGE_CURVE('',#2179,#2113,#895,.T.);
#2668=EDGE_CURVE('',#2112,#2178,#896,.T.);
#2669=EDGE_CURVE('',#2180,#2111,#897,.T.);
#2670=EDGE_CURVE('',#2178,#2180,#898,.T.);
#2671=EDGE_CURVE('',#2181,#2182,#1932,.T.);
#2672=EDGE_CURVE('',#2182,#2090,#899,.T.);
#2673=EDGE_CURVE('',#2089,#2181,#900,.T.);
#2674=EDGE_CURVE('',#2183,#2156,#901,.T.);
#2675=EDGE_CURVE('',#2184,#2183,#902,.T.);
#2676=EDGE_CURVE('',#2181,#2184,#903,.T.);
#2677=EDGE_CURVE('',#2185,#2186,#1933,.T.);
#2678=EDGE_CURVE('',#2186,#2107,#904,.T.);
#2679=EDGE_CURVE('',#2106,#2185,#905,.T.);
#2680=EDGE_CURVE('',#2187,#2105,#906,.T.);
#2681=EDGE_CURVE('',#2188,#2187,#907,.T.);
#2682=EDGE_CURVE('',#2189,#2188,#908,.T.);
#2683=EDGE_CURVE('',#2185,#2189,#909,.T.);
#2684=EDGE_CURVE('',#2190,#2191,#1934,.T.);
#2685=EDGE_CURVE('',#2191,#2115,#910,.T.);
#2686=EDGE_CURVE('',#2114,#2190,#911,.T.);
#2687=EDGE_CURVE('',#2190,#2179,#912,.T.);
#2688=EDGE_CURVE('',#2192,#2177,#1935,.T.);
#2689=EDGE_CURVE('',#2083,#2192,#913,.T.);
#2690=EDGE_CURVE('',#2193,#2162,#914,.T.);
#2691=EDGE_CURVE('',#2194,#2193,#915,.T.);
#2692=EDGE_CURVE('',#2192,#2194,#916,.T.);
#2693=EDGE_CURVE('',#2195,#2196,#1936,.T.);
#2694=EDGE_CURVE('',#2196,#2108,#917,.T.);
#2695=EDGE_CURVE('',#2109,#2195,#918,.T.);
#2696=EDGE_CURVE('',#2195,#2191,#919,.T.);
#2697=EDGE_CURVE('',#2197,#2198,#1937,.T.);
#2698=EDGE_CURVE('',#2198,#2131,#920,.T.);
#2699=EDGE_CURVE('',#2130,#2197,#921,.T.);
#2700=EDGE_CURVE('',#2199,#2129,#922,.T.);
#2701=EDGE_CURVE('',#2197,#2199,#923,.T.);
#2702=EDGE_CURVE('',#2200,#2201,#1938,.T.);
#2703=EDGE_CURVE('',#2201,#2078,#924,.T.);
#2704=EDGE_CURVE('',#2077,#2200,#925,.T.);
#2705=EDGE_CURVE('',#2202,#2201,#926,.T.);
#2706=EDGE_CURVE('',#2203,#2202,#927,.T.);
#2707=EDGE_CURVE('',#2147,#2203,#928,.T.);
#2708=EDGE_CURVE('',#2200,#2204,#929,.T.);
#2709=EDGE_CURVE('',#2205,#2204,#1939,.T.);
#2710=EDGE_CURVE('',#2205,#2206,#930,.T.);
#2711=EDGE_CURVE('',#2202,#2206,#931,.T.);
#2712=EDGE_CURVE('',#2207,#2208,#1940,.T.);
#2713=EDGE_CURVE('',#2208,#2124,#932,.T.);
#2714=EDGE_CURVE('',#2125,#2207,#933,.T.);
#2715=EDGE_CURVE('',#2207,#2198,#934,.T.);
#2716=EDGE_CURVE('',#2209,#2210,#1941,.T.);
#2717=EDGE_CURVE('',#2210,#2127,#935,.T.);
#2718=EDGE_CURVE('',#2126,#2209,#936,.T.);
#2719=EDGE_CURVE('',#2209,#2208,#937,.T.);
#2720=EDGE_CURVE('',#2204,#2076,#938,.T.);
#2721=EDGE_CURVE('',#2075,#2205,#939,.T.);
#2722=EDGE_CURVE('',#2211,#2152,#940,.T.);
#2723=EDGE_CURVE('',#2206,#2211,#941,.T.);
#2724=EDGE_CURVE('',#2212,#2213,#1942,.T.);
#2725=EDGE_CURVE('',#2213,#2116,#942,.T.);
#2726=EDGE_CURVE('',#2117,#2212,#943,.T.);
#2727=EDGE_CURVE('',#2214,#2123,#944,.T.);
#2728=EDGE_CURVE('',#2212,#2214,#945,.T.);
#2729=EDGE_CURVE('',#2215,#2216,#1943,.T.);
#2730=EDGE_CURVE('',#2216,#2072,#946,.T.);
#2731=EDGE_CURVE('',#2071,#2215,#947,.T.);
#2732=EDGE_CURVE('',#2215,#2217,#948,.T.);
#2733=EDGE_CURVE('',#2218,#2217,#949,.T.);
#2734=EDGE_CURVE('',#2219,#2218,#950,.T.);
#2735=EDGE_CURVE('',#2219,#2216,#951,.T.);
#2736=EDGE_CURVE('',#2220,#2070,#952,.T.);
#2737=EDGE_CURVE('',#2221,#2220,#953,.T.);
#2738=EDGE_CURVE('',#2217,#2221,#954,.T.);
#2739=EDGE_CURVE('',#2222,#2223,#1944,.T.);
#2740=EDGE_CURVE('',#2223,#2100,#955,.T.);
#2741=EDGE_CURVE('',#2101,#2222,#956,.T.);
#2742=EDGE_CURVE('',#2222,#2186,#957,.T.);
#2743=EDGE_CURVE('',#2224,#2180,#1945,.T.);
#2744=EDGE_CURVE('',#2110,#2224,#958,.T.);
#2745=EDGE_CURVE('',#2224,#2196,#959,.T.);
#2746=EDGE_CURVE('',#2225,#2214,#1946,.T.);
#2747=EDGE_CURVE('',#2122,#2225,#960,.T.);
#2748=EDGE_CURVE('',#2226,#2121,#961,.T.);
#2749=EDGE_CURVE('',#2227,#2226,#962,.T.);
#2750=EDGE_CURVE('',#2228,#2227,#963,.T.);
#2751=EDGE_CURVE('',#2225,#2228,#964,.T.);
#2752=EDGE_CURVE('',#2229,#2199,#1947,.T.);
#2753=EDGE_CURVE('',#2128,#2229,#965,.T.);
#2754=EDGE_CURVE('',#2229,#2210,#966,.T.);
#2755=EDGE_CURVE('',#2134,#2066,#967,.T.);
#2756=EDGE_CURVE('',#2230,#2220,#1948,.T.);
#2757=EDGE_CURVE('',#2069,#2230,#968,.T.);
#2758=EDGE_CURVE('',#2230,#2154,#969,.T.);
#2759=EDGE_CURVE('',#2153,#2231,#970,.T.);
#2760=EDGE_CURVE('',#2232,#2231,#971,.T.);
#2761=EDGE_CURVE('',#2221,#2232,#972,.T.);
#2762=EDGE_CURVE('',#2064,#2060,#973,.T.);
#2763=EDGE_CURVE('',#2233,#2234,#1949,.T.);
#2764=EDGE_CURVE('',#2234,#2119,#974,.T.);
#2765=EDGE_CURVE('',#2118,#2233,#975,.T.);
#2766=EDGE_CURVE('',#2235,#2234,#976,.T.);
#2767=EDGE_CURVE('',#2120,#2235,#977,.T.);
#2768=EDGE_CURVE('',#2233,#2236,#978,.T.);
#2769=EDGE_CURVE('',#2227,#2236,#979,.T.);
#2770=EDGE_CURVE('',#2235,#2226,#1950,.T.);
#2771=EDGE_CURVE('',#2061,#2063,#980,.T.);
#2772=EDGE_CURVE('',#2237,#2238,#1951,.T.);
#2773=EDGE_CURVE('',#2238,#2103,#981,.T.);
#2774=EDGE_CURVE('',#2102,#2237,#982,.T.);
#2775=EDGE_CURVE('',#2239,#2238,#983,.T.);
#2776=EDGE_CURVE('',#2104,#2239,#984,.T.);
#2777=EDGE_CURVE('',#2237,#2240,#985,.T.);
#2778=EDGE_CURVE('',#2188,#2240,#986,.T.);
#2779=EDGE_CURVE('',#2239,#2187,#1952,.T.);
#2780=EDGE_CURVE('',#2099,#2055,#987,.T.);
#2781=EDGE_CURVE('',#2056,#2098,#988,.T.);
#2782=EDGE_CURVE('',#2046,#2096,#989,.T.);
#2783=EDGE_CURVE('',#2095,#2047,#990,.T.);
#2784=EDGE_CURVE('',#2241,#2242,#1953,.T.);
#2785=EDGE_CURVE('',#2242,#2092,#991,.T.);
#2786=EDGE_CURVE('',#2091,#2241,#992,.T.);
#2787=EDGE_CURVE('',#2243,#2182,#993,.T.);
#2788=EDGE_CURVE('',#2244,#2243,#994,.T.);
#2789=EDGE_CURVE('',#2241,#2244,#995,.T.);
#2790=EDGE_CURVE('',#2097,#2057,#996,.T.);
#2791=EDGE_CURVE('',#2245,#2246,#1954,.T.);
#2792=EDGE_CURVE('',#2246,#2247,#997,.T.);
#2793=EDGE_CURVE('',#2247,#2248,#1955,.F.);
#2794=EDGE_CURVE('',#2248,#2245,#998,.T.);
#2795=EDGE_CURVE('',#2248,#2249,#999,.T.);
#2796=EDGE_CURVE('',#2250,#2249,#1000,.T.);
#2797=EDGE_CURVE('',#2251,#2250,#1001,.T.);
#2798=EDGE_CURVE('',#2245,#2251,#1002,.T.);
#2799=EDGE_CURVE('',#2252,#2253,#1956,.T.);
#2800=EDGE_CURVE('',#2253,#2254,#1003,.T.);
#2801=EDGE_CURVE('',#2254,#2255,#1957,.F.);
#2802=EDGE_CURVE('',#2255,#2252,#1004,.T.);
#2803=EDGE_CURVE('',#2255,#2165,#1005,.T.);
#2804=EDGE_CURVE('',#2252,#2164,#1006,.T.);
#2805=EDGE_CURVE('',#2256,#2257,#1958,.T.);
#2806=EDGE_CURVE('',#2257,#2258,#1007,.T.);
#2807=EDGE_CURVE('',#2258,#2259,#1959,.F.);
#2808=EDGE_CURVE('',#2259,#2256,#1008,.T.);
#2809=EDGE_CURVE('',#2260,#2257,#1009,.T.);
#2810=EDGE_CURVE('',#2261,#2260,#1010,.T.);
#2811=EDGE_CURVE('',#2261,#2258,#1011,.T.);
#2812=EDGE_CURVE('',#2256,#2262,#1012,.T.);
#2813=EDGE_CURVE('',#2263,#2262,#1960,.T.);
#2814=EDGE_CURVE('',#2263,#2264,#1013,.T.);
#2815=EDGE_CURVE('',#2265,#2264,#1961,.T.);
#2816=EDGE_CURVE('',#2265,#2266,#1014,.T.);
#2817=EDGE_CURVE('',#2260,#2266,#1962,.T.);
#2818=EDGE_CURVE('',#2267,#2268,#1963,.T.);
#2819=EDGE_CURVE('',#2268,#2269,#1015,.T.);
#2820=EDGE_CURVE('',#2269,#2270,#1964,.F.);
#2821=EDGE_CURVE('',#2270,#2267,#1016,.T.);
#2822=EDGE_CURVE('',#2167,#2268,#1017,.T.);
#2823=EDGE_CURVE('',#2166,#2269,#1018,.T.);
#2824=EDGE_CURVE('',#2267,#2271,#1019,.T.);
#2825=EDGE_CURVE('',#2272,#2271,#1965,.T.);
#2826=EDGE_CURVE('',#2272,#2168,#1020,.T.);
#2827=EDGE_CURVE('',#2273,#2274,#1966,.T.);
#2828=EDGE_CURVE('',#2274,#2275,#1021,.T.);
#2829=EDGE_CURVE('',#2275,#2276,#1967,.F.);
#2830=EDGE_CURVE('',#2276,#2273,#1022,.T.);
#2831=EDGE_CURVE('',#2273,#2246,#1023,.T.);
#2832=EDGE_CURVE('',#2276,#2247,#1024,.T.);
#2833=EDGE_CURVE('',#2277,#2278,#1968,.T.);
#2834=EDGE_CURVE('',#2278,#2279,#1025,.T.);
#2835=EDGE_CURVE('',#2279,#2280,#1969,.F.);
#2836=EDGE_CURVE('',#2280,#2277,#1026,.T.);
#2837=EDGE_CURVE('',#2280,#2281,#1027,.T.);
#2838=EDGE_CURVE('',#2282,#2281,#1028,.T.);
#2839=EDGE_CURVE('',#2283,#2282,#1029,.T.);
#2840=EDGE_CURVE('',#2277,#2283,#1030,.T.);
#2841=EDGE_CURVE('',#2284,#2285,#1970,.T.);
#2842=EDGE_CURVE('',#2285,#2286,#1031,.T.);
#2843=EDGE_CURVE('',#2286,#2287,#1971,.F.);
#2844=EDGE_CURVE('',#2287,#2284,#1032,.T.);
#2845=EDGE_CURVE('',#2288,#2285,#1033,.T.);
#2846=EDGE_CURVE('',#2289,#2288,#1034,.T.);
#2847=EDGE_CURVE('',#2289,#2286,#1035,.T.);
#2848=EDGE_CURVE('',#2284,#2290,#1036,.T.);
#2849=EDGE_CURVE('',#2291,#2290,#1972,.T.);
#2850=EDGE_CURVE('',#2291,#2292,#1037,.T.);
#2851=EDGE_CURVE('',#2293,#2292,#1973,.T.);
#2852=EDGE_CURVE('',#2293,#2294,#1038,.T.);
#2853=EDGE_CURVE('',#2288,#2294,#1974,.T.);
#2854=EDGE_CURVE('',#2262,#2295,#1039,.T.);
#2855=EDGE_CURVE('',#2295,#2296,#1975,.F.);
#2856=EDGE_CURVE('',#2296,#2263,#1040,.T.);
#2857=EDGE_CURVE('',#2296,#2297,#1041,.T.);
#2858=EDGE_CURVE('',#2264,#2297,#1042,.T.);
#2859=EDGE_CURVE('',#2298,#2299,#1976,.T.);
#2860=EDGE_CURVE('',#2299,#2300,#1043,.T.);
#2861=EDGE_CURVE('',#2300,#2301,#1977,.F.);
#2862=EDGE_CURVE('',#2301,#2298,#1044,.T.);
#2863=EDGE_CURVE('',#2298,#2278,#1045,.T.);
#2864=EDGE_CURVE('',#2301,#2279,#1046,.T.);
#2865=EDGE_CURVE('',#2302,#2303,#1978,.T.);
#2866=EDGE_CURVE('',#2303,#2304,#1047,.T.);
#2867=EDGE_CURVE('',#2304,#2305,#1979,.F.);
#2868=EDGE_CURVE('',#2305,#2302,#1048,.T.);
#2869=EDGE_CURVE('',#2305,#2306,#1049,.T.);
#2870=EDGE_CURVE('',#2307,#2306,#1050,.T.);
#2871=EDGE_CURVE('',#2308,#2307,#1051,.T.);
#2872=EDGE_CURVE('',#2302,#2308,#1052,.T.);
#2873=EDGE_CURVE('',#2290,#2309,#1053,.T.);
#2874=EDGE_CURVE('',#2309,#2310,#1980,.F.);
#2875=EDGE_CURVE('',#2310,#2291,#1054,.T.);
#2876=EDGE_CURVE('',#2310,#2311,#1055,.T.);
#2877=EDGE_CURVE('',#2292,#2311,#1056,.T.);
#2878=EDGE_CURVE('',#2312,#2313,#1981,.T.);
#2879=EDGE_CURVE('',#2313,#2314,#1057,.T.);
#2880=EDGE_CURVE('',#2314,#2315,#1982,.F.);
#2881=EDGE_CURVE('',#2315,#2312,#1058,.T.);
#2882=EDGE_CURVE('',#2316,#2313,#1059,.T.);
#2883=EDGE_CURVE('',#2317,#2316,#1060,.T.);
#2884=EDGE_CURVE('',#2317,#2314,#1061,.T.);
#2885=EDGE_CURVE('',#2312,#2142,#1062,.T.);
#2886=EDGE_CURVE('',#2141,#2318,#1063,.T.);
#2887=EDGE_CURVE('',#2316,#2318,#1983,.T.);
#2888=EDGE_CURVE('',#2311,#2319,#1984,.F.);
#2889=EDGE_CURVE('',#2319,#2293,#1064,.T.);
#2890=EDGE_CURVE('',#2318,#2320,#1065,.T.);
#2891=EDGE_CURVE('',#2320,#2317,#1985,.F.);
#2892=EDGE_CURVE('',#2321,#2322,#1986,.T.);
#2893=EDGE_CURVE('',#2322,#2323,#1066,.T.);
#2894=EDGE_CURVE('',#2323,#2324,#1987,.F.);
#2895=EDGE_CURVE('',#2324,#2321,#1067,.T.);
#2896=EDGE_CURVE('',#2325,#2322,#1068,.T.);
#2897=EDGE_CURVE('',#2326,#2325,#1069,.T.);
#2898=EDGE_CURVE('',#2326,#2323,#1070,.T.);
#2899=EDGE_CURVE('',#2321,#2327,#1071,.T.);
#2900=EDGE_CURVE('',#2328,#2327,#1072,.T.);
#2901=EDGE_CURVE('',#2328,#2329,#1073,.T.);
#2902=EDGE_CURVE('',#2325,#2329,#1988,.T.);
#2903=EDGE_CURVE('',#2330,#2331,#1989,.T.);
#2904=EDGE_CURVE('',#2331,#2332,#1074,.T.);
#2905=EDGE_CURVE('',#2332,#2333,#1990,.F.);
#2906=EDGE_CURVE('',#2333,#2330,#1075,.T.);
#2907=EDGE_CURVE('',#2330,#2138,#1076,.T.);
#2908=EDGE_CURVE('',#2334,#2137,#1077,.T.);
#2909=EDGE_CURVE('',#2335,#2334,#1078,.T.);
#2910=EDGE_CURVE('',#2336,#2335,#1079,.T.);
#2911=EDGE_CURVE('',#2336,#2331,#1080,.T.);
#2912=EDGE_CURVE('',#2333,#2139,#1081,.T.);
#2913=EDGE_CURVE('',#2297,#2337,#1991,.F.);
#2914=EDGE_CURVE('',#2337,#2265,#1082,.T.);
#2915=EDGE_CURVE('',#2294,#2338,#1083,.T.);
#2916=EDGE_CURVE('',#2338,#2289,#1992,.F.);
#2917=EDGE_CURVE('',#2339,#2340,#1993,.T.);
#2918=EDGE_CURVE('',#2340,#2341,#1084,.T.);
#2919=EDGE_CURVE('',#2341,#2342,#1994,.F.);
#2920=EDGE_CURVE('',#2342,#2339,#1085,.T.);
#2921=EDGE_CURVE('',#2343,#2340,#1086,.T.);
#2922=EDGE_CURVE('',#2344,#2343,#1087,.T.);
#2923=EDGE_CURVE('',#2344,#2341,#1088,.T.);
#2924=EDGE_CURVE('',#2339,#2345,#1089,.T.);
#2925=EDGE_CURVE('',#2346,#2345,#1090,.T.);
#2926=EDGE_CURVE('',#2346,#2347,#1091,.T.);
#2927=EDGE_CURVE('',#2343,#2347,#1995,.T.);
#2928=EDGE_CURVE('',#2329,#2348,#1092,.T.);
#2929=EDGE_CURVE('',#2348,#2326,#1996,.F.);
#2930=EDGE_CURVE('',#2266,#2349,#1093,.T.);
#2931=EDGE_CURVE('',#2349,#2261,#1997,.F.);
#2932=EDGE_CURVE('',#2271,#2350,#1094,.T.);
#2933=EDGE_CURVE('',#2350,#2351,#1998,.F.);
#2934=EDGE_CURVE('',#2351,#2272,#1095,.T.);
#2935=EDGE_CURVE('',#2351,#2169,#1096,.T.);
#2936=EDGE_CURVE('',#2347,#2352,#1097,.T.);
#2937=EDGE_CURVE('',#2352,#2344,#1999,.F.);
#2938=EDGE_CURVE('',#2353,#2354,#2000,.T.);
#2939=EDGE_CURVE('',#2354,#2355,#1098,.T.);
#2940=EDGE_CURVE('',#2355,#2356,#2001,.F.);
#2941=EDGE_CURVE('',#2356,#2353,#1099,.T.);
#2942=EDGE_CURVE('',#2353,#2357,#1100,.T.);
#2943=EDGE_CURVE('',#2358,#2357,#1101,.T.);
#2944=EDGE_CURVE('',#2359,#2358,#1102,.T.);
#2945=EDGE_CURVE('',#2172,#2359,#1103,.T.);
#2946=EDGE_CURVE('',#2171,#2354,#1104,.T.);
#2947=EDGE_CURVE('',#2356,#2360,#1105,.T.);
#2948=EDGE_CURVE('',#2357,#2360,#1106,.T.);
#2949=EDGE_CURVE('',#2287,#2309,#1107,.T.);
#2950=EDGE_CURVE('',#2259,#2295,#1108,.T.);
#2951=EDGE_CURVE('',#2315,#2143,#1109,.T.);
#2952=EDGE_CURVE('',#2145,#2303,#1110,.T.);
#2953=EDGE_CURVE('',#2144,#2304,#1111,.T.);
#2954=EDGE_CURVE('',#2361,#2307,#1112,.T.);
#2955=EDGE_CURVE('',#2306,#2362,#1113,.T.);
#2956=EDGE_CURVE('',#2361,#2362,#1114,.T.);
#2957=EDGE_CURVE('',#2363,#2299,#1115,.T.);
#2958=EDGE_CURVE('',#2361,#2363,#1116,.T.);
#2959=EDGE_CURVE('',#2362,#2300,#1117,.T.);
#2960=EDGE_CURVE('',#2364,#2282,#1118,.T.);
#2961=EDGE_CURVE('',#2281,#2365,#1119,.T.);
#2962=EDGE_CURVE('',#2364,#2365,#1120,.T.);
#2963=EDGE_CURVE('',#2366,#2274,#1121,.T.);
#2964=EDGE_CURVE('',#2364,#2366,#1122,.T.);
#2965=EDGE_CURVE('',#2365,#2275,#1123,.T.);
#2966=EDGE_CURVE('',#2367,#2250,#1124,.T.);
#2967=EDGE_CURVE('',#2249,#2368,#1125,.T.);
#2968=EDGE_CURVE('',#2367,#2368,#1126,.T.);
#2969=EDGE_CURVE('',#2369,#2253,#1127,.T.);
#2970=EDGE_CURVE('',#2367,#2369,#1128,.T.);
#2971=EDGE_CURVE('',#2368,#2254,#1129,.T.);
#2972=EDGE_CURVE('',#2319,#2338,#1130,.T.);
#2973=EDGE_CURVE('',#2337,#2349,#1131,.T.);
#2974=EDGE_CURVE('',#2140,#2320,#1132,.T.);
#2975=EDGE_CURVE('',#2370,#2336,#1133,.T.);
#2976=EDGE_CURVE('',#2370,#2332,#1134,.T.);
#2977=EDGE_CURVE('',#2324,#2371,#1135,.T.);
#2978=EDGE_CURVE('',#2327,#2371,#1136,.T.);
#2979=EDGE_CURVE('',#2372,#2328,#1137,.T.);
#2980=EDGE_CURVE('',#2372,#2348,#1138,.T.);
#2981=EDGE_CURVE('',#2342,#2373,#1139,.T.);
#2982=EDGE_CURVE('',#2345,#2373,#1140,.T.);
#2983=EDGE_CURVE('',#2374,#2346,#1141,.T.);
#2984=EDGE_CURVE('',#2374,#2352,#1142,.T.);
#2985=EDGE_CURVE('',#2170,#2355,#1143,.T.);
#2986=EDGE_CURVE('',#2270,#2350,#1144,.T.);
#2987=EDGE_CURVE('',#2371,#2370,#1145,.T.);
#2988=EDGE_CURVE('',#2373,#2372,#1146,.T.);
#2989=EDGE_CURVE('',#2360,#2374,#1147,.T.);
#2990=EDGE_CURVE('',#2375,#2223,#1148,.T.);
#2991=EDGE_CURVE('',#2240,#2375,#1149,.T.);
#2992=EDGE_CURVE('',#2376,#2213,#1150,.T.);
#2993=EDGE_CURVE('',#2236,#2376,#1151,.T.);
#2994=EDGE_CURVE('',#2155,#2242,#1152,.T.);
#2995=EDGE_CURVE('',#2377,#2176,#1153,.T.);
#2996=EDGE_CURVE('',#2378,#2377,#1154,.T.);
#2997=EDGE_CURVE('',#2157,#2378,#1155,.T.);
#2998=EDGE_CURVE('',#2231,#2219,#1156,.T.);
#2999=EDGE_CURVE('',#2379,#2146,#1157,.T.);
#3000=EDGE_CURVE('',#2380,#2379,#1158,.T.);
#3001=EDGE_CURVE('',#2381,#2380,#1159,.T.);
#3002=EDGE_CURVE('',#2382,#2381,#1160,.T.);
#3003=EDGE_CURVE('',#2163,#2382,#1161,.T.);
#3004=EDGE_CURVE('',#2369,#2383,#1162,.T.);
#3005=EDGE_CURVE('',#2383,#2384,#1163,.T.);
#3006=EDGE_CURVE('',#2384,#2367,#1164,.T.);
#3007=EDGE_CURVE('',#2366,#2251,#1165,.T.);
#3008=EDGE_CURVE('',#2250,#2364,#1166,.T.);
#3009=EDGE_CURVE('',#2363,#2283,#1167,.T.);
#3010=EDGE_CURVE('',#2282,#2361,#1168,.T.);
#3011=EDGE_CURVE('',#2243,#2385,#1169,.T.);
#3012=EDGE_CURVE('',#2385,#2386,#1170,.T.);
#3013=EDGE_CURVE('',#2386,#2244,#1171,.T.);
#3014=EDGE_CURVE('',#2218,#2232,#1172,.T.);
#3015=EDGE_CURVE('',#2376,#2228,#1173,.T.);
#3016=EDGE_CURVE('',#2375,#2189,#1174,.T.);
#3017=EDGE_CURVE('',#2379,#2387,#1175,.T.);
#3018=EDGE_CURVE('',#2388,#2387,#1176,.T.);
#3019=EDGE_CURVE('',#2388,#2380,#1177,.T.);
#3020=EDGE_CURVE('',#2211,#2203,#1178,.T.);
#3021=EDGE_CURVE('',#2381,#2384,#1179,.T.);
#3022=EDGE_CURVE('',#2383,#2382,#1180,.T.);
#3023=EDGE_CURVE('',#2377,#2194,#1181,.T.);
#3024=EDGE_CURVE('',#2193,#2378,#1182,.T.);
#3025=EDGE_CURVE('',#2183,#2386,#1183,.T.);
#3026=EDGE_CURVE('',#2385,#2184,#1184,.T.);
#3027=EDGE_CURVE('',#2389,#2161,#1185,.T.);
#3028=EDGE_CURVE('',#2390,#2389,#1186,.T.);
#3029=EDGE_CURVE('',#2158,#2390,#1187,.T.);
#3030=EDGE_CURVE('',#2391,#2151,#1188,.T.);
#3031=EDGE_CURVE('',#2392,#2391,#1189,.T.);
#3032=EDGE_CURVE('',#2148,#2392,#1190,.T.);
#3033=EDGE_CURVE('',#2387,#2308,#1191,.T.);
#3034=EDGE_CURVE('',#2307,#2388,#1192,.T.);
#3035=EDGE_CURVE('',#2025,#2393,#1193,.T.);
#3036=EDGE_CURVE('',#2393,#2393,#2002,.T.);
#3037=EDGE_CURVE('',#2394,#2394,#2003,.T.);
#3038=EDGE_CURVE('',#2024,#2395,#1194,.T.);
#3039=EDGE_CURVE('',#2395,#2395,#2004,.T.);
#3040=EDGE_CURVE('',#2396,#2396,#2005,.T.);
#3041=EDGE_CURVE('',#2396,#2397,#1195,.T.);
#3042=EDGE_CURVE('',#2397,#2397,#2006,.T.);
#3043=EDGE_CURVE('',#2394,#2398,#1196,.T.);
#3044=EDGE_CURVE('',#2398,#2398,#2007,.T.);
#3045=EDGE_CURVE('',#2135,#2399,#1197,.T.);
#3046=EDGE_CURVE('',#2399,#2400,#1198,.T.);
#3047=EDGE_CURVE('',#2400,#2136,#1199,.T.);
#3048=EDGE_CURVE('',#2401,#2402,#1200,.T.);
#3049=EDGE_CURVE('',#2402,#2403,#1201,.T.);
#3050=EDGE_CURVE('',#2403,#2404,#1202,.T.);
#3051=EDGE_CURVE('',#2404,#2405,#1203,.T.);
#3052=EDGE_CURVE('',#2405,#2406,#1204,.T.);
#3053=EDGE_CURVE('',#2406,#2401,#1205,.T.);
#3054=EDGE_CURVE('',#2407,#2160,#1206,.T.);
#3055=EDGE_CURVE('',#2159,#2408,#1207,.T.);
#3056=EDGE_CURVE('',#2408,#2407,#1208,.T.);
#3057=EDGE_CURVE('',#2409,#2410,#1209,.T.);
#3058=EDGE_CURVE('',#2410,#2411,#1210,.T.);
#3059=EDGE_CURVE('',#2411,#2412,#1211,.T.);
#3060=EDGE_CURVE('',#2412,#2413,#1212,.T.);
#3061=EDGE_CURVE('',#2413,#2414,#1213,.T.);
#3062=EDGE_CURVE('',#2414,#2409,#1214,.T.);
#3063=EDGE_CURVE('',#2149,#2415,#1215,.T.);
#3064=EDGE_CURVE('',#2415,#2416,#1216,.T.);
#3065=EDGE_CURVE('',#2416,#2150,#1217,.T.);
#3066=EDGE_CURVE('',#2417,#2418,#1218,.T.);
#3067=EDGE_CURVE('',#2418,#2419,#1219,.T.);
#3068=EDGE_CURVE('',#2419,#2420,#1220,.T.);
#3069=EDGE_CURVE('',#2420,#2421,#1221,.T.);
#3070=EDGE_CURVE('',#2421,#2422,#1222,.T.);
#3071=EDGE_CURVE('',#2422,#2417,#1223,.T.);
#3072=EDGE_CURVE('',#2423,#2036,#1224,.T.);
#3073=EDGE_CURVE('',#2423,#2424,#1225,.T.);
#3074=EDGE_CURVE('',#2037,#2424,#1226,.T.);
#3075=EDGE_CURVE('',#2424,#2425,#1227,.T.);
#3076=EDGE_CURVE('',#2425,#2038,#1228,.T.);
#3077=EDGE_CURVE('',#2426,#2427,#1229,.T.);
#3078=EDGE_CURVE('',#2427,#2428,#1230,.T.);
#3079=EDGE_CURVE('',#2428,#2429,#1231,.T.);
#3080=EDGE_CURVE('',#2429,#2430,#1232,.T.);
#3081=EDGE_CURVE('',#2430,#2431,#1233,.T.);
#3082=EDGE_CURVE('',#2431,#2426,#1234,.T.);
#3083=EDGE_CURVE('',#2173,#2432,#1235,.T.);
#3084=EDGE_CURVE('',#2432,#2433,#1236,.T.);
#3085=EDGE_CURVE('',#2433,#2174,#1237,.T.);
#3086=EDGE_CURVE('',#2434,#2435,#1238,.T.);
#3087=EDGE_CURVE('',#2435,#2436,#1239,.T.);
#3088=EDGE_CURVE('',#2436,#2437,#1240,.T.);
#3089=EDGE_CURVE('',#2437,#2438,#1241,.T.);
#3090=EDGE_CURVE('',#2438,#2439,#1242,.T.);
#3091=EDGE_CURVE('',#2439,#2434,#1243,.T.);
#3092=EDGE_CURVE('',#2440,#2441,#1244,.T.);
#3093=EDGE_CURVE('',#2442,#2440,#1245,.T.);
#3094=EDGE_CURVE('',#2443,#2442,#1246,.T.);
#3095=EDGE_CURVE('',#2444,#2443,#1247,.T.);
#3096=EDGE_CURVE('',#2445,#2444,#1248,.T.);
#3097=EDGE_CURVE('',#2441,#2445,#1249,.T.);
#3098=EDGE_CURVE('',#2442,#2437,#1250,.T.);
#3099=EDGE_CURVE('',#2443,#2436,#1251,.T.);
#3100=EDGE_CURVE('',#2440,#2438,#1252,.T.);
#3101=EDGE_CURVE('',#2441,#2439,#1253,.T.);
#3102=EDGE_CURVE('',#2446,#2447,#1254,.T.);
#3103=EDGE_CURVE('',#2448,#2446,#1255,.T.);
#3104=EDGE_CURVE('',#2449,#2448,#1256,.T.);
#3105=EDGE_CURVE('',#2450,#2449,#1257,.T.);
#3106=EDGE_CURVE('',#2451,#2450,#1258,.T.);
#3107=EDGE_CURVE('',#2447,#2451,#1259,.T.);
#3108=EDGE_CURVE('',#2448,#2404,#1260,.T.);
#3109=EDGE_CURVE('',#2449,#2403,#1261,.T.);
#3110=EDGE_CURVE('',#2446,#2405,#1262,.T.);
#3111=EDGE_CURVE('',#2447,#2406,#1263,.T.);
#3112=EDGE_CURVE('',#2452,#2452,#2008,.T.);
#3113=EDGE_CURVE('',#2453,#2453,#2009,.T.);
#3114=EDGE_CURVE('',#2454,#2454,#2010,.T.);
#3115=EDGE_CURVE('',#2455,#2455,#2011,.T.);
#3116=EDGE_CURVE('',#2456,#2457,#1264,.T.);
#3117=EDGE_CURVE('',#2458,#2456,#1265,.T.);
#3118=EDGE_CURVE('',#2459,#2458,#1266,.T.);
#3119=EDGE_CURVE('',#2460,#2459,#1267,.T.);
#3120=EDGE_CURVE('',#2461,#2460,#1268,.T.);
#3121=EDGE_CURVE('',#2457,#2461,#1269,.T.);
#3122=EDGE_CURVE('',#2462,#2463,#1270,.T.);
#3123=EDGE_CURVE('',#2464,#2462,#1271,.T.);
#3124=EDGE_CURVE('',#2465,#2464,#1272,.T.);
#3125=EDGE_CURVE('',#2466,#2465,#1273,.T.);
#3126=EDGE_CURVE('',#2467,#2466,#1274,.T.);
#3127=EDGE_CURVE('',#2463,#2467,#1275,.T.);
#3128=EDGE_CURVE('',#2468,#2468,#2012,.T.);
#3129=EDGE_CURVE('',#2469,#2470,#1276,.T.);
#3130=EDGE_CURVE('',#2471,#2469,#1277,.T.);
#3131=EDGE_CURVE('',#2472,#2471,#1278,.T.);
#3132=EDGE_CURVE('',#2473,#2472,#1279,.T.);
#3133=EDGE_CURVE('',#2474,#2473,#1280,.T.);
#3134=EDGE_CURVE('',#2470,#2474,#1281,.T.);
#3135=EDGE_CURVE('',#2475,#2475,#2013,.T.);
#3136=EDGE_CURVE('',#2050,#2423,#1282,.T.);
#3137=EDGE_CURVE('',#2463,#2409,#1283,.T.);
#3138=EDGE_CURVE('',#2414,#2462,#1284,.T.);
#3139=EDGE_CURVE('',#2413,#2464,#1285,.T.);
#3140=EDGE_CURVE('',#2412,#2465,#1286,.T.);
#3141=EDGE_CURVE('',#2411,#2466,#1287,.T.);
#3142=EDGE_CURVE('',#2410,#2467,#1288,.T.);
#3143=EDGE_CURVE('',#2389,#2407,#1289,.T.);
#3144=EDGE_CURVE('',#2408,#2390,#1290,.T.);
#3145=EDGE_CURVE('',#2470,#2417,#1291,.T.);
#3146=EDGE_CURVE('',#2422,#2469,#1292,.T.);
#3147=EDGE_CURVE('',#2421,#2471,#1293,.T.);
#3148=EDGE_CURVE('',#2420,#2472,#1294,.T.);
#3149=EDGE_CURVE('',#2419,#2473,#1295,.T.);
#3150=EDGE_CURVE('',#2418,#2474,#1296,.T.);
#3151=EDGE_CURVE('',#2416,#2391,#1297,.T.);
#3152=EDGE_CURVE('',#2415,#2392,#1298,.T.);
#3153=EDGE_CURVE('',#2359,#2432,#1299,.T.);
#3154=EDGE_CURVE('',#2400,#2334,#1300,.T.);
#3155=EDGE_CURVE('',#2433,#2358,#1301,.T.);
#3156=EDGE_CURVE('',#2445,#2434,#1302,.T.);
#3157=EDGE_CURVE('',#2444,#2435,#1303,.T.);
#3158=EDGE_CURVE('',#2451,#2401,#1304,.T.);
#3159=EDGE_CURVE('',#2450,#2402,#1305,.T.);
#3160=EDGE_CURVE('',#2335,#2399,#1306,.T.);
#3161=EDGE_CURVE('',#2058,#2425,#1307,.T.);
#3162=EDGE_CURVE('',#2431,#2458,#1308,.T.);
#3163=EDGE_CURVE('',#2459,#2430,#1309,.T.);
#3164=EDGE_CURVE('',#2426,#2456,#1310,.T.);
#3165=EDGE_CURVE('',#2457,#2427,#1311,.T.);
#3166=EDGE_CURVE('',#2460,#2429,#1312,.T.);
#3167=EDGE_CURVE('',#2461,#2428,#1313,.T.);
#3168=EDGE_CURVE('',#2454,#2022,#1314,.T.);
#3169=EDGE_CURVE('',#2452,#2023,#1315,.T.);
#3170=EDGE_CURVE('',#2468,#2453,#1316,.T.);
#3171=EDGE_CURVE('',#2475,#2455,#1317,.T.);
#3172=ORIENTED_EDGE('',*,*,#2476,.T.);
#3173=ORIENTED_EDGE('',*,*,#2477,.T.);
#3174=ORIENTED_EDGE('',*,*,#2478,.T.);
#3175=ORIENTED_EDGE('',*,*,#2479,.T.);
#3176=ORIENTED_EDGE('',*,*,#2476,.F.);
#3177=ORIENTED_EDGE('',*,*,#2480,.T.);
#3178=ORIENTED_EDGE('',*,*,#2481,.F.);
#3179=ORIENTED_EDGE('',*,*,#2482,.T.);
#3180=ORIENTED_EDGE('',*,*,#2483,.T.);
#3181=ORIENTED_EDGE('',*,*,#2484,.F.);
#3182=ORIENTED_EDGE('',*,*,#2485,.F.);
#3183=ORIENTED_EDGE('',*,*,#2486,.F.);
#3184=ORIENTED_EDGE('',*,*,#2487,.T.);
#3185=ORIENTED_EDGE('',*,*,#2488,.T.);
#3186=ORIENTED_EDGE('',*,*,#2479,.F.);
#3187=ORIENTED_EDGE('',*,*,#2489,.F.);
#3188=ORIENTED_EDGE('',*,*,#2490,.F.);
#3189=ORIENTED_EDGE('',*,*,#2491,.F.);
#3190=ORIENTED_EDGE('',*,*,#2492,.F.);
#3191=ORIENTED_EDGE('',*,*,#2493,.F.);
#3192=ORIENTED_EDGE('',*,*,#2494,.F.);
#3193=ORIENTED_EDGE('',*,*,#2495,.F.);
#3194=ORIENTED_EDGE('',*,*,#2496,.F.);
#3195=ORIENTED_EDGE('',*,*,#2497,.F.);
#3196=ORIENTED_EDGE('',*,*,#2498,.F.);
#3197=ORIENTED_EDGE('',*,*,#2499,.F.);
#3198=ORIENTED_EDGE('',*,*,#2500,.F.);
#3199=ORIENTED_EDGE('',*,*,#2501,.F.);
#3200=ORIENTED_EDGE('',*,*,#2502,.F.);
#3201=ORIENTED_EDGE('',*,*,#2503,.F.);
#3202=ORIENTED_EDGE('',*,*,#2504,.F.);
#3203=ORIENTED_EDGE('',*,*,#2505,.F.);
#3204=ORIENTED_EDGE('',*,*,#2506,.F.);
#3205=ORIENTED_EDGE('',*,*,#2507,.F.);
#3206=ORIENTED_EDGE('',*,*,#2508,.F.);
#3207=ORIENTED_EDGE('',*,*,#2480,.F.);
#3208=ORIENTED_EDGE('',*,*,#2509,.T.);
#3209=ORIENTED_EDGE('',*,*,#2510,.T.);
#3210=ORIENTED_EDGE('',*,*,#2481,.T.);
#3211=ORIENTED_EDGE('',*,*,#2508,.T.);
#3212=ORIENTED_EDGE('',*,*,#2509,.F.);
#3213=ORIENTED_EDGE('',*,*,#2507,.T.);
#3214=ORIENTED_EDGE('',*,*,#2511,.T.);
#3215=ORIENTED_EDGE('',*,*,#2512,.F.);
#3216=ORIENTED_EDGE('',*,*,#2513,.T.);
#3217=ORIENTED_EDGE('',*,*,#2514,.F.);
#3218=ORIENTED_EDGE('',*,*,#2498,.T.);
#3219=ORIENTED_EDGE('',*,*,#2515,.T.);
#3220=ORIENTED_EDGE('',*,*,#2516,.F.);
#3221=ORIENTED_EDGE('',*,*,#2517,.F.);
#3222=ORIENTED_EDGE('',*,*,#2496,.T.);
#3223=ORIENTED_EDGE('',*,*,#2518,.T.);
#3224=ORIENTED_EDGE('',*,*,#2519,.F.);
#3225=ORIENTED_EDGE('',*,*,#2520,.F.);
#3226=ORIENTED_EDGE('',*,*,#2494,.T.);
#3227=ORIENTED_EDGE('',*,*,#2521,.F.);
#3228=ORIENTED_EDGE('',*,*,#2522,.F.);
#3229=ORIENTED_EDGE('',*,*,#2523,.T.);
#3230=ORIENTED_EDGE('',*,*,#2497,.T.);
#3231=ORIENTED_EDGE('',*,*,#2520,.T.);
#3232=ORIENTED_EDGE('',*,*,#2524,.F.);
#3233=ORIENTED_EDGE('',*,*,#2525,.T.);
#3234=ORIENTED_EDGE('',*,*,#2526,.F.);
#3235=ORIENTED_EDGE('',*,*,#2527,.T.);
#3236=ORIENTED_EDGE('',*,*,#2503,.T.);
#3237=ORIENTED_EDGE('',*,*,#2528,.F.);
#3238=ORIENTED_EDGE('',*,*,#2529,.F.);
#3239=ORIENTED_EDGE('',*,*,#2515,.F.);
#3240=ORIENTED_EDGE('',*,*,#2493,.T.);
#3241=ORIENTED_EDGE('',*,*,#2530,.T.);
#3242=ORIENTED_EDGE('',*,*,#2531,.F.);
#3243=ORIENTED_EDGE('',*,*,#2532,.T.);
#3244=ORIENTED_EDGE('',*,*,#2533,.F.);
#3245=ORIENTED_EDGE('',*,*,#2521,.T.);
#3246=ORIENTED_EDGE('',*,*,#2492,.T.);
#3247=ORIENTED_EDGE('',*,*,#2534,.T.);
#3248=ORIENTED_EDGE('',*,*,#2535,.F.);
#3249=ORIENTED_EDGE('',*,*,#2530,.F.);
#3250=ORIENTED_EDGE('',*,*,#2495,.T.);
#3251=ORIENTED_EDGE('',*,*,#2523,.F.);
#3252=ORIENTED_EDGE('',*,*,#2536,.F.);
#3253=ORIENTED_EDGE('',*,*,#2537,.F.);
#3254=ORIENTED_EDGE('',*,*,#2538,.F.);
#3255=ORIENTED_EDGE('',*,*,#2534,.F.);
#3256=ORIENTED_EDGE('',*,*,#2491,.T.);
#3257=ORIENTED_EDGE('',*,*,#2539,.F.);
#3258=ORIENTED_EDGE('',*,*,#2540,.F.);
#3259=ORIENTED_EDGE('',*,*,#2541,.F.);
#3260=ORIENTED_EDGE('',*,*,#2542,.F.);
#3261=ORIENTED_EDGE('',*,*,#2543,.F.);
#3262=ORIENTED_EDGE('',*,*,#2544,.F.);
#3263=ORIENTED_EDGE('',*,*,#2545,.F.);
#3264=ORIENTED_EDGE('',*,*,#2546,.F.);
#3265=ORIENTED_EDGE('',*,*,#2547,.F.);
#3266=ORIENTED_EDGE('',*,*,#2548,.F.);
#3267=ORIENTED_EDGE('',*,*,#2549,.F.);
#3268=ORIENTED_EDGE('',*,*,#2550,.F.);
#3269=ORIENTED_EDGE('',*,*,#2551,.F.);
#3270=ORIENTED_EDGE('',*,*,#2552,.F.);
#3271=ORIENTED_EDGE('',*,*,#2553,.F.);
#3272=ORIENTED_EDGE('',*,*,#2554,.F.);
#3273=ORIENTED_EDGE('',*,*,#2555,.F.);
#3274=ORIENTED_EDGE('',*,*,#2556,.F.);
#3275=ORIENTED_EDGE('',*,*,#2557,.F.);
#3276=ORIENTED_EDGE('',*,*,#2558,.F.);
#3277=ORIENTED_EDGE('',*,*,#2559,.F.);
#3278=ORIENTED_EDGE('',*,*,#2560,.F.);
#3279=ORIENTED_EDGE('',*,*,#2561,.F.);
#3280=ORIENTED_EDGE('',*,*,#2562,.F.);
#3281=ORIENTED_EDGE('',*,*,#2563,.F.);
#3282=ORIENTED_EDGE('',*,*,#2564,.F.);
#3283=ORIENTED_EDGE('',*,*,#2565,.F.);
#3284=ORIENTED_EDGE('',*,*,#2566,.F.);
#3285=ORIENTED_EDGE('',*,*,#2567,.F.);
#3286=ORIENTED_EDGE('',*,*,#2568,.F.);
#3287=ORIENTED_EDGE('',*,*,#2569,.F.);
#3288=ORIENTED_EDGE('',*,*,#2570,.F.);
#3289=ORIENTED_EDGE('',*,*,#2571,.F.);
#3290=ORIENTED_EDGE('',*,*,#2505,.T.);
#3291=ORIENTED_EDGE('',*,*,#2572,.F.);
#3292=ORIENTED_EDGE('',*,*,#2573,.F.);
#3293=ORIENTED_EDGE('',*,*,#2574,.F.);
#3294=ORIENTED_EDGE('',*,*,#2575,.F.);
#3295=ORIENTED_EDGE('',*,*,#2518,.F.);
#3296=ORIENTED_EDGE('',*,*,#2576,.F.);
#3297=ORIENTED_EDGE('',*,*,#2577,.F.);
#3298=ORIENTED_EDGE('',*,*,#2578,.F.);
#3299=ORIENTED_EDGE('',*,*,#2579,.F.);
#3300=ORIENTED_EDGE('',*,*,#2580,.F.);
#3301=ORIENTED_EDGE('',*,*,#2581,.F.);
#3302=ORIENTED_EDGE('',*,*,#2582,.F.);
#3303=ORIENTED_EDGE('',*,*,#2583,.F.);
#3304=ORIENTED_EDGE('',*,*,#2584,.F.);
#3305=ORIENTED_EDGE('',*,*,#2585,.F.);
#3306=ORIENTED_EDGE('',*,*,#2586,.F.);
#3307=ORIENTED_EDGE('',*,*,#2587,.F.);
#3308=ORIENTED_EDGE('',*,*,#2588,.F.);
#3309=ORIENTED_EDGE('',*,*,#2589,.F.);
#3310=ORIENTED_EDGE('',*,*,#2590,.F.);
#3311=ORIENTED_EDGE('',*,*,#2591,.F.);
#3312=ORIENTED_EDGE('',*,*,#2592,.F.);
#3313=ORIENTED_EDGE('',*,*,#2593,.F.);
#3314=ORIENTED_EDGE('',*,*,#2594,.F.);
#3315=ORIENTED_EDGE('',*,*,#2595,.F.);
#3316=ORIENTED_EDGE('',*,*,#2596,.F.);
#3317=ORIENTED_EDGE('',*,*,#2597,.F.);
#3318=ORIENTED_EDGE('',*,*,#2598,.F.);
#3319=ORIENTED_EDGE('',*,*,#2599,.F.);
#3320=ORIENTED_EDGE('',*,*,#2600,.F.);
#3321=ORIENTED_EDGE('',*,*,#2601,.F.);
#3322=ORIENTED_EDGE('',*,*,#2602,.F.);
#3323=ORIENTED_EDGE('',*,*,#2603,.F.);
#3324=ORIENTED_EDGE('',*,*,#2604,.F.);
#3325=ORIENTED_EDGE('',*,*,#2605,.F.);
#3326=ORIENTED_EDGE('',*,*,#2606,.F.);
#3327=ORIENTED_EDGE('',*,*,#2607,.F.);
#3328=ORIENTED_EDGE('',*,*,#2490,.T.);
#3329=ORIENTED_EDGE('',*,*,#2608,.F.);
#3330=ORIENTED_EDGE('',*,*,#2609,.F.);
#3331=ORIENTED_EDGE('',*,*,#2539,.T.);
#3332=ORIENTED_EDGE('',*,*,#2478,.F.);
#3333=ORIENTED_EDGE('',*,*,#2610,.F.);
#3334=ORIENTED_EDGE('',*,*,#2611,.T.);
#3335=ORIENTED_EDGE('',*,*,#2612,.F.);
#3336=ORIENTED_EDGE('',*,*,#2608,.T.);
#3337=ORIENTED_EDGE('',*,*,#2489,.T.);
#3338=ORIENTED_EDGE('',*,*,#2477,.F.);
#3339=ORIENTED_EDGE('',*,*,#2484,.T.);
#3340=ORIENTED_EDGE('',*,*,#2613,.T.);
#3341=ORIENTED_EDGE('',*,*,#2614,.F.);
#3342=ORIENTED_EDGE('',*,*,#2615,.T.);
#3343=ORIENTED_EDGE('',*,*,#2616,.T.);
#3344=ORIENTED_EDGE('',*,*,#2617,.T.);
#3345=ORIENTED_EDGE('',*,*,#2618,.T.);
#3346=ORIENTED_EDGE('',*,*,#2619,.T.);
#3347=ORIENTED_EDGE('',*,*,#2620,.T.);
#3348=ORIENTED_EDGE('',*,*,#2621,.T.);
#3349=ORIENTED_EDGE('',*,*,#2622,.T.);
#3350=ORIENTED_EDGE('',*,*,#2623,.T.);
#3351=ORIENTED_EDGE('',*,*,#2624,.T.);
#3352=ORIENTED_EDGE('',*,*,#2625,.T.);
#3353=ORIENTED_EDGE('',*,*,#2554,.T.);
#3354=ORIENTED_EDGE('',*,*,#2626,.T.);
#3355=ORIENTED_EDGE('',*,*,#2627,.T.);
#3356=ORIENTED_EDGE('',*,*,#2628,.T.);
#3357=ORIENTED_EDGE('',*,*,#2629,.F.);
#3358=ORIENTED_EDGE('',*,*,#2630,.T.);
#3359=ORIENTED_EDGE('',*,*,#2631,.T.);
#3360=ORIENTED_EDGE('',*,*,#2632,.T.);
#3361=ORIENTED_EDGE('',*,*,#2548,.T.);
#3362=ORIENTED_EDGE('',*,*,#2633,.T.);
#3363=ORIENTED_EDGE('',*,*,#2634,.T.);
#3364=ORIENTED_EDGE('',*,*,#2635,.T.);
#3365=ORIENTED_EDGE('',*,*,#2542,.T.);
#3366=ORIENTED_EDGE('',*,*,#2636,.T.);
#3367=ORIENTED_EDGE('',*,*,#2610,.T.);
#3368=ORIENTED_EDGE('',*,*,#2510,.F.);
#3369=ORIENTED_EDGE('',*,*,#2514,.T.);
#3370=ORIENTED_EDGE('',*,*,#2637,.T.);
#3371=ORIENTED_EDGE('',*,*,#2568,.T.);
#3372=ORIENTED_EDGE('',*,*,#2638,.T.);
#3373=ORIENTED_EDGE('',*,*,#2639,.T.);
#3374=ORIENTED_EDGE('',*,*,#2640,.T.);
#3375=ORIENTED_EDGE('',*,*,#2562,.T.);
#3376=ORIENTED_EDGE('',*,*,#2641,.T.);
#3377=ORIENTED_EDGE('',*,*,#2642,.T.);
#3378=ORIENTED_EDGE('',*,*,#2643,.T.);
#3379=ORIENTED_EDGE('',*,*,#2644,.F.);
#3380=ORIENTED_EDGE('',*,*,#2645,.T.);
#3381=ORIENTED_EDGE('',*,*,#2646,.T.);
#3382=ORIENTED_EDGE('',*,*,#2647,.T.);
#3383=ORIENTED_EDGE('',*,*,#2556,.T.);
#3384=ORIENTED_EDGE('',*,*,#2648,.T.);
#3385=ORIENTED_EDGE('',*,*,#2649,.T.);
#3386=ORIENTED_EDGE('',*,*,#2650,.T.);
#3387=ORIENTED_EDGE('',*,*,#2651,.T.);
#3388=ORIENTED_EDGE('',*,*,#2652,.T.);
#3389=ORIENTED_EDGE('',*,*,#2653,.T.);
#3390=ORIENTED_EDGE('',*,*,#2654,.T.);
#3391=ORIENTED_EDGE('',*,*,#2655,.T.);
#3392=ORIENTED_EDGE('',*,*,#2656,.T.);
#3393=ORIENTED_EDGE('',*,*,#2657,.T.);
#3394=ORIENTED_EDGE('',*,*,#2658,.T.);
#3395=ORIENTED_EDGE('',*,*,#2659,.F.);
#3396=ORIENTED_EDGE('',*,*,#2660,.F.);
#3397=ORIENTED_EDGE('',*,*,#2482,.F.);
#3398=ORIENTED_EDGE('',*,*,#2661,.T.);
#3399=ORIENTED_EDGE('',*,*,#2662,.T.);
#3400=ORIENTED_EDGE('',*,*,#2560,.T.);
#3401=ORIENTED_EDGE('',*,*,#2663,.T.);
#3402=ORIENTED_EDGE('',*,*,#2663,.F.);
#3403=ORIENTED_EDGE('',*,*,#2559,.T.);
#3404=ORIENTED_EDGE('',*,*,#2664,.F.);
#3405=ORIENTED_EDGE('',*,*,#2665,.F.);
#3406=ORIENTED_EDGE('',*,*,#2666,.T.);
#3407=ORIENTED_EDGE('',*,*,#2667,.T.);
#3408=ORIENTED_EDGE('',*,*,#2588,.T.);
#3409=ORIENTED_EDGE('',*,*,#2668,.T.);
#3410=ORIENTED_EDGE('',*,*,#2668,.F.);
#3411=ORIENTED_EDGE('',*,*,#2587,.T.);
#3412=ORIENTED_EDGE('',*,*,#2669,.F.);
#3413=ORIENTED_EDGE('',*,*,#2670,.F.);
#3414=ORIENTED_EDGE('',*,*,#2671,.T.);
#3415=ORIENTED_EDGE('',*,*,#2672,.T.);
#3416=ORIENTED_EDGE('',*,*,#2564,.T.);
#3417=ORIENTED_EDGE('',*,*,#2673,.T.);
#3418=ORIENTED_EDGE('',*,*,#2673,.F.);
#3419=ORIENTED_EDGE('',*,*,#2563,.T.);
#3420=ORIENTED_EDGE('',*,*,#2640,.F.);
#3421=ORIENTED_EDGE('',*,*,#2674,.F.);
#3422=ORIENTED_EDGE('',*,*,#2675,.F.);
#3423=ORIENTED_EDGE('',*,*,#2676,.F.);
#3424=ORIENTED_EDGE('',*,*,#2677,.T.);
#3425=ORIENTED_EDGE('',*,*,#2678,.T.);
#3426=ORIENTED_EDGE('',*,*,#2582,.T.);
#3427=ORIENTED_EDGE('',*,*,#2679,.T.);
#3428=ORIENTED_EDGE('',*,*,#2679,.F.);
#3429=ORIENTED_EDGE('',*,*,#2581,.T.);
#3430=ORIENTED_EDGE('',*,*,#2680,.F.);
#3431=ORIENTED_EDGE('',*,*,#2681,.F.);
#3432=ORIENTED_EDGE('',*,*,#2682,.F.);
#3433=ORIENTED_EDGE('',*,*,#2683,.F.);
#3434=ORIENTED_EDGE('',*,*,#2684,.T.);
#3435=ORIENTED_EDGE('',*,*,#2685,.T.);
#3436=ORIENTED_EDGE('',*,*,#2590,.T.);
#3437=ORIENTED_EDGE('',*,*,#2686,.T.);
#3438=ORIENTED_EDGE('',*,*,#2667,.F.);
#3439=ORIENTED_EDGE('',*,*,#2687,.F.);
#3440=ORIENTED_EDGE('',*,*,#2686,.F.);
#3441=ORIENTED_EDGE('',*,*,#2589,.T.);
#3442=ORIENTED_EDGE('',*,*,#2688,.T.);
#3443=ORIENTED_EDGE('',*,*,#2664,.T.);
#3444=ORIENTED_EDGE('',*,*,#2558,.T.);
#3445=ORIENTED_EDGE('',*,*,#2689,.T.);
#3446=ORIENTED_EDGE('',*,*,#2689,.F.);
#3447=ORIENTED_EDGE('',*,*,#2557,.T.);
#3448=ORIENTED_EDGE('',*,*,#2647,.F.);
#3449=ORIENTED_EDGE('',*,*,#2690,.F.);
#3450=ORIENTED_EDGE('',*,*,#2691,.F.);
#3451=ORIENTED_EDGE('',*,*,#2692,.F.);
#3452=ORIENTED_EDGE('',*,*,#2693,.T.);
#3453=ORIENTED_EDGE('',*,*,#2694,.T.);
#3454=ORIENTED_EDGE('',*,*,#2584,.T.);
#3455=ORIENTED_EDGE('',*,*,#2695,.T.);
#3456=ORIENTED_EDGE('',*,*,#2685,.F.);
#3457=ORIENTED_EDGE('',*,*,#2696,.F.);
#3458=ORIENTED_EDGE('',*,*,#2695,.F.);
#3459=ORIENTED_EDGE('',*,*,#2591,.T.);
#3460=ORIENTED_EDGE('',*,*,#2697,.T.);
#3461=ORIENTED_EDGE('',*,*,#2698,.T.);
#3462=ORIENTED_EDGE('',*,*,#2606,.T.);
#3463=ORIENTED_EDGE('',*,*,#2699,.T.);
#3464=ORIENTED_EDGE('',*,*,#2699,.F.);
#3465=ORIENTED_EDGE('',*,*,#2605,.T.);
#3466=ORIENTED_EDGE('',*,*,#2700,.F.);
#3467=ORIENTED_EDGE('',*,*,#2701,.F.);
#3468=ORIENTED_EDGE('',*,*,#2702,.T.);
#3469=ORIENTED_EDGE('',*,*,#2703,.T.);
#3470=ORIENTED_EDGE('',*,*,#2552,.T.);
#3471=ORIENTED_EDGE('',*,*,#2704,.T.);
#3472=ORIENTED_EDGE('',*,*,#2703,.F.);
#3473=ORIENTED_EDGE('',*,*,#2705,.F.);
#3474=ORIENTED_EDGE('',*,*,#2706,.F.);
#3475=ORIENTED_EDGE('',*,*,#2707,.F.);
#3476=ORIENTED_EDGE('',*,*,#2626,.F.);
#3477=ORIENTED_EDGE('',*,*,#2553,.T.);
#3478=ORIENTED_EDGE('',*,*,#2702,.F.);
#3479=ORIENTED_EDGE('',*,*,#2708,.T.);
#3480=ORIENTED_EDGE('',*,*,#2709,.F.);
#3481=ORIENTED_EDGE('',*,*,#2710,.T.);
#3482=ORIENTED_EDGE('',*,*,#2711,.F.);
#3483=ORIENTED_EDGE('',*,*,#2705,.T.);
#3484=ORIENTED_EDGE('',*,*,#2712,.T.);
#3485=ORIENTED_EDGE('',*,*,#2713,.T.);
#3486=ORIENTED_EDGE('',*,*,#2600,.T.);
#3487=ORIENTED_EDGE('',*,*,#2714,.T.);
#3488=ORIENTED_EDGE('',*,*,#2698,.F.);
#3489=ORIENTED_EDGE('',*,*,#2715,.F.);
#3490=ORIENTED_EDGE('',*,*,#2714,.F.);
#3491=ORIENTED_EDGE('',*,*,#2607,.T.);
#3492=ORIENTED_EDGE('',*,*,#2716,.T.);
#3493=ORIENTED_EDGE('',*,*,#2717,.T.);
#3494=ORIENTED_EDGE('',*,*,#2602,.T.);
#3495=ORIENTED_EDGE('',*,*,#2718,.T.);
#3496=ORIENTED_EDGE('',*,*,#2713,.F.);
#3497=ORIENTED_EDGE('',*,*,#2719,.F.);
#3498=ORIENTED_EDGE('',*,*,#2718,.F.);
#3499=ORIENTED_EDGE('',*,*,#2601,.T.);
#3500=ORIENTED_EDGE('',*,*,#2709,.T.);
#3501=ORIENTED_EDGE('',*,*,#2720,.T.);
#3502=ORIENTED_EDGE('',*,*,#2550,.T.);
#3503=ORIENTED_EDGE('',*,*,#2721,.T.);
#3504=ORIENTED_EDGE('',*,*,#2721,.F.);
#3505=ORIENTED_EDGE('',*,*,#2549,.T.);
#3506=ORIENTED_EDGE('',*,*,#2632,.F.);
#3507=ORIENTED_EDGE('',*,*,#2722,.F.);
#3508=ORIENTED_EDGE('',*,*,#2723,.F.);
#3509=ORIENTED_EDGE('',*,*,#2710,.F.);
#3510=ORIENTED_EDGE('',*,*,#2724,.T.);
#3511=ORIENTED_EDGE('',*,*,#2725,.T.);
#3512=ORIENTED_EDGE('',*,*,#2592,.T.);
#3513=ORIENTED_EDGE('',*,*,#2726,.T.);
#3514=ORIENTED_EDGE('',*,*,#2726,.F.);
#3515=ORIENTED_EDGE('',*,*,#2599,.T.);
#3516=ORIENTED_EDGE('',*,*,#2727,.F.);
#3517=ORIENTED_EDGE('',*,*,#2728,.F.);
#3518=ORIENTED_EDGE('',*,*,#2729,.T.);
#3519=ORIENTED_EDGE('',*,*,#2730,.T.);
#3520=ORIENTED_EDGE('',*,*,#2546,.T.);
#3521=ORIENTED_EDGE('',*,*,#2731,.T.);
#3522=ORIENTED_EDGE('',*,*,#2729,.F.);
#3523=ORIENTED_EDGE('',*,*,#2732,.T.);
#3524=ORIENTED_EDGE('',*,*,#2733,.F.);
#3525=ORIENTED_EDGE('',*,*,#2734,.F.);
#3526=ORIENTED_EDGE('',*,*,#2735,.T.);
#3527=ORIENTED_EDGE('',*,*,#2731,.F.);
#3528=ORIENTED_EDGE('',*,*,#2545,.T.);
#3529=ORIENTED_EDGE('',*,*,#2736,.F.);
#3530=ORIENTED_EDGE('',*,*,#2737,.F.);
#3531=ORIENTED_EDGE('',*,*,#2738,.F.);
#3532=ORIENTED_EDGE('',*,*,#2732,.F.);
#3533=ORIENTED_EDGE('',*,*,#2739,.T.);
#3534=ORIENTED_EDGE('',*,*,#2740,.T.);
#3535=ORIENTED_EDGE('',*,*,#2576,.T.);
#3536=ORIENTED_EDGE('',*,*,#2741,.T.);
#3537=ORIENTED_EDGE('',*,*,#2678,.F.);
#3538=ORIENTED_EDGE('',*,*,#2742,.F.);
#3539=ORIENTED_EDGE('',*,*,#2741,.F.);
#3540=ORIENTED_EDGE('',*,*,#2583,.T.);
#3541=ORIENTED_EDGE('',*,*,#2743,.T.);
#3542=ORIENTED_EDGE('',*,*,#2669,.T.);
#3543=ORIENTED_EDGE('',*,*,#2586,.T.);
#3544=ORIENTED_EDGE('',*,*,#2744,.T.);
#3545=ORIENTED_EDGE('',*,*,#2694,.F.);
#3546=ORIENTED_EDGE('',*,*,#2745,.F.);
#3547=ORIENTED_EDGE('',*,*,#2744,.F.);
#3548=ORIENTED_EDGE('',*,*,#2585,.T.);
#3549=ORIENTED_EDGE('',*,*,#2746,.T.);
#3550=ORIENTED_EDGE('',*,*,#2727,.T.);
#3551=ORIENTED_EDGE('',*,*,#2598,.T.);
#3552=ORIENTED_EDGE('',*,*,#2747,.T.);
#3553=ORIENTED_EDGE('',*,*,#2747,.F.);
#3554=ORIENTED_EDGE('',*,*,#2597,.T.);
#3555=ORIENTED_EDGE('',*,*,#2748,.F.);
#3556=ORIENTED_EDGE('',*,*,#2749,.F.);
#3557=ORIENTED_EDGE('',*,*,#2750,.F.);
#3558=ORIENTED_EDGE('',*,*,#2751,.F.);
#3559=ORIENTED_EDGE('',*,*,#2752,.T.);
#3560=ORIENTED_EDGE('',*,*,#2700,.T.);
#3561=ORIENTED_EDGE('',*,*,#2604,.T.);
#3562=ORIENTED_EDGE('',*,*,#2753,.T.);
#3563=ORIENTED_EDGE('',*,*,#2717,.F.);
#3564=ORIENTED_EDGE('',*,*,#2754,.F.);
#3565=ORIENTED_EDGE('',*,*,#2753,.F.);
#3566=ORIENTED_EDGE('',*,*,#2603,.T.);
#3567=ORIENTED_EDGE('',*,*,#2612,.T.);
#3568=ORIENTED_EDGE('',*,*,#2755,.T.);
#3569=ORIENTED_EDGE('',*,*,#2540,.T.);
#3570=ORIENTED_EDGE('',*,*,#2609,.T.);
#3571=ORIENTED_EDGE('',*,*,#2756,.T.);
#3572=ORIENTED_EDGE('',*,*,#2736,.T.);
#3573=ORIENTED_EDGE('',*,*,#2544,.T.);
#3574=ORIENTED_EDGE('',*,*,#2757,.T.);
#3575=ORIENTED_EDGE('',*,*,#2756,.F.);
#3576=ORIENTED_EDGE('',*,*,#2758,.T.);
#3577=ORIENTED_EDGE('',*,*,#2634,.F.);
#3578=ORIENTED_EDGE('',*,*,#2759,.T.);
#3579=ORIENTED_EDGE('',*,*,#2760,.F.);
#3580=ORIENTED_EDGE('',*,*,#2761,.F.);
#3581=ORIENTED_EDGE('',*,*,#2737,.T.);
#3582=ORIENTED_EDGE('',*,*,#2757,.F.);
#3583=ORIENTED_EDGE('',*,*,#2543,.T.);
#3584=ORIENTED_EDGE('',*,*,#2635,.F.);
#3585=ORIENTED_EDGE('',*,*,#2758,.F.);
#3586=ORIENTED_EDGE('',*,*,#2531,.T.);
#3587=ORIENTED_EDGE('',*,*,#2535,.T.);
#3588=ORIENTED_EDGE('',*,*,#2538,.T.);
#3589=ORIENTED_EDGE('',*,*,#2762,.T.);
#3590=ORIENTED_EDGE('',*,*,#2763,.T.);
#3591=ORIENTED_EDGE('',*,*,#2764,.T.);
#3592=ORIENTED_EDGE('',*,*,#2594,.T.);
#3593=ORIENTED_EDGE('',*,*,#2765,.T.);
#3594=ORIENTED_EDGE('',*,*,#2764,.F.);
#3595=ORIENTED_EDGE('',*,*,#2766,.F.);
#3596=ORIENTED_EDGE('',*,*,#2767,.F.);
#3597=ORIENTED_EDGE('',*,*,#2595,.T.);
#3598=ORIENTED_EDGE('',*,*,#2763,.F.);
#3599=ORIENTED_EDGE('',*,*,#2768,.T.);
#3600=ORIENTED_EDGE('',*,*,#2769,.F.);
#3601=ORIENTED_EDGE('',*,*,#2749,.T.);
#3602=ORIENTED_EDGE('',*,*,#2770,.F.);
#3603=ORIENTED_EDGE('',*,*,#2766,.T.);
#3604=ORIENTED_EDGE('',*,*,#2770,.T.);
#3605=ORIENTED_EDGE('',*,*,#2748,.T.);
#3606=ORIENTED_EDGE('',*,*,#2596,.T.);
#3607=ORIENTED_EDGE('',*,*,#2767,.T.);
#3608=ORIENTED_EDGE('',*,*,#2533,.T.);
#3609=ORIENTED_EDGE('',*,*,#2771,.T.);
#3610=ORIENTED_EDGE('',*,*,#2536,.T.);
#3611=ORIENTED_EDGE('',*,*,#2522,.T.);
#3612=ORIENTED_EDGE('',*,*,#2772,.T.);
#3613=ORIENTED_EDGE('',*,*,#2773,.T.);
#3614=ORIENTED_EDGE('',*,*,#2578,.T.);
#3615=ORIENTED_EDGE('',*,*,#2774,.T.);
#3616=ORIENTED_EDGE('',*,*,#2773,.F.);
#3617=ORIENTED_EDGE('',*,*,#2775,.F.);
#3618=ORIENTED_EDGE('',*,*,#2776,.F.);
#3619=ORIENTED_EDGE('',*,*,#2579,.T.);
#3620=ORIENTED_EDGE('',*,*,#2772,.F.);
#3621=ORIENTED_EDGE('',*,*,#2777,.T.);
#3622=ORIENTED_EDGE('',*,*,#2778,.F.);
#3623=ORIENTED_EDGE('',*,*,#2681,.T.);
#3624=ORIENTED_EDGE('',*,*,#2779,.F.);
#3625=ORIENTED_EDGE('',*,*,#2775,.T.);
#3626=ORIENTED_EDGE('',*,*,#2524,.T.);
#3627=ORIENTED_EDGE('',*,*,#2519,.T.);
#3628=ORIENTED_EDGE('',*,*,#2575,.T.);
#3629=ORIENTED_EDGE('',*,*,#2780,.T.);
#3630=ORIENTED_EDGE('',*,*,#2780,.F.);
#3631=ORIENTED_EDGE('',*,*,#2574,.T.);
#3632=ORIENTED_EDGE('',*,*,#2781,.F.);
#3633=ORIENTED_EDGE('',*,*,#2525,.F.);
#3634=ORIENTED_EDGE('',*,*,#2512,.T.);
#3635=ORIENTED_EDGE('',*,*,#2782,.T.);
#3636=ORIENTED_EDGE('',*,*,#2570,.T.);
#3637=ORIENTED_EDGE('',*,*,#2783,.T.);
#3638=ORIENTED_EDGE('',*,*,#2783,.F.);
#3639=ORIENTED_EDGE('',*,*,#2569,.T.);
#3640=ORIENTED_EDGE('',*,*,#2637,.F.);
#3641=ORIENTED_EDGE('',*,*,#2513,.F.);
#3642=ORIENTED_EDGE('',*,*,#2784,.T.);
#3643=ORIENTED_EDGE('',*,*,#2785,.T.);
#3644=ORIENTED_EDGE('',*,*,#2566,.T.);
#3645=ORIENTED_EDGE('',*,*,#2786,.T.);
#3646=ORIENTED_EDGE('',*,*,#2672,.F.);
#3647=ORIENTED_EDGE('',*,*,#2787,.F.);
#3648=ORIENTED_EDGE('',*,*,#2788,.F.);
#3649=ORIENTED_EDGE('',*,*,#2789,.F.);
#3650=ORIENTED_EDGE('',*,*,#2786,.F.);
#3651=ORIENTED_EDGE('',*,*,#2565,.T.);
#3652=ORIENTED_EDGE('',*,*,#2526,.T.);
#3653=ORIENTED_EDGE('',*,*,#2781,.T.);
#3654=ORIENTED_EDGE('',*,*,#2573,.T.);
#3655=ORIENTED_EDGE('',*,*,#2790,.T.);
#3656=ORIENTED_EDGE('',*,*,#2504,.T.);
#3657=ORIENTED_EDGE('',*,*,#2527,.F.);
#3658=ORIENTED_EDGE('',*,*,#2790,.F.);
#3659=ORIENTED_EDGE('',*,*,#2572,.T.);
#3660=ORIENTED_EDGE('',*,*,#2779,.T.);
#3661=ORIENTED_EDGE('',*,*,#2680,.T.);
#3662=ORIENTED_EDGE('',*,*,#2580,.T.);
#3663=ORIENTED_EDGE('',*,*,#2776,.T.);
#3664=ORIENTED_EDGE('',*,*,#2791,.T.);
#3665=ORIENTED_EDGE('',*,*,#2792,.T.);
#3666=ORIENTED_EDGE('',*,*,#2793,.T.);
#3667=ORIENTED_EDGE('',*,*,#2794,.T.);
#3668=ORIENTED_EDGE('',*,*,#2794,.F.);
#3669=ORIENTED_EDGE('',*,*,#2795,.T.);
#3670=ORIENTED_EDGE('',*,*,#2796,.F.);
#3671=ORIENTED_EDGE('',*,*,#2797,.F.);
#3672=ORIENTED_EDGE('',*,*,#2798,.F.);
#3673=ORIENTED_EDGE('',*,*,#2799,.T.);
#3674=ORIENTED_EDGE('',*,*,#2800,.T.);
#3675=ORIENTED_EDGE('',*,*,#2801,.T.);
#3676=ORIENTED_EDGE('',*,*,#2802,.T.);
#3677=ORIENTED_EDGE('',*,*,#2802,.F.);
#3678=ORIENTED_EDGE('',*,*,#2803,.T.);
#3679=ORIENTED_EDGE('',*,*,#2650,.F.);
#3680=ORIENTED_EDGE('',*,*,#2804,.F.);
#3681=ORIENTED_EDGE('',*,*,#2805,.T.);
#3682=ORIENTED_EDGE('',*,*,#2806,.T.);
#3683=ORIENTED_EDGE('',*,*,#2807,.T.);
#3684=ORIENTED_EDGE('',*,*,#2808,.T.);
#3685=ORIENTED_EDGE('',*,*,#2806,.F.);
#3686=ORIENTED_EDGE('',*,*,#2809,.F.);
#3687=ORIENTED_EDGE('',*,*,#2810,.F.);
#3688=ORIENTED_EDGE('',*,*,#2811,.T.);
#3689=ORIENTED_EDGE('',*,*,#2805,.F.);
#3690=ORIENTED_EDGE('',*,*,#2812,.T.);
#3691=ORIENTED_EDGE('',*,*,#2813,.F.);
#3692=ORIENTED_EDGE('',*,*,#2814,.T.);
#3693=ORIENTED_EDGE('',*,*,#2815,.F.);
#3694=ORIENTED_EDGE('',*,*,#2816,.T.);
#3695=ORIENTED_EDGE('',*,*,#2817,.F.);
#3696=ORIENTED_EDGE('',*,*,#2809,.T.);
#3697=ORIENTED_EDGE('',*,*,#2818,.T.);
#3698=ORIENTED_EDGE('',*,*,#2819,.T.);
#3699=ORIENTED_EDGE('',*,*,#2820,.T.);
#3700=ORIENTED_EDGE('',*,*,#2821,.T.);
#3701=ORIENTED_EDGE('',*,*,#2819,.F.);
#3702=ORIENTED_EDGE('',*,*,#2822,.F.);
#3703=ORIENTED_EDGE('',*,*,#2652,.F.);
#3704=ORIENTED_EDGE('',*,*,#2823,.T.);
#3705=ORIENTED_EDGE('',*,*,#2818,.F.);
#3706=ORIENTED_EDGE('',*,*,#2824,.T.);
#3707=ORIENTED_EDGE('',*,*,#2825,.F.);
#3708=ORIENTED_EDGE('',*,*,#2826,.T.);
#3709=ORIENTED_EDGE('',*,*,#2653,.F.);
#3710=ORIENTED_EDGE('',*,*,#2822,.T.);
#3711=ORIENTED_EDGE('',*,*,#2827,.T.);
#3712=ORIENTED_EDGE('',*,*,#2828,.T.);
#3713=ORIENTED_EDGE('',*,*,#2829,.T.);
#3714=ORIENTED_EDGE('',*,*,#2830,.T.);
#3715=ORIENTED_EDGE('',*,*,#2792,.F.);
#3716=ORIENTED_EDGE('',*,*,#2831,.F.);
#3717=ORIENTED_EDGE('',*,*,#2830,.F.);
#3718=ORIENTED_EDGE('',*,*,#2832,.T.);
#3719=ORIENTED_EDGE('',*,*,#2833,.T.);
#3720=ORIENTED_EDGE('',*,*,#2834,.T.);
#3721=ORIENTED_EDGE('',*,*,#2835,.T.);
#3722=ORIENTED_EDGE('',*,*,#2836,.T.);
#3723=ORIENTED_EDGE('',*,*,#2836,.F.);
#3724=ORIENTED_EDGE('',*,*,#2837,.T.);
#3725=ORIENTED_EDGE('',*,*,#2838,.F.);
#3726=ORIENTED_EDGE('',*,*,#2839,.F.);
#3727=ORIENTED_EDGE('',*,*,#2840,.F.);
#3728=ORIENTED_EDGE('',*,*,#2841,.T.);
#3729=ORIENTED_EDGE('',*,*,#2842,.T.);
#3730=ORIENTED_EDGE('',*,*,#2843,.T.);
#3731=ORIENTED_EDGE('',*,*,#2844,.T.);
#3732=ORIENTED_EDGE('',*,*,#2842,.F.);
#3733=ORIENTED_EDGE('',*,*,#2845,.F.);
#3734=ORIENTED_EDGE('',*,*,#2846,.F.);
#3735=ORIENTED_EDGE('',*,*,#2847,.T.);
#3736=ORIENTED_EDGE('',*,*,#2841,.F.);
#3737=ORIENTED_EDGE('',*,*,#2848,.T.);
#3738=ORIENTED_EDGE('',*,*,#2849,.F.);
#3739=ORIENTED_EDGE('',*,*,#2850,.T.);
#3740=ORIENTED_EDGE('',*,*,#2851,.F.);
#3741=ORIENTED_EDGE('',*,*,#2852,.T.);
#3742=ORIENTED_EDGE('',*,*,#2853,.F.);
#3743=ORIENTED_EDGE('',*,*,#2845,.T.);
#3744=ORIENTED_EDGE('',*,*,#2813,.T.);
#3745=ORIENTED_EDGE('',*,*,#2854,.T.);
#3746=ORIENTED_EDGE('',*,*,#2855,.T.);
#3747=ORIENTED_EDGE('',*,*,#2856,.T.);
#3748=ORIENTED_EDGE('',*,*,#2856,.F.);
#3749=ORIENTED_EDGE('',*,*,#2857,.T.);
#3750=ORIENTED_EDGE('',*,*,#2858,.F.);
#3751=ORIENTED_EDGE('',*,*,#2814,.F.);
#3752=ORIENTED_EDGE('',*,*,#2859,.T.);
#3753=ORIENTED_EDGE('',*,*,#2860,.T.);
#3754=ORIENTED_EDGE('',*,*,#2861,.T.);
#3755=ORIENTED_EDGE('',*,*,#2862,.T.);
#3756=ORIENTED_EDGE('',*,*,#2834,.F.);
#3757=ORIENTED_EDGE('',*,*,#2863,.F.);
#3758=ORIENTED_EDGE('',*,*,#2862,.F.);
#3759=ORIENTED_EDGE('',*,*,#2864,.T.);
#3760=ORIENTED_EDGE('',*,*,#2865,.T.);
#3761=ORIENTED_EDGE('',*,*,#2866,.T.);
#3762=ORIENTED_EDGE('',*,*,#2867,.T.);
#3763=ORIENTED_EDGE('',*,*,#2868,.T.);
#3764=ORIENTED_EDGE('',*,*,#2868,.F.);
#3765=ORIENTED_EDGE('',*,*,#2869,.T.);
#3766=ORIENTED_EDGE('',*,*,#2870,.F.);
#3767=ORIENTED_EDGE('',*,*,#2871,.F.);
#3768=ORIENTED_EDGE('',*,*,#2872,.F.);
#3769=ORIENTED_EDGE('',*,*,#2849,.T.);
#3770=ORIENTED_EDGE('',*,*,#2873,.T.);
#3771=ORIENTED_EDGE('',*,*,#2874,.T.);
#3772=ORIENTED_EDGE('',*,*,#2875,.T.);
#3773=ORIENTED_EDGE('',*,*,#2875,.F.);
#3774=ORIENTED_EDGE('',*,*,#2876,.T.);
#3775=ORIENTED_EDGE('',*,*,#2877,.F.);
#3776=ORIENTED_EDGE('',*,*,#2850,.F.);
#3777=ORIENTED_EDGE('',*,*,#2878,.T.);
#3778=ORIENTED_EDGE('',*,*,#2879,.T.);
#3779=ORIENTED_EDGE('',*,*,#2880,.T.);
#3780=ORIENTED_EDGE('',*,*,#2881,.T.);
#3781=ORIENTED_EDGE('',*,*,#2879,.F.);
#3782=ORIENTED_EDGE('',*,*,#2882,.F.);
#3783=ORIENTED_EDGE('',*,*,#2883,.F.);
#3784=ORIENTED_EDGE('',*,*,#2884,.T.);
#3785=ORIENTED_EDGE('',*,*,#2878,.F.);
#3786=ORIENTED_EDGE('',*,*,#2885,.T.);
#3787=ORIENTED_EDGE('',*,*,#2620,.F.);
#3788=ORIENTED_EDGE('',*,*,#2886,.T.);
#3789=ORIENTED_EDGE('',*,*,#2887,.F.);
#3790=ORIENTED_EDGE('',*,*,#2882,.T.);
#3791=ORIENTED_EDGE('',*,*,#2851,.T.);
#3792=ORIENTED_EDGE('',*,*,#2877,.T.);
#3793=ORIENTED_EDGE('',*,*,#2888,.T.);
#3794=ORIENTED_EDGE('',*,*,#2889,.T.);
#3795=ORIENTED_EDGE('',*,*,#2887,.T.);
#3796=ORIENTED_EDGE('',*,*,#2890,.T.);
#3797=ORIENTED_EDGE('',*,*,#2891,.T.);
#3798=ORIENTED_EDGE('',*,*,#2883,.T.);
#3799=ORIENTED_EDGE('',*,*,#2892,.T.);
#3800=ORIENTED_EDGE('',*,*,#2893,.T.);
#3801=ORIENTED_EDGE('',*,*,#2894,.T.);
#3802=ORIENTED_EDGE('',*,*,#2895,.T.);
#3803=ORIENTED_EDGE('',*,*,#2893,.F.);
#3804=ORIENTED_EDGE('',*,*,#2896,.F.);
#3805=ORIENTED_EDGE('',*,*,#2897,.F.);
#3806=ORIENTED_EDGE('',*,*,#2898,.T.);
#3807=ORIENTED_EDGE('',*,*,#2892,.F.);
#3808=ORIENTED_EDGE('',*,*,#2899,.T.);
#3809=ORIENTED_EDGE('',*,*,#2900,.F.);
#3810=ORIENTED_EDGE('',*,*,#2901,.T.);
#3811=ORIENTED_EDGE('',*,*,#2902,.F.);
#3812=ORIENTED_EDGE('',*,*,#2896,.T.);
#3813=ORIENTED_EDGE('',*,*,#2903,.T.);
#3814=ORIENTED_EDGE('',*,*,#2904,.T.);
#3815=ORIENTED_EDGE('',*,*,#2905,.T.);
#3816=ORIENTED_EDGE('',*,*,#2906,.T.);
#3817=ORIENTED_EDGE('',*,*,#2903,.F.);
#3818=ORIENTED_EDGE('',*,*,#2907,.T.);
#3819=ORIENTED_EDGE('',*,*,#2616,.F.);
#3820=ORIENTED_EDGE('',*,*,#2908,.F.);
#3821=ORIENTED_EDGE('',*,*,#2909,.F.);
#3822=ORIENTED_EDGE('',*,*,#2910,.F.);
#3823=ORIENTED_EDGE('',*,*,#2911,.T.);
#3824=ORIENTED_EDGE('',*,*,#2906,.F.);
#3825=ORIENTED_EDGE('',*,*,#2912,.T.);
#3826=ORIENTED_EDGE('',*,*,#2617,.F.);
#3827=ORIENTED_EDGE('',*,*,#2907,.F.);
#3828=ORIENTED_EDGE('',*,*,#2815,.T.);
#3829=ORIENTED_EDGE('',*,*,#2858,.T.);
#3830=ORIENTED_EDGE('',*,*,#2913,.T.);
#3831=ORIENTED_EDGE('',*,*,#2914,.T.);
#3832=ORIENTED_EDGE('',*,*,#2853,.T.);
#3833=ORIENTED_EDGE('',*,*,#2915,.T.);
#3834=ORIENTED_EDGE('',*,*,#2916,.T.);
#3835=ORIENTED_EDGE('',*,*,#2846,.T.);
#3836=ORIENTED_EDGE('',*,*,#2917,.T.);
#3837=ORIENTED_EDGE('',*,*,#2918,.T.);
#3838=ORIENTED_EDGE('',*,*,#2919,.T.);
#3839=ORIENTED_EDGE('',*,*,#2920,.T.);
#3840=ORIENTED_EDGE('',*,*,#2918,.F.);
#3841=ORIENTED_EDGE('',*,*,#2921,.F.);
#3842=ORIENTED_EDGE('',*,*,#2922,.F.);
#3843=ORIENTED_EDGE('',*,*,#2923,.T.);
#3844=ORIENTED_EDGE('',*,*,#2917,.F.);
#3845=ORIENTED_EDGE('',*,*,#2924,.T.);
#3846=ORIENTED_EDGE('',*,*,#2925,.F.);
#3847=ORIENTED_EDGE('',*,*,#2926,.T.);
#3848=ORIENTED_EDGE('',*,*,#2927,.F.);
#3849=ORIENTED_EDGE('',*,*,#2921,.T.);
#3850=ORIENTED_EDGE('',*,*,#2902,.T.);
#3851=ORIENTED_EDGE('',*,*,#2928,.T.);
#3852=ORIENTED_EDGE('',*,*,#2929,.T.);
#3853=ORIENTED_EDGE('',*,*,#2897,.T.);
#3854=ORIENTED_EDGE('',*,*,#2817,.T.);
#3855=ORIENTED_EDGE('',*,*,#2930,.T.);
#3856=ORIENTED_EDGE('',*,*,#2931,.T.);
#3857=ORIENTED_EDGE('',*,*,#2810,.T.);
#3858=ORIENTED_EDGE('',*,*,#2825,.T.);
#3859=ORIENTED_EDGE('',*,*,#2932,.T.);
#3860=ORIENTED_EDGE('',*,*,#2933,.T.);
#3861=ORIENTED_EDGE('',*,*,#2934,.T.);
#3862=ORIENTED_EDGE('',*,*,#2934,.F.);
#3863=ORIENTED_EDGE('',*,*,#2935,.T.);
#3864=ORIENTED_EDGE('',*,*,#2654,.F.);
#3865=ORIENTED_EDGE('',*,*,#2826,.F.);
#3866=ORIENTED_EDGE('',*,*,#2927,.T.);
#3867=ORIENTED_EDGE('',*,*,#2936,.T.);
#3868=ORIENTED_EDGE('',*,*,#2937,.T.);
#3869=ORIENTED_EDGE('',*,*,#2922,.T.);
#3870=ORIENTED_EDGE('',*,*,#2938,.T.);
#3871=ORIENTED_EDGE('',*,*,#2939,.T.);
#3872=ORIENTED_EDGE('',*,*,#2940,.T.);
#3873=ORIENTED_EDGE('',*,*,#2941,.T.);
#3874=ORIENTED_EDGE('',*,*,#2938,.F.);
#3875=ORIENTED_EDGE('',*,*,#2942,.T.);
#3876=ORIENTED_EDGE('',*,*,#2943,.F.);
#3877=ORIENTED_EDGE('',*,*,#2944,.F.);
#3878=ORIENTED_EDGE('',*,*,#2945,.F.);
#3879=ORIENTED_EDGE('',*,*,#2657,.F.);
#3880=ORIENTED_EDGE('',*,*,#2946,.T.);
#3881=ORIENTED_EDGE('',*,*,#2941,.F.);
#3882=ORIENTED_EDGE('',*,*,#2947,.T.);
#3883=ORIENTED_EDGE('',*,*,#2948,.F.);
#3884=ORIENTED_EDGE('',*,*,#2942,.F.);
#3885=ORIENTED_EDGE('',*,*,#2844,.F.);
#3886=ORIENTED_EDGE('',*,*,#2949,.T.);
#3887=ORIENTED_EDGE('',*,*,#2873,.F.);
#3888=ORIENTED_EDGE('',*,*,#2848,.F.);
#3889=ORIENTED_EDGE('',*,*,#2808,.F.);
#3890=ORIENTED_EDGE('',*,*,#2950,.T.);
#3891=ORIENTED_EDGE('',*,*,#2854,.F.);
#3892=ORIENTED_EDGE('',*,*,#2812,.F.);
#3893=ORIENTED_EDGE('',*,*,#2881,.F.);
#3894=ORIENTED_EDGE('',*,*,#2951,.T.);
#3895=ORIENTED_EDGE('',*,*,#2621,.F.);
#3896=ORIENTED_EDGE('',*,*,#2885,.F.);
#3897=ORIENTED_EDGE('',*,*,#2866,.F.);
#3898=ORIENTED_EDGE('',*,*,#2952,.F.);
#3899=ORIENTED_EDGE('',*,*,#2623,.F.);
#3900=ORIENTED_EDGE('',*,*,#2953,.T.);
#3901=ORIENTED_EDGE('',*,*,#2954,.T.);
#3902=ORIENTED_EDGE('',*,*,#2870,.T.);
#3903=ORIENTED_EDGE('',*,*,#2955,.T.);
#3904=ORIENTED_EDGE('',*,*,#2956,.F.);
#3905=ORIENTED_EDGE('',*,*,#2860,.F.);
#3906=ORIENTED_EDGE('',*,*,#2957,.F.);
#3907=ORIENTED_EDGE('',*,*,#2958,.F.);
#3908=ORIENTED_EDGE('',*,*,#2956,.T.);
#3909=ORIENTED_EDGE('',*,*,#2959,.T.);
#3910=ORIENTED_EDGE('',*,*,#2960,.T.);
#3911=ORIENTED_EDGE('',*,*,#2838,.T.);
#3912=ORIENTED_EDGE('',*,*,#2961,.T.);
#3913=ORIENTED_EDGE('',*,*,#2962,.F.);
#3914=ORIENTED_EDGE('',*,*,#2828,.F.);
#3915=ORIENTED_EDGE('',*,*,#2963,.F.);
#3916=ORIENTED_EDGE('',*,*,#2964,.F.);
#3917=ORIENTED_EDGE('',*,*,#2962,.T.);
#3918=ORIENTED_EDGE('',*,*,#2965,.T.);
#3919=ORIENTED_EDGE('',*,*,#2966,.T.);
#3920=ORIENTED_EDGE('',*,*,#2796,.T.);
#3921=ORIENTED_EDGE('',*,*,#2967,.T.);
#3922=ORIENTED_EDGE('',*,*,#2968,.F.);
#3923=ORIENTED_EDGE('',*,*,#2800,.F.);
#3924=ORIENTED_EDGE('',*,*,#2969,.F.);
#3925=ORIENTED_EDGE('',*,*,#2970,.F.);
#3926=ORIENTED_EDGE('',*,*,#2968,.T.);
#3927=ORIENTED_EDGE('',*,*,#2971,.T.);
#3928=ORIENTED_EDGE('',*,*,#2889,.F.);
#3929=ORIENTED_EDGE('',*,*,#2972,.T.);
#3930=ORIENTED_EDGE('',*,*,#2915,.F.);
#3931=ORIENTED_EDGE('',*,*,#2852,.F.);
#3932=ORIENTED_EDGE('',*,*,#2914,.F.);
#3933=ORIENTED_EDGE('',*,*,#2973,.T.);
#3934=ORIENTED_EDGE('',*,*,#2930,.F.);
#3935=ORIENTED_EDGE('',*,*,#2816,.F.);
#3936=ORIENTED_EDGE('',*,*,#2890,.F.);
#3937=ORIENTED_EDGE('',*,*,#2886,.F.);
#3938=ORIENTED_EDGE('',*,*,#2619,.F.);
#3939=ORIENTED_EDGE('',*,*,#2974,.T.);
#3940=ORIENTED_EDGE('',*,*,#2904,.F.);
#3941=ORIENTED_EDGE('',*,*,#2911,.F.);
#3942=ORIENTED_EDGE('',*,*,#2975,.F.);
#3943=ORIENTED_EDGE('',*,*,#2976,.T.);
#3944=ORIENTED_EDGE('',*,*,#2895,.F.);
#3945=ORIENTED_EDGE('',*,*,#2977,.T.);
#3946=ORIENTED_EDGE('',*,*,#2978,.F.);
#3947=ORIENTED_EDGE('',*,*,#2899,.F.);
#3948=ORIENTED_EDGE('',*,*,#2928,.F.);
#3949=ORIENTED_EDGE('',*,*,#2901,.F.);
#3950=ORIENTED_EDGE('',*,*,#2979,.F.);
#3951=ORIENTED_EDGE('',*,*,#2980,.T.);
#3952=ORIENTED_EDGE('',*,*,#2920,.F.);
#3953=ORIENTED_EDGE('',*,*,#2981,.T.);
#3954=ORIENTED_EDGE('',*,*,#2982,.F.);
#3955=ORIENTED_EDGE('',*,*,#2924,.F.);
#3956=ORIENTED_EDGE('',*,*,#2936,.F.);
#3957=ORIENTED_EDGE('',*,*,#2926,.F.);
#3958=ORIENTED_EDGE('',*,*,#2983,.F.);
#3959=ORIENTED_EDGE('',*,*,#2984,.T.);
#3960=ORIENTED_EDGE('',*,*,#2939,.F.);
#3961=ORIENTED_EDGE('',*,*,#2946,.F.);
#3962=ORIENTED_EDGE('',*,*,#2656,.F.);
#3963=ORIENTED_EDGE('',*,*,#2985,.T.);
#3964=ORIENTED_EDGE('',*,*,#2821,.F.);
#3965=ORIENTED_EDGE('',*,*,#2986,.T.);
#3966=ORIENTED_EDGE('',*,*,#2932,.F.);
#3967=ORIENTED_EDGE('',*,*,#2824,.F.);
#3968=ORIENTED_EDGE('',*,*,#2823,.F.);
#3969=ORIENTED_EDGE('',*,*,#2651,.F.);
#3970=ORIENTED_EDGE('',*,*,#2803,.F.);
#3971=ORIENTED_EDGE('',*,*,#2801,.F.);
#3972=ORIENTED_EDGE('',*,*,#2971,.F.);
#3973=ORIENTED_EDGE('',*,*,#2967,.F.);
#3974=ORIENTED_EDGE('',*,*,#2795,.F.);
#3975=ORIENTED_EDGE('',*,*,#2793,.F.);
#3976=ORIENTED_EDGE('',*,*,#2832,.F.);
#3977=ORIENTED_EDGE('',*,*,#2829,.F.);
#3978=ORIENTED_EDGE('',*,*,#2965,.F.);
#3979=ORIENTED_EDGE('',*,*,#2961,.F.);
#3980=ORIENTED_EDGE('',*,*,#2837,.F.);
#3981=ORIENTED_EDGE('',*,*,#2835,.F.);
#3982=ORIENTED_EDGE('',*,*,#2864,.F.);
#3983=ORIENTED_EDGE('',*,*,#2861,.F.);
#3984=ORIENTED_EDGE('',*,*,#2959,.F.);
#3985=ORIENTED_EDGE('',*,*,#2955,.F.);
#3986=ORIENTED_EDGE('',*,*,#2869,.F.);
#3987=ORIENTED_EDGE('',*,*,#2867,.F.);
#3988=ORIENTED_EDGE('',*,*,#2953,.F.);
#3989=ORIENTED_EDGE('',*,*,#2622,.F.);
#3990=ORIENTED_EDGE('',*,*,#2951,.F.);
#3991=ORIENTED_EDGE('',*,*,#2880,.F.);
#3992=ORIENTED_EDGE('',*,*,#2884,.F.);
#3993=ORIENTED_EDGE('',*,*,#2891,.F.);
#3994=ORIENTED_EDGE('',*,*,#2974,.F.);
#3995=ORIENTED_EDGE('',*,*,#2618,.F.);
#3996=ORIENTED_EDGE('',*,*,#2912,.F.);
#3997=ORIENTED_EDGE('',*,*,#2905,.F.);
#3998=ORIENTED_EDGE('',*,*,#2976,.F.);
#3999=ORIENTED_EDGE('',*,*,#2987,.F.);
#4000=ORIENTED_EDGE('',*,*,#2977,.F.);
#4001=ORIENTED_EDGE('',*,*,#2894,.F.);
#4002=ORIENTED_EDGE('',*,*,#2898,.F.);
#4003=ORIENTED_EDGE('',*,*,#2929,.F.);
#4004=ORIENTED_EDGE('',*,*,#2980,.F.);
#4005=ORIENTED_EDGE('',*,*,#2988,.F.);
#4006=ORIENTED_EDGE('',*,*,#2981,.F.);
#4007=ORIENTED_EDGE('',*,*,#2919,.F.);
#4008=ORIENTED_EDGE('',*,*,#2923,.F.);
#4009=ORIENTED_EDGE('',*,*,#2937,.F.);
#4010=ORIENTED_EDGE('',*,*,#2984,.F.);
#4011=ORIENTED_EDGE('',*,*,#2989,.F.);
#4012=ORIENTED_EDGE('',*,*,#2947,.F.);
#4013=ORIENTED_EDGE('',*,*,#2940,.F.);
#4014=ORIENTED_EDGE('',*,*,#2985,.F.);
#4015=ORIENTED_EDGE('',*,*,#2655,.F.);
#4016=ORIENTED_EDGE('',*,*,#2935,.F.);
#4017=ORIENTED_EDGE('',*,*,#2933,.F.);
#4018=ORIENTED_EDGE('',*,*,#2986,.F.);
#4019=ORIENTED_EDGE('',*,*,#2820,.F.);
#4020=ORIENTED_EDGE('',*,*,#2811,.F.);
#4021=ORIENTED_EDGE('',*,*,#2931,.F.);
#4022=ORIENTED_EDGE('',*,*,#2973,.F.);
#4023=ORIENTED_EDGE('',*,*,#2913,.F.);
#4024=ORIENTED_EDGE('',*,*,#2857,.F.);
#4025=ORIENTED_EDGE('',*,*,#2855,.F.);
#4026=ORIENTED_EDGE('',*,*,#2950,.F.);
#4027=ORIENTED_EDGE('',*,*,#2807,.F.);
#4028=ORIENTED_EDGE('',*,*,#2847,.F.);
#4029=ORIENTED_EDGE('',*,*,#2916,.F.);
#4030=ORIENTED_EDGE('',*,*,#2972,.F.);
#4031=ORIENTED_EDGE('',*,*,#2888,.F.);
#4032=ORIENTED_EDGE('',*,*,#2876,.F.);
#4033=ORIENTED_EDGE('',*,*,#2874,.F.);
#4034=ORIENTED_EDGE('',*,*,#2949,.F.);
#4035=ORIENTED_EDGE('',*,*,#2843,.F.);
#4036=ORIENTED_EDGE('',*,*,#2740,.F.);
#4037=ORIENTED_EDGE('',*,*,#2990,.F.);
#4038=ORIENTED_EDGE('',*,*,#2991,.F.);
#4039=ORIENTED_EDGE('',*,*,#2777,.F.);
#4040=ORIENTED_EDGE('',*,*,#2774,.F.);
#4041=ORIENTED_EDGE('',*,*,#2577,.T.);
#4042=ORIENTED_EDGE('',*,*,#2725,.F.);
#4043=ORIENTED_EDGE('',*,*,#2992,.F.);
#4044=ORIENTED_EDGE('',*,*,#2993,.F.);
#4045=ORIENTED_EDGE('',*,*,#2768,.F.);
#4046=ORIENTED_EDGE('',*,*,#2765,.F.);
#4047=ORIENTED_EDGE('',*,*,#2593,.T.);
#4048=ORIENTED_EDGE('',*,*,#2506,.T.);
#4049=ORIENTED_EDGE('',*,*,#2571,.T.);
#4050=ORIENTED_EDGE('',*,*,#2782,.F.);
#4051=ORIENTED_EDGE('',*,*,#2511,.F.);
#4052=ORIENTED_EDGE('',*,*,#2785,.F.);
#4053=ORIENTED_EDGE('',*,*,#2994,.F.);
#4054=ORIENTED_EDGE('',*,*,#2638,.F.);
#4055=ORIENTED_EDGE('',*,*,#2567,.T.);
#4056=ORIENTED_EDGE('',*,*,#2662,.F.);
#4057=ORIENTED_EDGE('',*,*,#2995,.F.);
#4058=ORIENTED_EDGE('',*,*,#2996,.F.);
#4059=ORIENTED_EDGE('',*,*,#2997,.F.);
#4060=ORIENTED_EDGE('',*,*,#2641,.F.);
#4061=ORIENTED_EDGE('',*,*,#2561,.T.);
#4062=ORIENTED_EDGE('',*,*,#2762,.F.);
#4063=ORIENTED_EDGE('',*,*,#2537,.T.);
#4064=ORIENTED_EDGE('',*,*,#2771,.F.);
#4065=ORIENTED_EDGE('',*,*,#2532,.F.);
#4066=ORIENTED_EDGE('',*,*,#2755,.F.);
#4067=ORIENTED_EDGE('',*,*,#2611,.F.);
#4068=ORIENTED_EDGE('',*,*,#2636,.F.);
#4069=ORIENTED_EDGE('',*,*,#2541,.T.);
#4070=ORIENTED_EDGE('',*,*,#2730,.F.);
#4071=ORIENTED_EDGE('',*,*,#2735,.F.);
#4072=ORIENTED_EDGE('',*,*,#2998,.F.);
#4073=ORIENTED_EDGE('',*,*,#2759,.F.);
#4074=ORIENTED_EDGE('',*,*,#2633,.F.);
#4075=ORIENTED_EDGE('',*,*,#2547,.T.);
#4076=ORIENTED_EDGE('',*,*,#2704,.F.);
#4077=ORIENTED_EDGE('',*,*,#2551,.T.);
#4078=ORIENTED_EDGE('',*,*,#2720,.F.);
#4079=ORIENTED_EDGE('',*,*,#2708,.F.);
#4080=ORIENTED_EDGE('',*,*,#2999,.F.);
#4081=ORIENTED_EDGE('',*,*,#3000,.F.);
#4082=ORIENTED_EDGE('',*,*,#3001,.F.);
#4083=ORIENTED_EDGE('',*,*,#3002,.F.);
#4084=ORIENTED_EDGE('',*,*,#3003,.F.);
#4085=ORIENTED_EDGE('',*,*,#2648,.F.);
#4086=ORIENTED_EDGE('',*,*,#2555,.T.);
#4087=ORIENTED_EDGE('',*,*,#2625,.F.);
#4088=ORIENTED_EDGE('',*,*,#2970,.T.);
#4089=ORIENTED_EDGE('',*,*,#3004,.T.);
#4090=ORIENTED_EDGE('',*,*,#3005,.T.);
#4091=ORIENTED_EDGE('',*,*,#3006,.T.);
#4092=ORIENTED_EDGE('',*,*,#2964,.T.);
#4093=ORIENTED_EDGE('',*,*,#3007,.T.);
#4094=ORIENTED_EDGE('',*,*,#2797,.T.);
#4095=ORIENTED_EDGE('',*,*,#3008,.T.);
#4096=ORIENTED_EDGE('',*,*,#2958,.T.);
#4097=ORIENTED_EDGE('',*,*,#3009,.T.);
#4098=ORIENTED_EDGE('',*,*,#2839,.T.);
#4099=ORIENTED_EDGE('',*,*,#3010,.T.);
#4100=ORIENTED_EDGE('',*,*,#2788,.T.);
#4101=ORIENTED_EDGE('',*,*,#3011,.T.);
#4102=ORIENTED_EDGE('',*,*,#3012,.T.);
#4103=ORIENTED_EDGE('',*,*,#3013,.T.);
#4104=ORIENTED_EDGE('',*,*,#2738,.T.);
#4105=ORIENTED_EDGE('',*,*,#2761,.T.);
#4106=ORIENTED_EDGE('',*,*,#3014,.F.);
#4107=ORIENTED_EDGE('',*,*,#2733,.T.);
#4108=ORIENTED_EDGE('',*,*,#2993,.T.);
#4109=ORIENTED_EDGE('',*,*,#3015,.T.);
#4110=ORIENTED_EDGE('',*,*,#2750,.T.);
#4111=ORIENTED_EDGE('',*,*,#2769,.T.);
#4112=ORIENTED_EDGE('',*,*,#2991,.T.);
#4113=ORIENTED_EDGE('',*,*,#3016,.T.);
#4114=ORIENTED_EDGE('',*,*,#2682,.T.);
#4115=ORIENTED_EDGE('',*,*,#2778,.T.);
#4116=ORIENTED_EDGE('',*,*,#3000,.T.);
#4117=ORIENTED_EDGE('',*,*,#3017,.T.);
#4118=ORIENTED_EDGE('',*,*,#3018,.F.);
#4119=ORIENTED_EDGE('',*,*,#3019,.T.);
#4120=ORIENTED_EDGE('',*,*,#2723,.T.);
#4121=ORIENTED_EDGE('',*,*,#3020,.T.);
#4122=ORIENTED_EDGE('',*,*,#2706,.T.);
#4123=ORIENTED_EDGE('',*,*,#2711,.T.);
#4124=ORIENTED_EDGE('',*,*,#3002,.T.);
#4125=ORIENTED_EDGE('',*,*,#3021,.T.);
#4126=ORIENTED_EDGE('',*,*,#3005,.F.);
#4127=ORIENTED_EDGE('',*,*,#3022,.T.);
#4128=ORIENTED_EDGE('',*,*,#2996,.T.);
#4129=ORIENTED_EDGE('',*,*,#3023,.T.);
#4130=ORIENTED_EDGE('',*,*,#2691,.T.);
#4131=ORIENTED_EDGE('',*,*,#3024,.T.);
#4132=ORIENTED_EDGE('',*,*,#2675,.T.);
#4133=ORIENTED_EDGE('',*,*,#3025,.T.);
#4134=ORIENTED_EDGE('',*,*,#3012,.F.);
#4135=ORIENTED_EDGE('',*,*,#3026,.T.);
#4136=ORIENTED_EDGE('',*,*,#2997,.T.);
#4137=ORIENTED_EDGE('',*,*,#3024,.F.);
#4138=ORIENTED_EDGE('',*,*,#2690,.T.);
#4139=ORIENTED_EDGE('',*,*,#2646,.F.);
#4140=ORIENTED_EDGE('',*,*,#3027,.F.);
#4141=ORIENTED_EDGE('',*,*,#3028,.F.);
#4142=ORIENTED_EDGE('',*,*,#3029,.F.);
#4143=ORIENTED_EDGE('',*,*,#2642,.F.);
#4144=ORIENTED_EDGE('',*,*,#2722,.T.);
#4145=ORIENTED_EDGE('',*,*,#2631,.F.);
#4146=ORIENTED_EDGE('',*,*,#3030,.F.);
#4147=ORIENTED_EDGE('',*,*,#3031,.F.);
#4148=ORIENTED_EDGE('',*,*,#3032,.F.);
#4149=ORIENTED_EDGE('',*,*,#2627,.F.);
#4150=ORIENTED_EDGE('',*,*,#2707,.T.);
#4151=ORIENTED_EDGE('',*,*,#3020,.F.);
#4152=ORIENTED_EDGE('',*,*,#2784,.F.);
#4153=ORIENTED_EDGE('',*,*,#2789,.T.);
#4154=ORIENTED_EDGE('',*,*,#3013,.F.);
#4155=ORIENTED_EDGE('',*,*,#3025,.F.);
#4156=ORIENTED_EDGE('',*,*,#2674,.T.);
#4157=ORIENTED_EDGE('',*,*,#2639,.F.);
#4158=ORIENTED_EDGE('',*,*,#2994,.T.);
#4159=ORIENTED_EDGE('',*,*,#2865,.F.);
#4160=ORIENTED_EDGE('',*,*,#2872,.T.);
#4161=ORIENTED_EDGE('',*,*,#3033,.F.);
#4162=ORIENTED_EDGE('',*,*,#3017,.F.);
#4163=ORIENTED_EDGE('',*,*,#2999,.T.);
#4164=ORIENTED_EDGE('',*,*,#2624,.F.);
#4165=ORIENTED_EDGE('',*,*,#2952,.T.);
#4166=ORIENTED_EDGE('',*,*,#2833,.F.);
#4167=ORIENTED_EDGE('',*,*,#2840,.T.);
#4168=ORIENTED_EDGE('',*,*,#3009,.F.);
#4169=ORIENTED_EDGE('',*,*,#2957,.T.);
#4170=ORIENTED_EDGE('',*,*,#2859,.F.);
#4171=ORIENTED_EDGE('',*,*,#2863,.T.);
#4172=ORIENTED_EDGE('',*,*,#2791,.F.);
#4173=ORIENTED_EDGE('',*,*,#2798,.T.);
#4174=ORIENTED_EDGE('',*,*,#3007,.F.);
#4175=ORIENTED_EDGE('',*,*,#2963,.T.);
#4176=ORIENTED_EDGE('',*,*,#2827,.F.);
#4177=ORIENTED_EDGE('',*,*,#2831,.T.);
#4178=ORIENTED_EDGE('',*,*,#2799,.F.);
#4179=ORIENTED_EDGE('',*,*,#2804,.T.);
#4180=ORIENTED_EDGE('',*,*,#2649,.F.);
#4181=ORIENTED_EDGE('',*,*,#3003,.T.);
#4182=ORIENTED_EDGE('',*,*,#3022,.F.);
#4183=ORIENTED_EDGE('',*,*,#3004,.F.);
#4184=ORIENTED_EDGE('',*,*,#2969,.T.);
#4185=ORIENTED_EDGE('',*,*,#2697,.F.);
#4186=ORIENTED_EDGE('',*,*,#2701,.T.);
#4187=ORIENTED_EDGE('',*,*,#2752,.F.);
#4188=ORIENTED_EDGE('',*,*,#2754,.T.);
#4189=ORIENTED_EDGE('',*,*,#2716,.F.);
#4190=ORIENTED_EDGE('',*,*,#2719,.T.);
#4191=ORIENTED_EDGE('',*,*,#2712,.F.);
#4192=ORIENTED_EDGE('',*,*,#2715,.T.);
#4193=ORIENTED_EDGE('',*,*,#2671,.F.);
#4194=ORIENTED_EDGE('',*,*,#2676,.T.);
#4195=ORIENTED_EDGE('',*,*,#3026,.F.);
#4196=ORIENTED_EDGE('',*,*,#3011,.F.);
#4197=ORIENTED_EDGE('',*,*,#2787,.T.);
#4198=ORIENTED_EDGE('',*,*,#2661,.F.);
#4199=ORIENTED_EDGE('',*,*,#2665,.T.);
#4200=ORIENTED_EDGE('',*,*,#2688,.F.);
#4201=ORIENTED_EDGE('',*,*,#2692,.T.);
#4202=ORIENTED_EDGE('',*,*,#3023,.F.);
#4203=ORIENTED_EDGE('',*,*,#2995,.T.);
#4204=ORIENTED_EDGE('',*,*,#3001,.T.);
#4205=ORIENTED_EDGE('',*,*,#3019,.F.);
#4206=ORIENTED_EDGE('',*,*,#3034,.F.);
#4207=ORIENTED_EDGE('',*,*,#2954,.F.);
#4208=ORIENTED_EDGE('',*,*,#3010,.F.);
#4209=ORIENTED_EDGE('',*,*,#2960,.F.);
#4210=ORIENTED_EDGE('',*,*,#3008,.F.);
#4211=ORIENTED_EDGE('',*,*,#2966,.F.);
#4212=ORIENTED_EDGE('',*,*,#3006,.F.);
#4213=ORIENTED_EDGE('',*,*,#3021,.F.);
#4214=ORIENTED_EDGE('',*,*,#2724,.F.);
#4215=ORIENTED_EDGE('',*,*,#2728,.T.);
#4216=ORIENTED_EDGE('',*,*,#2746,.F.);
#4217=ORIENTED_EDGE('',*,*,#2751,.T.);
#4218=ORIENTED_EDGE('',*,*,#3015,.F.);
#4219=ORIENTED_EDGE('',*,*,#2992,.T.);
#4220=ORIENTED_EDGE('',*,*,#2677,.F.);
#4221=ORIENTED_EDGE('',*,*,#2683,.T.);
#4222=ORIENTED_EDGE('',*,*,#3016,.F.);
#4223=ORIENTED_EDGE('',*,*,#2990,.T.);
#4224=ORIENTED_EDGE('',*,*,#2739,.F.);
#4225=ORIENTED_EDGE('',*,*,#2742,.T.);
#4226=ORIENTED_EDGE('',*,*,#2666,.F.);
#4227=ORIENTED_EDGE('',*,*,#2670,.T.);
#4228=ORIENTED_EDGE('',*,*,#2743,.F.);
#4229=ORIENTED_EDGE('',*,*,#2745,.T.);
#4230=ORIENTED_EDGE('',*,*,#2693,.F.);
#4231=ORIENTED_EDGE('',*,*,#2696,.T.);
#4232=ORIENTED_EDGE('',*,*,#2684,.F.);
#4233=ORIENTED_EDGE('',*,*,#2687,.T.);
#4234=ORIENTED_EDGE('',*,*,#2488,.F.);
#4235=ORIENTED_EDGE('',*,*,#3035,.T.);
#4236=ORIENTED_EDGE('',*,*,#3036,.T.);
#4237=ORIENTED_EDGE('',*,*,#3035,.F.);
#4238=ORIENTED_EDGE('',*,*,#3036,.F.);
#4239=ORIENTED_EDGE('',*,*,#3037,.F.);
#4240=ORIENTED_EDGE('',*,*,#2487,.F.);
#4241=ORIENTED_EDGE('',*,*,#3038,.T.);
#4242=ORIENTED_EDGE('',*,*,#3039,.T.);
#4243=ORIENTED_EDGE('',*,*,#3038,.F.);
#4244=ORIENTED_EDGE('',*,*,#3039,.F.);
#4245=ORIENTED_EDGE('',*,*,#3040,.F.);
#4246=ORIENTED_EDGE('',*,*,#3040,.T.);
#4247=ORIENTED_EDGE('',*,*,#3041,.T.);
#4248=ORIENTED_EDGE('',*,*,#3042,.F.);
#4249=ORIENTED_EDGE('',*,*,#3041,.F.);
#4250=ORIENTED_EDGE('',*,*,#3037,.T.);
#4251=ORIENTED_EDGE('',*,*,#3043,.T.);
#4252=ORIENTED_EDGE('',*,*,#3044,.F.);
#4253=ORIENTED_EDGE('',*,*,#3043,.F.);
#4254=ORIENTED_EDGE('',*,*,#2614,.T.);
#4255=ORIENTED_EDGE('',*,*,#3045,.T.);
#4256=ORIENTED_EDGE('',*,*,#3046,.T.);
#4257=ORIENTED_EDGE('',*,*,#3047,.T.);
#4258=ORIENTED_EDGE('',*,*,#3048,.T.);
#4259=ORIENTED_EDGE('',*,*,#3049,.T.);
#4260=ORIENTED_EDGE('',*,*,#3050,.T.);
#4261=ORIENTED_EDGE('',*,*,#3051,.T.);
#4262=ORIENTED_EDGE('',*,*,#3052,.T.);
#4263=ORIENTED_EDGE('',*,*,#3053,.T.);
#4264=ORIENTED_EDGE('',*,*,#3054,.T.);
#4265=ORIENTED_EDGE('',*,*,#2644,.T.);
#4266=ORIENTED_EDGE('',*,*,#3055,.T.);
#4267=ORIENTED_EDGE('',*,*,#3056,.T.);
#4268=ORIENTED_EDGE('',*,*,#3057,.T.);
#4269=ORIENTED_EDGE('',*,*,#3058,.T.);
#4270=ORIENTED_EDGE('',*,*,#3059,.T.);
#4271=ORIENTED_EDGE('',*,*,#3060,.T.);
#4272=ORIENTED_EDGE('',*,*,#3061,.T.);
#4273=ORIENTED_EDGE('',*,*,#3062,.T.);
#4274=ORIENTED_EDGE('',*,*,#3063,.T.);
#4275=ORIENTED_EDGE('',*,*,#3064,.T.);
#4276=ORIENTED_EDGE('',*,*,#3065,.T.);
#4277=ORIENTED_EDGE('',*,*,#2629,.T.);
#4278=ORIENTED_EDGE('',*,*,#3066,.T.);
#4279=ORIENTED_EDGE('',*,*,#3067,.T.);
#4280=ORIENTED_EDGE('',*,*,#3068,.T.);
#4281=ORIENTED_EDGE('',*,*,#3069,.T.);
#4282=ORIENTED_EDGE('',*,*,#3070,.T.);
#4283=ORIENTED_EDGE('',*,*,#3071,.T.);
#4284=ORIENTED_EDGE('',*,*,#2500,.T.);
#4285=ORIENTED_EDGE('',*,*,#3072,.F.);
#4286=ORIENTED_EDGE('',*,*,#3073,.T.);
#4287=ORIENTED_EDGE('',*,*,#3074,.F.);
#4288=ORIENTED_EDGE('',*,*,#2501,.T.);
#4289=ORIENTED_EDGE('',*,*,#3074,.T.);
#4290=ORIENTED_EDGE('',*,*,#3075,.T.);
#4291=ORIENTED_EDGE('',*,*,#3076,.T.);
#4292=ORIENTED_EDGE('',*,*,#3077,.T.);
#4293=ORIENTED_EDGE('',*,*,#3078,.T.);
#4294=ORIENTED_EDGE('',*,*,#3079,.T.);
#4295=ORIENTED_EDGE('',*,*,#3080,.T.);
#4296=ORIENTED_EDGE('',*,*,#3081,.T.);
#4297=ORIENTED_EDGE('',*,*,#3082,.T.);
#4298=ORIENTED_EDGE('',*,*,#2659,.T.);
#4299=ORIENTED_EDGE('',*,*,#3083,.T.);
#4300=ORIENTED_EDGE('',*,*,#3084,.T.);
#4301=ORIENTED_EDGE('',*,*,#3085,.T.);
#4302=ORIENTED_EDGE('',*,*,#3086,.T.);
#4303=ORIENTED_EDGE('',*,*,#3087,.T.);
#4304=ORIENTED_EDGE('',*,*,#3088,.T.);
#4305=ORIENTED_EDGE('',*,*,#3089,.T.);
#4306=ORIENTED_EDGE('',*,*,#3090,.T.);
#4307=ORIENTED_EDGE('',*,*,#3091,.T.);
#4308=ORIENTED_EDGE('',*,*,#3092,.F.);
#4309=ORIENTED_EDGE('',*,*,#3093,.F.);
#4310=ORIENTED_EDGE('',*,*,#3094,.F.);
#4311=ORIENTED_EDGE('',*,*,#3095,.F.);
#4312=ORIENTED_EDGE('',*,*,#3096,.F.);
#4313=ORIENTED_EDGE('',*,*,#3097,.F.);
#4314=ORIENTED_EDGE('',*,*,#3042,.T.);
#4315=ORIENTED_EDGE('',*,*,#3094,.T.);
#4316=ORIENTED_EDGE('',*,*,#3098,.T.);
#4317=ORIENTED_EDGE('',*,*,#3088,.F.);
#4318=ORIENTED_EDGE('',*,*,#3099,.F.);
#4319=ORIENTED_EDGE('',*,*,#3093,.T.);
#4320=ORIENTED_EDGE('',*,*,#3100,.T.);
#4321=ORIENTED_EDGE('',*,*,#3089,.F.);
#4322=ORIENTED_EDGE('',*,*,#3098,.F.);
#4323=ORIENTED_EDGE('',*,*,#3092,.T.);
#4324=ORIENTED_EDGE('',*,*,#3101,.T.);
#4325=ORIENTED_EDGE('',*,*,#3090,.F.);
#4326=ORIENTED_EDGE('',*,*,#3100,.F.);
#4327=ORIENTED_EDGE('',*,*,#3102,.F.);
#4328=ORIENTED_EDGE('',*,*,#3103,.F.);
#4329=ORIENTED_EDGE('',*,*,#3104,.F.);
#4330=ORIENTED_EDGE('',*,*,#3105,.F.);
#4331=ORIENTED_EDGE('',*,*,#3106,.F.);
#4332=ORIENTED_EDGE('',*,*,#3107,.F.);
#4333=ORIENTED_EDGE('',*,*,#3044,.T.);
#4334=ORIENTED_EDGE('',*,*,#3104,.T.);
#4335=ORIENTED_EDGE('',*,*,#3108,.T.);
#4336=ORIENTED_EDGE('',*,*,#3050,.F.);
#4337=ORIENTED_EDGE('',*,*,#3109,.F.);
#4338=ORIENTED_EDGE('',*,*,#3103,.T.);
#4339=ORIENTED_EDGE('',*,*,#3110,.T.);
#4340=ORIENTED_EDGE('',*,*,#3051,.F.);
#4341=ORIENTED_EDGE('',*,*,#3108,.F.);
#4342=ORIENTED_EDGE('',*,*,#3102,.T.);
#4343=ORIENTED_EDGE('',*,*,#3111,.T.);
#4344=ORIENTED_EDGE('',*,*,#3052,.F.);
#4345=ORIENTED_EDGE('',*,*,#3110,.F.);
#4346=ORIENTED_EDGE('',*,*,#3112,.F.);
#4347=ORIENTED_EDGE('',*,*,#3113,.T.);
#4348=ORIENTED_EDGE('',*,*,#3114,.F.);
#4349=ORIENTED_EDGE('',*,*,#3115,.T.);
#4350=ORIENTED_EDGE('',*,*,#3116,.F.);
#4351=ORIENTED_EDGE('',*,*,#3117,.F.);
#4352=ORIENTED_EDGE('',*,*,#3118,.F.);
#4353=ORIENTED_EDGE('',*,*,#3119,.F.);
#4354=ORIENTED_EDGE('',*,*,#3120,.F.);
#4355=ORIENTED_EDGE('',*,*,#3121,.F.);
#4356=ORIENTED_EDGE('',*,*,#3122,.F.);
#4357=ORIENTED_EDGE('',*,*,#3123,.F.);
#4358=ORIENTED_EDGE('',*,*,#3124,.F.);
#4359=ORIENTED_EDGE('',*,*,#3125,.F.);
#4360=ORIENTED_EDGE('',*,*,#3126,.F.);
#4361=ORIENTED_EDGE('',*,*,#3127,.F.);
#4362=ORIENTED_EDGE('',*,*,#3128,.F.);
#4363=ORIENTED_EDGE('',*,*,#3129,.F.);
#4364=ORIENTED_EDGE('',*,*,#3130,.F.);
#4365=ORIENTED_EDGE('',*,*,#3131,.F.);
#4366=ORIENTED_EDGE('',*,*,#3132,.F.);
#4367=ORIENTED_EDGE('',*,*,#3133,.F.);
#4368=ORIENTED_EDGE('',*,*,#3134,.F.);
#4369=ORIENTED_EDGE('',*,*,#3135,.F.);
#4370=ORIENTED_EDGE('',*,*,#2499,.T.);
#4371=ORIENTED_EDGE('',*,*,#2517,.T.);
#4372=ORIENTED_EDGE('',*,*,#3136,.T.);
#4373=ORIENTED_EDGE('',*,*,#3072,.T.);
#4374=ORIENTED_EDGE('',*,*,#3137,.T.);
#4375=ORIENTED_EDGE('',*,*,#3062,.F.);
#4376=ORIENTED_EDGE('',*,*,#3138,.T.);
#4377=ORIENTED_EDGE('',*,*,#3122,.T.);
#4378=ORIENTED_EDGE('',*,*,#3138,.F.);
#4379=ORIENTED_EDGE('',*,*,#3061,.F.);
#4380=ORIENTED_EDGE('',*,*,#3139,.T.);
#4381=ORIENTED_EDGE('',*,*,#3123,.T.);
#4382=ORIENTED_EDGE('',*,*,#3139,.F.);
#4383=ORIENTED_EDGE('',*,*,#3060,.F.);
#4384=ORIENTED_EDGE('',*,*,#3140,.T.);
#4385=ORIENTED_EDGE('',*,*,#3124,.T.);
#4386=ORIENTED_EDGE('',*,*,#3140,.F.);
#4387=ORIENTED_EDGE('',*,*,#3059,.F.);
#4388=ORIENTED_EDGE('',*,*,#3141,.T.);
#4389=ORIENTED_EDGE('',*,*,#3125,.T.);
#4390=ORIENTED_EDGE('',*,*,#3141,.F.);
#4391=ORIENTED_EDGE('',*,*,#3058,.F.);
#4392=ORIENTED_EDGE('',*,*,#3142,.T.);
#4393=ORIENTED_EDGE('',*,*,#3126,.T.);
#4394=ORIENTED_EDGE('',*,*,#3142,.F.);
#4395=ORIENTED_EDGE('',*,*,#3057,.F.);
#4396=ORIENTED_EDGE('',*,*,#3137,.F.);
#4397=ORIENTED_EDGE('',*,*,#3127,.T.);
#4398=ORIENTED_EDGE('',*,*,#3143,.T.);
#4399=ORIENTED_EDGE('',*,*,#3056,.F.);
#4400=ORIENTED_EDGE('',*,*,#3144,.T.);
#4401=ORIENTED_EDGE('',*,*,#3028,.T.);
#4402=ORIENTED_EDGE('',*,*,#3144,.F.);
#4403=ORIENTED_EDGE('',*,*,#3055,.F.);
#4404=ORIENTED_EDGE('',*,*,#2643,.F.);
#4405=ORIENTED_EDGE('',*,*,#3029,.T.);
#4406=ORIENTED_EDGE('',*,*,#2645,.F.);
#4407=ORIENTED_EDGE('',*,*,#3054,.F.);
#4408=ORIENTED_EDGE('',*,*,#3143,.F.);
#4409=ORIENTED_EDGE('',*,*,#3027,.T.);
#4410=ORIENTED_EDGE('',*,*,#3145,.T.);
#4411=ORIENTED_EDGE('',*,*,#3071,.F.);
#4412=ORIENTED_EDGE('',*,*,#3146,.T.);
#4413=ORIENTED_EDGE('',*,*,#3129,.T.);
#4414=ORIENTED_EDGE('',*,*,#3146,.F.);
#4415=ORIENTED_EDGE('',*,*,#3070,.F.);
#4416=ORIENTED_EDGE('',*,*,#3147,.T.);
#4417=ORIENTED_EDGE('',*,*,#3130,.T.);
#4418=ORIENTED_EDGE('',*,*,#3147,.F.);
#4419=ORIENTED_EDGE('',*,*,#3069,.F.);
#4420=ORIENTED_EDGE('',*,*,#3148,.T.);
#4421=ORIENTED_EDGE('',*,*,#3131,.T.);
#4422=ORIENTED_EDGE('',*,*,#3148,.F.);
#4423=ORIENTED_EDGE('',*,*,#3068,.F.);
#4424=ORIENTED_EDGE('',*,*,#3149,.T.);
#4425=ORIENTED_EDGE('',*,*,#3132,.T.);
#4426=ORIENTED_EDGE('',*,*,#3149,.F.);
#4427=ORIENTED_EDGE('',*,*,#3067,.F.);
#4428=ORIENTED_EDGE('',*,*,#3150,.T.);
#4429=ORIENTED_EDGE('',*,*,#3133,.T.);
#4430=ORIENTED_EDGE('',*,*,#3150,.F.);
#4431=ORIENTED_EDGE('',*,*,#3066,.F.);
#4432=ORIENTED_EDGE('',*,*,#3145,.F.);
#4433=ORIENTED_EDGE('',*,*,#3134,.T.);
#4434=ORIENTED_EDGE('',*,*,#2630,.F.);
#4435=ORIENTED_EDGE('',*,*,#3065,.F.);
#4436=ORIENTED_EDGE('',*,*,#3151,.T.);
#4437=ORIENTED_EDGE('',*,*,#3030,.T.);
#4438=ORIENTED_EDGE('',*,*,#3151,.F.);
#4439=ORIENTED_EDGE('',*,*,#3064,.F.);
#4440=ORIENTED_EDGE('',*,*,#3152,.T.);
#4441=ORIENTED_EDGE('',*,*,#3031,.T.);
#4442=ORIENTED_EDGE('',*,*,#3152,.F.);
#4443=ORIENTED_EDGE('',*,*,#3063,.F.);
#4444=ORIENTED_EDGE('',*,*,#2628,.F.);
#4445=ORIENTED_EDGE('',*,*,#3032,.T.);
#4446=ORIENTED_EDGE('',*,*,#3153,.T.);
#4447=ORIENTED_EDGE('',*,*,#3083,.F.);
#4448=ORIENTED_EDGE('',*,*,#2658,.F.);
#4449=ORIENTED_EDGE('',*,*,#2945,.T.);
#4450=ORIENTED_EDGE('',*,*,#2615,.F.);
#4451=ORIENTED_EDGE('',*,*,#3047,.F.);
#4452=ORIENTED_EDGE('',*,*,#3154,.T.);
#4453=ORIENTED_EDGE('',*,*,#2908,.T.);
#4454=ORIENTED_EDGE('',*,*,#3155,.F.);
#4455=ORIENTED_EDGE('',*,*,#3084,.F.);
#4456=ORIENTED_EDGE('',*,*,#3153,.F.);
#4457=ORIENTED_EDGE('',*,*,#2944,.T.);
#4458=ORIENTED_EDGE('',*,*,#3097,.T.);
#4459=ORIENTED_EDGE('',*,*,#3156,.T.);
#4460=ORIENTED_EDGE('',*,*,#3091,.F.);
#4461=ORIENTED_EDGE('',*,*,#3101,.F.);
#4462=ORIENTED_EDGE('',*,*,#3095,.T.);
#4463=ORIENTED_EDGE('',*,*,#3099,.T.);
#4464=ORIENTED_EDGE('',*,*,#3087,.F.);
#4465=ORIENTED_EDGE('',*,*,#3157,.F.);
#4466=ORIENTED_EDGE('',*,*,#3096,.T.);
#4467=ORIENTED_EDGE('',*,*,#3157,.T.);
#4468=ORIENTED_EDGE('',*,*,#3086,.F.);
#4469=ORIENTED_EDGE('',*,*,#3156,.F.);
#4470=ORIENTED_EDGE('',*,*,#3107,.T.);
#4471=ORIENTED_EDGE('',*,*,#3158,.T.);
#4472=ORIENTED_EDGE('',*,*,#3053,.F.);
#4473=ORIENTED_EDGE('',*,*,#3111,.F.);
#4474=ORIENTED_EDGE('',*,*,#3105,.T.);
#4475=ORIENTED_EDGE('',*,*,#3109,.T.);
#4476=ORIENTED_EDGE('',*,*,#3049,.F.);
#4477=ORIENTED_EDGE('',*,*,#3159,.F.);
#4478=ORIENTED_EDGE('',*,*,#3106,.T.);
#4479=ORIENTED_EDGE('',*,*,#3159,.T.);
#4480=ORIENTED_EDGE('',*,*,#3048,.F.);
#4481=ORIENTED_EDGE('',*,*,#3158,.F.);
#4482=ORIENTED_EDGE('',*,*,#3154,.F.);
#4483=ORIENTED_EDGE('',*,*,#3046,.F.);
#4484=ORIENTED_EDGE('',*,*,#3160,.F.);
#4485=ORIENTED_EDGE('',*,*,#2909,.T.);
#4486=ORIENTED_EDGE('',*,*,#2975,.T.);
#4487=ORIENTED_EDGE('',*,*,#2910,.T.);
#4488=ORIENTED_EDGE('',*,*,#3160,.T.);
#4489=ORIENTED_EDGE('',*,*,#3045,.F.);
#4490=ORIENTED_EDGE('',*,*,#2613,.F.);
#4491=ORIENTED_EDGE('',*,*,#2483,.F.);
#4492=ORIENTED_EDGE('',*,*,#2660,.T.);
#4493=ORIENTED_EDGE('',*,*,#3085,.F.);
#4494=ORIENTED_EDGE('',*,*,#3155,.T.);
#4495=ORIENTED_EDGE('',*,*,#2943,.T.);
#4496=ORIENTED_EDGE('',*,*,#2948,.T.);
#4497=ORIENTED_EDGE('',*,*,#2989,.T.);
#4498=ORIENTED_EDGE('',*,*,#2983,.T.);
#4499=ORIENTED_EDGE('',*,*,#2925,.T.);
#4500=ORIENTED_EDGE('',*,*,#2982,.T.);
#4501=ORIENTED_EDGE('',*,*,#2988,.T.);
#4502=ORIENTED_EDGE('',*,*,#2979,.T.);
#4503=ORIENTED_EDGE('',*,*,#2900,.T.);
#4504=ORIENTED_EDGE('',*,*,#2978,.T.);
#4505=ORIENTED_EDGE('',*,*,#2987,.T.);
#4506=ORIENTED_EDGE('',*,*,#3136,.F.);
#4507=ORIENTED_EDGE('',*,*,#2516,.T.);
#4508=ORIENTED_EDGE('',*,*,#2529,.T.);
#4509=ORIENTED_EDGE('',*,*,#3161,.T.);
#4510=ORIENTED_EDGE('',*,*,#3075,.F.);
#4511=ORIENTED_EDGE('',*,*,#3073,.F.);
#4512=ORIENTED_EDGE('',*,*,#3162,.F.);
#4513=ORIENTED_EDGE('',*,*,#3081,.F.);
#4514=ORIENTED_EDGE('',*,*,#3163,.F.);
#4515=ORIENTED_EDGE('',*,*,#3118,.T.);
#4516=ORIENTED_EDGE('',*,*,#3164,.F.);
#4517=ORIENTED_EDGE('',*,*,#3082,.F.);
#4518=ORIENTED_EDGE('',*,*,#3162,.T.);
#4519=ORIENTED_EDGE('',*,*,#3117,.T.);
#4520=ORIENTED_EDGE('',*,*,#3165,.T.);
#4521=ORIENTED_EDGE('',*,*,#3077,.F.);
#4522=ORIENTED_EDGE('',*,*,#3164,.T.);
#4523=ORIENTED_EDGE('',*,*,#3116,.T.);
#4524=ORIENTED_EDGE('',*,*,#3163,.T.);
#4525=ORIENTED_EDGE('',*,*,#3080,.F.);
#4526=ORIENTED_EDGE('',*,*,#3166,.F.);
#4527=ORIENTED_EDGE('',*,*,#3119,.T.);
#4528=ORIENTED_EDGE('',*,*,#3166,.T.);
#4529=ORIENTED_EDGE('',*,*,#3079,.F.);
#4530=ORIENTED_EDGE('',*,*,#3167,.F.);
#4531=ORIENTED_EDGE('',*,*,#3120,.T.);
#4532=ORIENTED_EDGE('',*,*,#3167,.T.);
#4533=ORIENTED_EDGE('',*,*,#3078,.F.);
#4534=ORIENTED_EDGE('',*,*,#3165,.F.);
#4535=ORIENTED_EDGE('',*,*,#3121,.T.);
#4536=ORIENTED_EDGE('',*,*,#2502,.T.);
#4537=ORIENTED_EDGE('',*,*,#3076,.F.);
#4538=ORIENTED_EDGE('',*,*,#3161,.F.);
#4539=ORIENTED_EDGE('',*,*,#2528,.T.);
#4540=ORIENTED_EDGE('',*,*,#2871,.T.);
#4541=ORIENTED_EDGE('',*,*,#3034,.T.);
#4542=ORIENTED_EDGE('',*,*,#3018,.T.);
#4543=ORIENTED_EDGE('',*,*,#3033,.T.);
#4544=ORIENTED_EDGE('',*,*,#3114,.T.);
#4545=ORIENTED_EDGE('',*,*,#3168,.T.);
#4546=ORIENTED_EDGE('',*,*,#2485,.T.);
#4547=ORIENTED_EDGE('',*,*,#3168,.F.);
#4548=ORIENTED_EDGE('',*,*,#3112,.T.);
#4549=ORIENTED_EDGE('',*,*,#3169,.T.);
#4550=ORIENTED_EDGE('',*,*,#2486,.T.);
#4551=ORIENTED_EDGE('',*,*,#3169,.F.);
#4552=ORIENTED_EDGE('',*,*,#2998,.T.);
#4553=ORIENTED_EDGE('',*,*,#2734,.T.);
#4554=ORIENTED_EDGE('',*,*,#3014,.T.);
#4555=ORIENTED_EDGE('',*,*,#2760,.T.);
#4556=ORIENTED_EDGE('',*,*,#3128,.T.);
#4557=ORIENTED_EDGE('',*,*,#3170,.T.);
#4558=ORIENTED_EDGE('',*,*,#3113,.F.);
#4559=ORIENTED_EDGE('',*,*,#3170,.F.);
#4560=ORIENTED_EDGE('',*,*,#3135,.T.);
#4561=ORIENTED_EDGE('',*,*,#3171,.T.);
#4562=ORIENTED_EDGE('',*,*,#3115,.F.);
#4563=ORIENTED_EDGE('',*,*,#3171,.F.);
#4564=CYLINDRICAL_SURFACE('',#4893,4.);
#4565=CYLINDRICAL_SURFACE('',#4903,4.);
#4566=CYLINDRICAL_SURFACE('',#4953,1.);
#4567=CYLINDRICAL_SURFACE('',#4956,1.);
#4568=CYLINDRICAL_SURFACE('',#4959,1.);
#4569=CYLINDRICAL_SURFACE('',#4962,1.);
#4570=CYLINDRICAL_SURFACE('',#4965,1.);
#4571=CYLINDRICAL_SURFACE('',#4968,1.);
#4572=CYLINDRICAL_SURFACE('',#4971,1.);
#4573=CYLINDRICAL_SURFACE('',#4974,1.);
#4574=CYLINDRICAL_SURFACE('',#4977,1.);
#4575=CYLINDRICAL_SURFACE('',#4982,1.);
#4576=CYLINDRICAL_SURFACE('',#4985,1.);
#4577=CYLINDRICAL_SURFACE('',#4988,1.);
#4578=CYLINDRICAL_SURFACE('',#4990,1.);
#4579=CYLINDRICAL_SURFACE('',#4993,1.);
#4580=CYLINDRICAL_SURFACE('',#4997,1.);
#4581=CYLINDRICAL_SURFACE('',#5000,1.);
#4582=CYLINDRICAL_SURFACE('',#5003,1.);
#4583=CYLINDRICAL_SURFACE('',#5006,1.);
#4584=CYLINDRICAL_SURFACE('',#5009,1.);
#4585=CYLINDRICAL_SURFACE('',#5010,1.);
#4586=CYLINDRICAL_SURFACE('',#5014,1.);
#4587=CYLINDRICAL_SURFACE('',#5015,1.);
#4588=CYLINDRICAL_SURFACE('',#5020,1.);
#4589=CYLINDRICAL_SURFACE('',#5021,1.);
#4590=CYLINDRICAL_SURFACE('',#5022,1.);
#4591=CYLINDRICAL_SURFACE('',#5027,1.);
#4592=CYLINDRICAL_SURFACE('',#5029,1.);
#4593=CYLINDRICAL_SURFACE('',#5031,1.);
#4594=CYLINDRICAL_SURFACE('',#5034,1.);
#4595=CYLINDRICAL_SURFACE('',#5036,1.);
#4596=CYLINDRICAL_SURFACE('',#5037,1.);
#4597=CYLINDRICAL_SURFACE('',#5041,1.);
#4598=CYLINDRICAL_SURFACE('',#5045,1.);
#4599=CYLINDRICAL_SURFACE('',#5053,1.);
#4600=CYLINDRICAL_SURFACE('',#5059,1.);
#4601=CYLINDRICAL_SURFACE('',#5063,1.);
#4602=CYLINDRICAL_SURFACE('',#5067,1.);
#4603=CYLINDRICAL_SURFACE('',#5075,1.);
#4604=CYLINDRICAL_SURFACE('',#5078,1.);
#4605=CYLINDRICAL_SURFACE('',#5082,1.);
#4606=CYLINDRICAL_SURFACE('',#5086,1.);
#4607=CYLINDRICAL_SURFACE('',#5089,1.);
#4608=CYLINDRICAL_SURFACE('',#5095,1.);
#4609=CYLINDRICAL_SURFACE('',#5097,1.);
#4610=CYLINDRICAL_SURFACE('',#5099,1.);
#4611=CYLINDRICAL_SURFACE('',#5105,1.);
#4612=CYLINDRICAL_SURFACE('',#5110,1.);
#4613=CYLINDRICAL_SURFACE('',#5112,1.);
#4614=CYLINDRICAL_SURFACE('',#5114,1.);
#4615=CYLINDRICAL_SURFACE('',#5120,1.);
#4616=CYLINDRICAL_SURFACE('',#5122,1.);
#4617=CYLINDRICAL_SURFACE('',#5124,1.);
#4618=CYLINDRICAL_SURFACE('',#5127,1.);
#4619=CYLINDRICAL_SURFACE('',#5129,1.);
#4620=CYLINDRICAL_SURFACE('',#5191,2.125);
#4621=CYLINDRICAL_SURFACE('',#5195,2.125);
#4622=CYLINDRICAL_SURFACE('',#5199,1.25);
#4623=CYLINDRICAL_SURFACE('',#5201,1.25);
#4624=CYLINDRICAL_SURFACE('',#5267,2.25);
#4625=CYLINDRICAL_SURFACE('',#5268,2.25);
#4626=CYLINDRICAL_SURFACE('',#5270,1.25);
#4627=CYLINDRICAL_SURFACE('',#5271,1.25);
#4628=ADVANCED_FACE('',(#225),#4564,.T.);
#4629=ADVANCED_FACE('',(#226,#15,#16,#17,#18),#38,.F.);
#4630=ADVANCED_FACE('',(#227),#39,.F.);
#4631=ADVANCED_FACE('',(#228),#4565,.T.);
#4632=ADVANCED_FACE('',(#229),#40,.T.);
#4633=ADVANCED_FACE('',(#230),#41,.T.);
#4634=ADVANCED_FACE('',(#231),#42,.F.);
#4635=ADVANCED_FACE('',(#232),#43,.F.);
#4636=ADVANCED_FACE('',(#233),#44,.T.);
#4637=ADVANCED_FACE('',(#234),#45,.T.);
#4638=ADVANCED_FACE('',(#235),#46,.F.);
#4639=ADVANCED_FACE('',(#236,#19,#20,#21,#22),#47,.F.);
#4640=ADVANCED_FACE('',(#237),#48,.F.);
#4641=ADVANCED_FACE('',(#238),#49,.T.);
#4642=ADVANCED_FACE('',(#239),#50,.T.);
#4643=ADVANCED_FACE('',(#240),#51,.T.);
#4644=ADVANCED_FACE('',(#241),#4566,.T.);
#4645=ADVANCED_FACE('',(#242),#52,.F.);
#4646=ADVANCED_FACE('',(#243),#4567,.T.);
#4647=ADVANCED_FACE('',(#244),#53,.F.);
#4648=ADVANCED_FACE('',(#245),#4568,.T.);
#4649=ADVANCED_FACE('',(#246),#54,.F.);
#4650=ADVANCED_FACE('',(#247),#4569,.T.);
#4651=ADVANCED_FACE('',(#248),#55,.F.);
#4652=ADVANCED_FACE('',(#249),#4570,.T.);
#4653=ADVANCED_FACE('',(#250),#56,.F.);
#4654=ADVANCED_FACE('',(#251),#4571,.T.);
#4655=ADVANCED_FACE('',(#252),#57,.F.);
#4656=ADVANCED_FACE('',(#253),#4572,.T.);
#4657=ADVANCED_FACE('',(#254),#58,.F.);
#4658=ADVANCED_FACE('',(#255),#4573,.T.);
#4659=ADVANCED_FACE('',(#256),#59,.F.);
#4660=ADVANCED_FACE('',(#257),#4574,.T.);
#4661=ADVANCED_FACE('',(#258),#60,.F.);
#4662=ADVANCED_FACE('',(#259),#61,.F.);
#4663=ADVANCED_FACE('',(#260),#4575,.T.);
#4664=ADVANCED_FACE('',(#261),#62,.F.);
#4665=ADVANCED_FACE('',(#262),#4576,.T.);
#4666=ADVANCED_FACE('',(#263),#63,.F.);
#4667=ADVANCED_FACE('',(#264),#4577,.T.);
#4668=ADVANCED_FACE('',(#265),#64,.F.);
#4669=ADVANCED_FACE('',(#266),#4578,.T.);
#4670=ADVANCED_FACE('',(#267),#65,.F.);
#4671=ADVANCED_FACE('',(#268),#4579,.T.);
#4672=ADVANCED_FACE('',(#269),#66,.F.);
#4673=ADVANCED_FACE('',(#270),#67,.F.);
#4674=ADVANCED_FACE('',(#271),#4580,.T.);
#4675=ADVANCED_FACE('',(#272),#68,.F.);
#4676=ADVANCED_FACE('',(#273),#4581,.T.);
#4677=ADVANCED_FACE('',(#274),#69,.F.);
#4678=ADVANCED_FACE('',(#275),#4582,.T.);
#4679=ADVANCED_FACE('',(#276),#70,.F.);
#4680=ADVANCED_FACE('',(#277),#4583,.T.);
#4681=ADVANCED_FACE('',(#278),#71,.F.);
#4682=ADVANCED_FACE('',(#279),#4584,.T.);
#4683=ADVANCED_FACE('',(#280),#4585,.T.);
#4684=ADVANCED_FACE('',(#281),#72,.T.);
#4685=ADVANCED_FACE('',(#282),#73,.F.);
#4686=ADVANCED_FACE('',(#283),#4586,.T.);
#4687=ADVANCED_FACE('',(#284),#4587,.T.);
#4688=ADVANCED_FACE('',(#285),#74,.F.);
#4689=ADVANCED_FACE('',(#286),#75,.T.);
#4690=ADVANCED_FACE('',(#287),#4588,.T.);
#4691=ADVANCED_FACE('',(#288),#4589,.T.);
#4692=ADVANCED_FACE('',(#289),#4590,.T.);
#4693=ADVANCED_FACE('',(#290),#76,.F.);
#4694=ADVANCED_FACE('',(#291),#77,.T.);
#4695=ADVANCED_FACE('',(#292),#4591,.T.);
#4696=ADVANCED_FACE('',(#293),#78,.F.);
#4697=ADVANCED_FACE('',(#294),#4592,.T.);
#4698=ADVANCED_FACE('',(#295),#79,.F.);
#4699=ADVANCED_FACE('',(#296),#4593,.T.);
#4700=ADVANCED_FACE('',(#297),#80,.F.);
#4701=ADVANCED_FACE('',(#298),#4594,.T.);
#4702=ADVANCED_FACE('',(#299),#81,.F.);
#4703=ADVANCED_FACE('',(#300),#4595,.T.);
#4704=ADVANCED_FACE('',(#301),#4596,.T.);
#4705=ADVANCED_FACE('',(#302),#82,.F.);
#4706=ADVANCED_FACE('',(#303),#4597,.T.);
#4707=ADVANCED_FACE('',(#304),#83,.F.);
#4708=ADVANCED_FACE('',(#305),#4598,.T.);
#4709=ADVANCED_FACE('',(#306),#84,.F.);
#4710=ADVANCED_FACE('',(#307),#85,.T.);
#4711=ADVANCED_FACE('',(#308),#4599,.T.);
#4712=ADVANCED_FACE('',(#309),#86,.F.);
#4713=ADVANCED_FACE('',(#310),#87,.T.);
#4714=ADVANCED_FACE('',(#311),#4600,.T.);
#4715=ADVANCED_FACE('',(#312),#88,.F.);
#4716=ADVANCED_FACE('',(#313),#4601,.T.);
#4717=ADVANCED_FACE('',(#314),#89,.F.);
#4718=ADVANCED_FACE('',(#315),#4602,.T.);
#4719=ADVANCED_FACE('',(#316),#90,.F.);
#4720=ADVANCED_FACE('',(#317),#91,.T.);
#4721=ADVANCED_FACE('',(#318),#4603,.T.);
#4722=ADVANCED_FACE('',(#319),#92,.F.);
#4723=ADVANCED_FACE('',(#320),#4604,.T.);
#4724=ADVANCED_FACE('',(#321),#93,.F.);
#4725=ADVANCED_FACE('',(#322),#4605,.T.);
#4726=ADVANCED_FACE('',(#323),#94,.F.);
#4727=ADVANCED_FACE('',(#324),#4606,.T.);
#4728=ADVANCED_FACE('',(#325),#95,.F.);
#4729=ADVANCED_FACE('',(#326),#4607,.T.);
#4730=ADVANCED_FACE('',(#327),#96,.F.);
#4731=ADVANCED_FACE('',(#328),#97,.T.);
#4732=ADVANCED_FACE('',(#329),#4608,.T.);
#4733=ADVANCED_FACE('',(#330),#4609,.T.);
#4734=ADVANCED_FACE('',(#331),#4610,.T.);
#4735=ADVANCED_FACE('',(#332),#98,.F.);
#4736=ADVANCED_FACE('',(#333),#99,.T.);
#4737=ADVANCED_FACE('',(#334),#4611,.T.);
#4738=ADVANCED_FACE('',(#335),#100,.T.);
#4739=ADVANCED_FACE('',(#336),#101,.F.);
#4740=ADVANCED_FACE('',(#337),#4612,.T.);
#4741=ADVANCED_FACE('',(#338),#4613,.T.);
#4742=ADVANCED_FACE('',(#339),#4614,.T.);
#4743=ADVANCED_FACE('',(#340),#102,.F.);
#4744=ADVANCED_FACE('',(#341),#103,.T.);
#4745=ADVANCED_FACE('',(#342),#4615,.T.);
#4746=ADVANCED_FACE('',(#343),#4616,.T.);
#4747=ADVANCED_FACE('',(#344),#4617,.T.);
#4748=ADVANCED_FACE('',(#345),#104,.F.);
#4749=ADVANCED_FACE('',(#346),#4618,.T.);
#4750=ADVANCED_FACE('',(#347),#4619,.T.);
#4751=ADVANCED_FACE('',(#348),#105,.T.);
#4752=ADVANCED_FACE('',(#349),#106,.F.);
#4753=ADVANCED_FACE('',(#350),#107,.F.);
#4754=ADVANCED_FACE('',(#351),#108,.F.);
#4755=ADVANCED_FACE('',(#352),#109,.F.);
#4756=ADVANCED_FACE('',(#353),#110,.F.);
#4757=ADVANCED_FACE('',(#354),#111,.F.);
#4758=ADVANCED_FACE('',(#355),#112,.F.);
#4759=ADVANCED_FACE('',(#356),#113,.F.);
#4760=ADVANCED_FACE('',(#357),#114,.F.);
#4761=ADVANCED_FACE('',(#358),#115,.F.);
#4762=ADVANCED_FACE('',(#359),#116,.F.);
#4763=ADVANCED_FACE('',(#360),#117,.F.);
#4764=ADVANCED_FACE('',(#361),#118,.F.);
#4765=ADVANCED_FACE('',(#362),#119,.F.);
#4766=ADVANCED_FACE('',(#363),#120,.F.);
#4767=ADVANCED_FACE('',(#364),#121,.F.);
#4768=ADVANCED_FACE('',(#365),#122,.F.);
#4769=ADVANCED_FACE('',(#366),#123,.F.);
#4770=ADVANCED_FACE('',(#367),#124,.F.);
#4771=ADVANCED_FACE('',(#368),#125,.F.);
#4772=ADVANCED_FACE('',(#369),#126,.F.);
#4773=ADVANCED_FACE('',(#370,#23,#24),#127,.F.);
#4774=ADVANCED_FACE('',(#371),#128,.F.);
#4775=ADVANCED_FACE('',(#372),#129,.F.);
#4776=ADVANCED_FACE('',(#373),#130,.F.);
#4777=ADVANCED_FACE('',(#374),#131,.F.);
#4778=ADVANCED_FACE('',(#375),#132,.F.);
#4779=ADVANCED_FACE('',(#376),#133,.F.);
#4780=ADVANCED_FACE('',(#377),#134,.F.);
#4781=ADVANCED_FACE('',(#378),#135,.F.);
#4782=ADVANCED_FACE('',(#379),#136,.F.);
#4783=ADVANCED_FACE('',(#380),#137,.F.);
#4784=ADVANCED_FACE('',(#381),#138,.T.);
#4785=ADVANCED_FACE('',(#382),#139,.T.);
#4786=ADVANCED_FACE('',(#383),#140,.T.);
#4787=ADVANCED_FACE('',(#384),#141,.T.);
#4788=ADVANCED_FACE('',(#385),#142,.T.);
#4789=ADVANCED_FACE('',(#386),#143,.T.);
#4790=ADVANCED_FACE('',(#387),#144,.T.);
#4791=ADVANCED_FACE('',(#388),#145,.T.);
#4792=ADVANCED_FACE('',(#389),#146,.T.);
#4793=ADVANCED_FACE('',(#390),#147,.T.);
#4794=ADVANCED_FACE('',(#391),#148,.T.);
#4795=ADVANCED_FACE('',(#392),#149,.T.);
#4796=ADVANCED_FACE('',(#393),#150,.T.);
#4797=ADVANCED_FACE('',(#394),#151,.T.);
#4798=ADVANCED_FACE('',(#395),#152,.T.);
#4799=ADVANCED_FACE('',(#396),#153,.T.);
#4800=ADVANCED_FACE('',(#397),#154,.T.);
#4801=ADVANCED_FACE('',(#398),#155,.T.);
#4802=ADVANCED_FACE('',(#399),#156,.T.);
#4803=ADVANCED_FACE('',(#400),#157,.F.);
#4804=ADVANCED_FACE('',(#401),#158,.F.);
#4805=ADVANCED_FACE('',(#402),#159,.F.);
#4806=ADVANCED_FACE('',(#403),#160,.F.);
#4807=ADVANCED_FACE('',(#404),#161,.F.);
#4808=ADVANCED_FACE('',(#405),#162,.F.);
#4809=ADVANCED_FACE('',(#406),#163,.F.);
#4810=ADVANCED_FACE('',(#407),#4620,.F.);
#4811=ADVANCED_FACE('',(#408,#25),#164,.F.);
#4812=ADVANCED_FACE('',(#409),#4621,.F.);
#4813=ADVANCED_FACE('',(#410,#26),#165,.F.);
#4814=ADVANCED_FACE('',(#411),#4622,.F.);
#4815=ADVANCED_FACE('',(#412),#4623,.F.);
#4816=ADVANCED_FACE('',(#413,#27),#166,.T.);
#4817=ADVANCED_FACE('',(#414,#28),#167,.T.);
#4818=ADVANCED_FACE('',(#415,#29),#168,.T.);
#4819=ADVANCED_FACE('',(#416),#169,.T.);
#4820=ADVANCED_FACE('',(#417,#30),#170,.T.);
#4821=ADVANCED_FACE('',(#418,#31),#171,.T.);
#4822=ADVANCED_FACE('',(#419,#32),#172,.T.);
#4823=ADVANCED_FACE('',(#420),#173,.T.);
#4824=ADVANCED_FACE('',(#421),#174,.T.);
#4825=ADVANCED_FACE('',(#422),#175,.T.);
#4826=ADVANCED_FACE('',(#423,#33),#176,.T.);
#4827=ADVANCED_FACE('',(#424),#177,.T.);
#4828=ADVANCED_FACE('',(#425),#178,.T.);
#4829=ADVANCED_FACE('',(#426),#179,.T.);
#4830=ADVANCED_FACE('',(#427,#34),#180,.F.);
#4831=ADVANCED_FACE('',(#428,#35),#181,.F.);
#4832=ADVANCED_FACE('',(#429),#182,.F.);
#4833=ADVANCED_FACE('',(#430,#36),#183,.T.);
#4834=ADVANCED_FACE('',(#431,#37),#184,.T.);
#4835=ADVANCED_FACE('',(#432),#185,.T.);
#4836=ADVANCED_FACE('',(#433),#186,.T.);
#4837=ADVANCED_FACE('',(#434),#187,.T.);
#4838=ADVANCED_FACE('',(#435),#188,.T.);
#4839=ADVANCED_FACE('',(#436),#189,.T.);
#4840=ADVANCED_FACE('',(#437),#190,.T.);
#4841=ADVANCED_FACE('',(#438),#191,.T.);
#4842=ADVANCED_FACE('',(#439),#192,.T.);
#4843=ADVANCED_FACE('',(#440),#193,.T.);
#4844=ADVANCED_FACE('',(#441),#194,.T.);
#4845=ADVANCED_FACE('',(#442),#195,.T.);
#4846=ADVANCED_FACE('',(#443),#196,.T.);
#4847=ADVANCED_FACE('',(#444),#197,.T.);
#4848=ADVANCED_FACE('',(#445),#198,.T.);
#4849=ADVANCED_FACE('',(#446),#199,.T.);
#4850=ADVANCED_FACE('',(#447),#200,.T.);
#4851=ADVANCED_FACE('',(#448),#201,.T.);
#4852=ADVANCED_FACE('',(#449),#202,.T.);
#4853=ADVANCED_FACE('',(#450),#203,.T.);
#4854=ADVANCED_FACE('',(#451),#204,.T.);
#4855=ADVANCED_FACE('',(#452),#205,.T.);
#4856=ADVANCED_FACE('',(#453),#206,.T.);
#4857=ADVANCED_FACE('',(#454),#207,.T.);
#4858=ADVANCED_FACE('',(#455),#208,.T.);
#4859=ADVANCED_FACE('',(#456),#209,.T.);
#4860=ADVANCED_FACE('',(#457),#210,.T.);
#4861=ADVANCED_FACE('',(#458),#211,.T.);
#4862=ADVANCED_FACE('',(#459),#212,.T.);
#4863=ADVANCED_FACE('',(#460),#213,.T.);
#4864=ADVANCED_FACE('',(#461),#214,.T.);
#4865=ADVANCED_FACE('',(#462),#215,.T.);
#4866=ADVANCED_FACE('',(#463),#216,.T.);
#4867=ADVANCED_FACE('',(#464),#217,.T.);
#4868=ADVANCED_FACE('',(#465),#218,.T.);
#4869=ADVANCED_FACE('',(#466),#219,.T.);
#4870=ADVANCED_FACE('',(#467),#220,.T.);
#4871=ADVANCED_FACE('',(#468),#221,.T.);
#4872=ADVANCED_FACE('',(#469),#222,.T.);
#4873=ADVANCED_FACE('',(#470),#223,.T.);
#4874=ADVANCED_FACE('',(#471),#4624,.F.);
#4875=ADVANCED_FACE('',(#472),#4625,.F.);
#4876=ADVANCED_FACE('',(#473),#224,.T.);
#4877=ADVANCED_FACE('',(#474),#4626,.F.);
#4878=ADVANCED_FACE('',(#475),#4627,.F.);
#4879=CLOSED_SHELL('',(#4628,#4629,#4630,#4631,#4632,#4633,#4634,#4635,
#4636,#4637,#4638,#4639,#4640,#4641,#4642,#4643,#4644,#4645,#4646,#4647,
#4648,#4649,#4650,#4651,#4652,#4653,#4654,#4655,#4656,#4657,#4658,#4659,
#4660,#4661,#4662,#4663,#4664,#4665,#4666,#4667,#4668,#4669,#4670,#4671,
#4672,#4673,#4674,#4675,#4676,#4677,#4678,#4679,#4680,#4681,#4682,#4683,
#4684,#4685,#4686,#4687,#4688,#4689,#4690,#4691,#4692,#4693,#4694,#4695,
#4696,#4697,#4698,#4699,#4700,#4701,#4702,#4703,#4704,#4705,#4706,#4707,
#4708,#4709,#4710,#4711,#4712,#4713,#4714,#4715,#4716,#4717,#4718,#4719,
#4720,#4721,#4722,#4723,#4724,#4725,#4726,#4727,#4728,#4729,#4730,#4731,
#4732,#4733,#4734,#4735,#4736,#4737,#4738,#4739,#4740,#4741,#4742,#4743,
#4744,#4745,#4746,#4747,#4748,#4749,#4750,#4751,#4752,#4753,#4754,#4755,
#4756,#4757,#4758,#4759,#4760,#4761,#4762,#4763,#4764,#4765,#4766,#4767,
#4768,#4769,#4770,#4771,#4772,#4773,#4774,#4775,#4776,#4777,#4778,#4779,
#4780,#4781,#4782,#4783,#4784,#4785,#4786,#4787,#4788,#4789,#4790,#4791,
#4792,#4793,#4794,#4795,#4796,#4797,#4798,#4799,#4800,#4801,#4802,#4803,
#4804,#4805,#4806,#4807,#4808,#4809,#4810,#4811,#4812,#4813,#4814,#4815,
#4816,#4817,#4818,#4819,#4820,#4821,#4822,#4823,#4824,#4825,#4826,#4827,
#4828,#4829,#4830,#4831,#4832,#4833,#4834,#4835,#4836,#4837,#4838,#4839,
#4840,#4841,#4842,#4843,#4844,#4845,#4846,#4847,#4848,#4849,#4850,#4851,
#4852,#4853,#4854,#4855,#4856,#4857,#4858,#4859,#4860,#4861,#4862,#4863,
#4864,#4865,#4866,#4867,#4868,#4869,#4870,#4871,#4872,#4873,#4874,#4875,
#4876,#4877,#4878));
#4880=DERIVED_UNIT_ELEMENT(#4882,1.);
#4881=DERIVED_UNIT_ELEMENT(#8015,-3.);
#4882=(
MASS_UNIT()
NAMED_UNIT(*)
SI_UNIT(.KILO.,.GRAM.)
);
#4883=DERIVED_UNIT((#4880,#4881));
#4884=MEASURE_REPRESENTATION_ITEM('density measure',
POSITIVE_RATIO_MEASURE(7850.),#4883);
#4885=PROPERTY_DEFINITION_REPRESENTATION(#4890,#4887);
#4886=PROPERTY_DEFINITION_REPRESENTATION(#4891,#4888);
#4887=REPRESENTATION('material name',(#4889),#8012);
#4888=REPRESENTATION('density',(#4884),#8012);
#4889=DESCRIPTIVE_REPRESENTATION_ITEM('Steel','Steel');
#4890=PROPERTY_DEFINITION('material property','material name',#8022);
#4891=PROPERTY_DEFINITION('material property','density of part',#8022);
#4892=AXIS2_PLACEMENT_3D('',#6600,#5272,#5273);
#4893=AXIS2_PLACEMENT_3D('',#6601,#5274,#5275);
#4894=AXIS2_PLACEMENT_3D('',#6604,#5276,#5277);
#4895=AXIS2_PLACEMENT_3D('',#6608,#5279,#5280);
#4896=AXIS2_PLACEMENT_3D('',#6610,#5282,#5283);
#4897=AXIS2_PLACEMENT_3D('',#6614,#5285,#5286);
#4898=AXIS2_PLACEMENT_3D('',#6621,#5290,#5291);
#4899=AXIS2_PLACEMENT_3D('',#6623,#5292,#5293);
#4900=AXIS2_PLACEMENT_3D('',#6625,#5294,#5295);
#4901=AXIS2_PLACEMENT_3D('',#6627,#5296,#5297);
#4902=AXIS2_PLACEMENT_3D('',#6628,#5298,#5299);
#4903=AXIS2_PLACEMENT_3D('',#6668,#5320,#5321);
#4904=AXIS2_PLACEMENT_3D('',#6670,#5322,#5323);
#4905=AXIS2_PLACEMENT_3D('',#6672,#5325,#5326);
#4906=AXIS2_PLACEMENT_3D('',#6676,#5328,#5329);
#4907=AXIS2_PLACEMENT_3D('',#6680,#5332,#5333);
#4908=AXIS2_PLACEMENT_3D('',#6686,#5337,#5338);
#4909=AXIS2_PLACEMENT_3D('',#6692,#5342,#5343);
#4910=AXIS2_PLACEMENT_3D('',#6698,#5347,#5348);
#4911=AXIS2_PLACEMENT_3D('',#6700,#5349,#5350);
#4912=AXIS2_PLACEMENT_3D('',#6704,#5352,#5353);
#4913=AXIS2_PLACEMENT_3D('',#6709,#5357,#5358);
#4914=AXIS2_PLACEMENT_3D('',#6713,#5360,#5361);
#4915=AXIS2_PLACEMENT_3D('',#6716,#5363,#5364);
#4916=AXIS2_PLACEMENT_3D('',#6717,#5365,#5366);
#4917=AXIS2_PLACEMENT_3D('',#6721,#5369,#5370);
#4918=AXIS2_PLACEMENT_3D('',#6723,#5371,#5372);
#4919=AXIS2_PLACEMENT_3D('',#6726,#5374,#5375);
#4920=AXIS2_PLACEMENT_3D('',#6730,#5377,#5378);
#4921=AXIS2_PLACEMENT_3D('',#6738,#5382,#5383);
#4922=AXIS2_PLACEMENT_3D('',#6742,#5385,#5386);
#4923=AXIS2_PLACEMENT_3D('',#6750,#5390,#5391);
#4924=AXIS2_PLACEMENT_3D('',#6754,#5393,#5394);
#4925=AXIS2_PLACEMENT_3D('',#6766,#5400,#5401);
#4926=AXIS2_PLACEMENT_3D('',#6770,#5403,#5404);
#4927=AXIS2_PLACEMENT_3D('',#6778,#5408,#5409);
#4928=AXIS2_PLACEMENT_3D('',#6782,#5411,#5412);
#4929=AXIS2_PLACEMENT_3D('',#6790,#5416,#5417);
#4930=AXIS2_PLACEMENT_3D('',#6795,#5420,#5421);
#4931=AXIS2_PLACEMENT_3D('',#6798,#5423,#5424);
#4932=AXIS2_PLACEMENT_3D('',#6801,#5425,#5426);
#4933=AXIS2_PLACEMENT_3D('',#6805,#5428,#5429);
#4934=AXIS2_PLACEMENT_3D('',#6809,#5431,#5432);
#4935=AXIS2_PLACEMENT_3D('',#6813,#5434,#5435);
#4936=AXIS2_PLACEMENT_3D('',#6817,#5437,#5438);
#4937=AXIS2_PLACEMENT_3D('',#6821,#5440,#5441);
#4938=AXIS2_PLACEMENT_3D('',#6825,#5443,#5444);
#4939=AXIS2_PLACEMENT_3D('',#6829,#5446,#5447);
#4940=AXIS2_PLACEMENT_3D('',#6833,#5449,#5450);
#4941=AXIS2_PLACEMENT_3D('',#6837,#5452,#5453);
#4942=AXIS2_PLACEMENT_3D('',#6841,#5455,#5456);
#4943=AXIS2_PLACEMENT_3D('',#6845,#5458,#5459);
#4944=AXIS2_PLACEMENT_3D('',#6849,#5461,#5462);
#4945=AXIS2_PLACEMENT_3D('',#6853,#5464,#5465);
#4946=AXIS2_PLACEMENT_3D('',#6857,#5467,#5468);
#4947=AXIS2_PLACEMENT_3D('',#6861,#5470,#5471);
#4948=AXIS2_PLACEMENT_3D('',#6863,#5473,#5474);
#4949=AXIS2_PLACEMENT_3D('',#6867,#5477,#5478);
#4950=AXIS2_PLACEMENT_3D('',#6872,#5481,#5482);
#4951=AXIS2_PLACEMENT_3D('',#6873,#5483,#5484);
#4952=AXIS2_PLACEMENT_3D('',#6918,#5509,#5510);
#4953=AXIS2_PLACEMENT_3D('',#6963,#5535,#5536);
#4954=AXIS2_PLACEMENT_3D('',#6966,#5537,#5538);
#4955=AXIS2_PLACEMENT_3D('',#6969,#5541,#5542);
#4956=AXIS2_PLACEMENT_3D('',#6973,#5545,#5546);
#4957=AXIS2_PLACEMENT_3D('',#6976,#5547,#5548);
#4958=AXIS2_PLACEMENT_3D('',#6979,#5551,#5552);
#4959=AXIS2_PLACEMENT_3D('',#6983,#5555,#5556);
#4960=AXIS2_PLACEMENT_3D('',#6986,#5557,#5558);
#4961=AXIS2_PLACEMENT_3D('',#6989,#5561,#5562);
#4962=AXIS2_PLACEMENT_3D('',#6995,#5566,#5567);
#4963=AXIS2_PLACEMENT_3D('',#6998,#5568,#5569);
#4964=AXIS2_PLACEMENT_3D('',#7001,#5572,#5573);
#4965=AXIS2_PLACEMENT_3D('',#7009,#5578,#5579);
#4966=AXIS2_PLACEMENT_3D('',#7012,#5580,#5581);
#4967=AXIS2_PLACEMENT_3D('',#7015,#5584,#5585);
#4968=AXIS2_PLACEMENT_3D('',#7017,#5587,#5588);
#4969=AXIS2_PLACEMENT_3D('',#7019,#5589,#5590);
#4970=AXIS2_PLACEMENT_3D('',#7021,#5592,#5593);
#4971=AXIS2_PLACEMENT_3D('',#7027,#5597,#5598);
#4972=AXIS2_PLACEMENT_3D('',#7030,#5599,#5600);
#4973=AXIS2_PLACEMENT_3D('',#7033,#5603,#5604);
#4974=AXIS2_PLACEMENT_3D('',#7035,#5606,#5607);
#4975=AXIS2_PLACEMENT_3D('',#7038,#5608,#5609);
#4976=AXIS2_PLACEMENT_3D('',#7041,#5612,#5613);
#4977=AXIS2_PLACEMENT_3D('',#7045,#5616,#5617);
#4978=AXIS2_PLACEMENT_3D('',#7048,#5618,#5619);
#4979=AXIS2_PLACEMENT_3D('',#7051,#5622,#5623);
#4980=AXIS2_PLACEMENT_3D('',#7057,#5627,#5628);
#4981=AXIS2_PLACEMENT_3D('',#7061,#5630,#5631);
#4982=AXIS2_PLACEMENT_3D('',#7065,#5634,#5635);
#4983=AXIS2_PLACEMENT_3D('',#7068,#5636,#5637);
#4984=AXIS2_PLACEMENT_3D('',#7071,#5640,#5641);
#4985=AXIS2_PLACEMENT_3D('',#7073,#5643,#5644);
#4986=AXIS2_PLACEMENT_3D('',#7076,#5645,#5646);
#4987=AXIS2_PLACEMENT_3D('',#7079,#5649,#5650);
#4988=AXIS2_PLACEMENT_3D('',#7081,#5652,#5653);
#4989=AXIS2_PLACEMENT_3D('',#7084,#5656,#5657);
#4990=AXIS2_PLACEMENT_3D('',#7088,#5660,#5661);
#4991=AXIS2_PLACEMENT_3D('',#7091,#5662,#5663);
#4992=AXIS2_PLACEMENT_3D('',#7094,#5666,#5667);
#4993=AXIS2_PLACEMENT_3D('',#7098,#5670,#5671);
#4994=AXIS2_PLACEMENT_3D('',#7101,#5672,#5673);
#4995=AXIS2_PLACEMENT_3D('',#7104,#5676,#5677);
#4996=AXIS2_PLACEMENT_3D('',#7112,#5682,#5683);
#4997=AXIS2_PLACEMENT_3D('',#7118,#5687,#5688);
#4998=AXIS2_PLACEMENT_3D('',#7121,#5689,#5690);
#4999=AXIS2_PLACEMENT_3D('',#7124,#5693,#5694);
#5000=AXIS2_PLACEMENT_3D('',#7126,#5696,#5697);
#5001=AXIS2_PLACEMENT_3D('',#7128,#5698,#5699);
#5002=AXIS2_PLACEMENT_3D('',#7130,#5701,#5702);
#5003=AXIS2_PLACEMENT_3D('',#7132,#5704,#5705);
#5004=AXIS2_PLACEMENT_3D('',#7134,#5706,#5707);
#5005=AXIS2_PLACEMENT_3D('',#7136,#5709,#5710);
#5006=AXIS2_PLACEMENT_3D('',#7144,#5715,#5716);
#5007=AXIS2_PLACEMENT_3D('',#7146,#5717,#5718);
#5008=AXIS2_PLACEMENT_3D('',#7148,#5720,#5721);
#5009=AXIS2_PLACEMENT_3D('',#7150,#5723,#5724);
#5010=AXIS2_PLACEMENT_3D('',#7152,#5726,#5727);
#5011=AXIS2_PLACEMENT_3D('',#7154,#5728,#5729);
#5012=AXIS2_PLACEMENT_3D('',#7156,#5731,#5732);
#5013=AXIS2_PLACEMENT_3D('',#7163,#5737,#5738);
#5014=AXIS2_PLACEMENT_3D('',#7164,#5739,#5740);
#5015=AXIS2_PLACEMENT_3D('',#7166,#5742,#5743);
#5016=AXIS2_PLACEMENT_3D('',#7169,#5744,#5745);
#5017=AXIS2_PLACEMENT_3D('',#7172,#5748,#5749);
#5018=AXIS2_PLACEMENT_3D('',#7176,#5752,#5753);
#5019=AXIS2_PLACEMENT_3D('',#7180,#5756,#5757);
#5020=AXIS2_PLACEMENT_3D('',#7181,#5758,#5759);
#5021=AXIS2_PLACEMENT_3D('',#7182,#5760,#5761);
#5022=AXIS2_PLACEMENT_3D('',#7184,#5763,#5764);
#5023=AXIS2_PLACEMENT_3D('',#7187,#5765,#5766);
#5024=AXIS2_PLACEMENT_3D('',#7190,#5769,#5770);
#5025=AXIS2_PLACEMENT_3D('',#7194,#5773,#5774);
#5026=AXIS2_PLACEMENT_3D('',#7198,#5777,#5778);
#5027=AXIS2_PLACEMENT_3D('',#7199,#5779,#5780);
#5028=AXIS2_PLACEMENT_3D('',#7201,#5782,#5783);
#5029=AXIS2_PLACEMENT_3D('',#7203,#5785,#5786);
#5030=AXIS2_PLACEMENT_3D('',#7206,#5789,#5790);
#5031=AXIS2_PLACEMENT_3D('',#7207,#5791,#5792);
#5032=AXIS2_PLACEMENT_3D('',#7210,#5793,#5794);
#5033=AXIS2_PLACEMENT_3D('',#7213,#5797,#5798);
#5034=AXIS2_PLACEMENT_3D('',#7219,#5802,#5803);
#5035=AXIS2_PLACEMENT_3D('',#7221,#5805,#5806);
#5036=AXIS2_PLACEMENT_3D('',#7222,#5807,#5808);
#5037=AXIS2_PLACEMENT_3D('',#7223,#5809,#5810);
#5038=AXIS2_PLACEMENT_3D('',#7226,#5811,#5812);
#5039=AXIS2_PLACEMENT_3D('',#7230,#5814,#5815);
#5040=AXIS2_PLACEMENT_3D('',#7232,#5817,#5818);
#5041=AXIS2_PLACEMENT_3D('',#7240,#5823,#5824);
#5042=AXIS2_PLACEMENT_3D('',#7243,#5825,#5826);
#5043=AXIS2_PLACEMENT_3D('',#7247,#5828,#5829);
#5044=AXIS2_PLACEMENT_3D('',#7249,#5831,#5832);
#5045=AXIS2_PLACEMENT_3D('',#7252,#5835,#5836);
#5046=AXIS2_PLACEMENT_3D('',#7255,#5837,#5838);
#5047=AXIS2_PLACEMENT_3D('',#7259,#5840,#5841);
#5048=AXIS2_PLACEMENT_3D('',#7261,#5843,#5844);
#5049=AXIS2_PLACEMENT_3D('',#7267,#5848,#5849);
#5050=AXIS2_PLACEMENT_3D('',#7271,#5851,#5852);
#5051=AXIS2_PLACEMENT_3D('',#7275,#5854,#5855);
#5052=AXIS2_PLACEMENT_3D('',#7278,#5857,#5858);
#5053=AXIS2_PLACEMENT_3D('',#7279,#5859,#5860);
#5054=AXIS2_PLACEMENT_3D('',#7282,#5861,#5862);
#5055=AXIS2_PLACEMENT_3D('',#7286,#5864,#5865);
#5056=AXIS2_PLACEMENT_3D('',#7288,#5867,#5868);
#5057=AXIS2_PLACEMENT_3D('',#7291,#5871,#5872);
#5058=AXIS2_PLACEMENT_3D('',#7295,#5874,#5875);
#5059=AXIS2_PLACEMENT_3D('',#7297,#5877,#5878);
#5060=AXIS2_PLACEMENT_3D('',#7300,#5879,#5880);
#5061=AXIS2_PLACEMENT_3D('',#7304,#5882,#5883);
#5062=AXIS2_PLACEMENT_3D('',#7306,#5885,#5886);
#5063=AXIS2_PLACEMENT_3D('',#7309,#5889,#5890);
#5064=AXIS2_PLACEMENT_3D('',#7312,#5891,#5892);
#5065=AXIS2_PLACEMENT_3D('',#7316,#5894,#5895);
#5066=AXIS2_PLACEMENT_3D('',#7318,#5897,#5898);
#5067=AXIS2_PLACEMENT_3D('',#7326,#5903,#5904);
#5068=AXIS2_PLACEMENT_3D('',#7329,#5905,#5906);
#5069=AXIS2_PLACEMENT_3D('',#7333,#5908,#5909);
#5070=AXIS2_PLACEMENT_3D('',#7335,#5911,#5912);
#5071=AXIS2_PLACEMENT_3D('',#7341,#5916,#5917);
#5072=AXIS2_PLACEMENT_3D('',#7345,#5919,#5920);
#5073=AXIS2_PLACEMENT_3D('',#7349,#5922,#5923);
#5074=AXIS2_PLACEMENT_3D('',#7352,#5925,#5926);
#5075=AXIS2_PLACEMENT_3D('',#7353,#5927,#5928);
#5076=AXIS2_PLACEMENT_3D('',#7357,#5930,#5931);
#5077=AXIS2_PLACEMENT_3D('',#7359,#5933,#5934);
#5078=AXIS2_PLACEMENT_3D('',#7363,#5937,#5938);
#5079=AXIS2_PLACEMENT_3D('',#7366,#5939,#5940);
#5080=AXIS2_PLACEMENT_3D('',#7370,#5942,#5943);
#5081=AXIS2_PLACEMENT_3D('',#7372,#5945,#5946);
#5082=AXIS2_PLACEMENT_3D('',#7375,#5949,#5950);
#5083=AXIS2_PLACEMENT_3D('',#7378,#5951,#5952);
#5084=AXIS2_PLACEMENT_3D('',#7382,#5954,#5955);
#5085=AXIS2_PLACEMENT_3D('',#7384,#5957,#5958);
#5086=AXIS2_PLACEMENT_3D('',#7392,#5963,#5964);
#5087=AXIS2_PLACEMENT_3D('',#7396,#5966,#5967);
#5088=AXIS2_PLACEMENT_3D('',#7398,#5969,#5970);
#5089=AXIS2_PLACEMENT_3D('',#7402,#5973,#5974);
#5090=AXIS2_PLACEMENT_3D('',#7405,#5975,#5976);
#5091=AXIS2_PLACEMENT_3D('',#7409,#5978,#5979);
#5092=AXIS2_PLACEMENT_3D('',#7411,#5981,#5982);
#5093=AXIS2_PLACEMENT_3D('',#7417,#5986,#5987);
#5094=AXIS2_PLACEMENT_3D('',#7421,#5990,#5991);
#5095=AXIS2_PLACEMENT_3D('',#7422,#5992,#5993);
#5096=AXIS2_PLACEMENT_3D('',#7424,#5994,#5995);
#5097=AXIS2_PLACEMENT_3D('',#7426,#5997,#5998);
#5098=AXIS2_PLACEMENT_3D('',#7429,#6000,#6001);
#5099=AXIS2_PLACEMENT_3D('',#7430,#6002,#6003);
#5100=AXIS2_PLACEMENT_3D('',#7433,#6004,#6005);
#5101=AXIS2_PLACEMENT_3D('',#7437,#6007,#6008);
#5102=AXIS2_PLACEMENT_3D('',#7439,#6010,#6011);
#5103=AXIS2_PLACEMENT_3D('',#7445,#6015,#6016);
#5104=AXIS2_PLACEMENT_3D('',#7452,#6020,#6021);
#5105=AXIS2_PLACEMENT_3D('',#7453,#6022,#6023);
#5106=AXIS2_PLACEMENT_3D('',#7456,#6024,#6025);
#5107=AXIS2_PLACEMENT_3D('',#7460,#6027,#6028);
#5108=AXIS2_PLACEMENT_3D('',#7462,#6030,#6031);
#5109=AXIS2_PLACEMENT_3D('',#7471,#6037,#6038);
#5110=AXIS2_PLACEMENT_3D('',#7473,#6040,#6041);
#5111=AXIS2_PLACEMENT_3D('',#7475,#6042,#6043);
#5112=AXIS2_PLACEMENT_3D('',#7477,#6045,#6046);
#5113=AXIS2_PLACEMENT_3D('',#7480,#6048,#6049);
#5114=AXIS2_PLACEMENT_3D('',#7481,#6050,#6051);
#5115=AXIS2_PLACEMENT_3D('',#7484,#6052,#6053);
#5116=AXIS2_PLACEMENT_3D('',#7488,#6055,#6056);
#5117=AXIS2_PLACEMENT_3D('',#7490,#6058,#6059);
#5118=AXIS2_PLACEMENT_3D('',#7496,#6063,#6064);
#5119=AXIS2_PLACEMENT_3D('',#7503,#6068,#6069);
#5120=AXIS2_PLACEMENT_3D('',#7504,#6070,#6071);
#5121=AXIS2_PLACEMENT_3D('',#7507,#6073,#6074);
#5122=AXIS2_PLACEMENT_3D('',#7508,#6075,#6076);
#5123=AXIS2_PLACEMENT_3D('',#7511,#6078,#6079);
#5124=AXIS2_PLACEMENT_3D('',#7512,#6080,#6081);
#5125=AXIS2_PLACEMENT_3D('',#7516,#6083,#6084);
#5126=AXIS2_PLACEMENT_3D('',#7518,#6086,#6087);
#5127=AXIS2_PLACEMENT_3D('',#7520,#6089,#6090);
#5128=AXIS2_PLACEMENT_3D('',#7523,#6092,#6093);
#5129=AXIS2_PLACEMENT_3D('',#7524,#6094,#6095);
#5130=AXIS2_PLACEMENT_3D('',#7527,#6096,#6097);
#5131=AXIS2_PLACEMENT_3D('',#7531,#6099,#6100);
#5132=AXIS2_PLACEMENT_3D('',#7533,#6102,#6103);
#5133=AXIS2_PLACEMENT_3D('',#7542,#6109,#6110);
#5134=AXIS2_PLACEMENT_3D('',#7546,#6113,#6114);
#5135=AXIS2_PLACEMENT_3D('',#7548,#6116,#6117);
#5136=AXIS2_PLACEMENT_3D('',#7550,#6119,#6120);
#5137=AXIS2_PLACEMENT_3D('',#7552,#6122,#6123);
#5138=AXIS2_PLACEMENT_3D('',#7555,#6126,#6127);
#5139=AXIS2_PLACEMENT_3D('',#7561,#6131,#6132);
#5140=AXIS2_PLACEMENT_3D('',#7566,#6136,#6137);
#5141=AXIS2_PLACEMENT_3D('',#7572,#6141,#6142);
#5142=AXIS2_PLACEMENT_3D('',#7577,#6146,#6147);
#5143=AXIS2_PLACEMENT_3D('',#7583,#6151,#6152);
#5144=AXIS2_PLACEMENT_3D('',#7588,#6156,#6157);
#5145=AXIS2_PLACEMENT_3D('',#7590,#6159,#6160);
#5146=AXIS2_PLACEMENT_3D('',#7592,#6162,#6163);
#5147=AXIS2_PLACEMENT_3D('',#7594,#6165,#6166);
#5148=AXIS2_PLACEMENT_3D('',#7598,#6169,#6170);
#5149=AXIS2_PLACEMENT_3D('',#7602,#6173,#6174);
#5150=AXIS2_PLACEMENT_3D('',#7606,#6177,#6178);
#5151=AXIS2_PLACEMENT_3D('',#7610,#6181,#6182);
#5152=AXIS2_PLACEMENT_3D('',#7614,#6185,#6186);
#5153=AXIS2_PLACEMENT_3D('',#7616,#6188,#6189);
#5154=AXIS2_PLACEMENT_3D('',#7618,#6191,#6192);
#5155=AXIS2_PLACEMENT_3D('',#7622,#6196,#6197);
#5156=AXIS2_PLACEMENT_3D('',#7626,#6200,#6201);
#5157=AXIS2_PLACEMENT_3D('',#7630,#6204,#6205);
#5158=AXIS2_PLACEMENT_3D('',#7631,#6206,#6207);
#5159=AXIS2_PLACEMENT_3D('',#7633,#6209,#6210);
#5160=AXIS2_PLACEMENT_3D('',#7639,#6214,#6215);
#5161=AXIS2_PLACEMENT_3D('',#7640,#6216,#6217);
#5162=AXIS2_PLACEMENT_3D('',#7641,#6218,#6219);
#5163=AXIS2_PLACEMENT_3D('',#7643,#6221,#6222);
#5164=AXIS2_PLACEMENT_3D('',#7644,#6223,#6224);
#5165=AXIS2_PLACEMENT_3D('',#7654,#6230,#6231);
#5166=AXIS2_PLACEMENT_3D('',#7660,#6235,#6236);
#5167=AXIS2_PLACEMENT_3D('',#7663,#6239,#6240);
#5168=AXIS2_PLACEMENT_3D('',#7666,#6243,#6244);
#5169=AXIS2_PLACEMENT_3D('',#7672,#6248,#6249);
#5170=AXIS2_PLACEMENT_3D('',#7674,#6251,#6252);
#5171=AXIS2_PLACEMENT_3D('',#7676,#6254,#6255);
#5172=AXIS2_PLACEMENT_3D('',#7678,#6257,#6258);
#5173=AXIS2_PLACEMENT_3D('',#7684,#6262,#6263);
#5174=AXIS2_PLACEMENT_3D('',#7686,#6265,#6266);
#5175=AXIS2_PLACEMENT_3D('',#7689,#6269,#6270);
#5176=AXIS2_PLACEMENT_3D('',#7692,#6273,#6274);
#5177=AXIS2_PLACEMENT_3D('',#7695,#6277,#6278);
#5178=AXIS2_PLACEMENT_3D('',#7701,#6282,#6283);
#5179=AXIS2_PLACEMENT_3D('',#7707,#6287,#6288);
#5180=AXIS2_PLACEMENT_3D('',#7708,#6289,#6290);
#5181=AXIS2_PLACEMENT_3D('',#7710,#6292,#6293);
#5182=AXIS2_PLACEMENT_3D('',#7711,#6294,#6295);
#5183=AXIS2_PLACEMENT_3D('',#7712,#6296,#6297);
#5184=AXIS2_PLACEMENT_3D('',#7713,#6298,#6299);
#5185=AXIS2_PLACEMENT_3D('',#7714,#6300,#6301);
#5186=AXIS2_PLACEMENT_3D('',#7715,#6302,#6303);
#5187=AXIS2_PLACEMENT_3D('',#7716,#6304,#6305);
#5188=AXIS2_PLACEMENT_3D('',#7718,#6307,#6308);
#5189=AXIS2_PLACEMENT_3D('',#7719,#6309,#6310);
#5190=AXIS2_PLACEMENT_3D('',#7720,#6311,#6312);
#5191=AXIS2_PLACEMENT_3D('',#7721,#6313,#6314);
#5192=AXIS2_PLACEMENT_3D('',#7724,#6316,#6317);
#5193=AXIS2_PLACEMENT_3D('',#7725,#6318,#6319);
#5194=AXIS2_PLACEMENT_3D('',#7727,#6320,#6321);
#5195=AXIS2_PLACEMENT_3D('',#7728,#6322,#6323);
#5196=AXIS2_PLACEMENT_3D('',#7731,#6325,#6326);
#5197=AXIS2_PLACEMENT_3D('',#7732,#6327,#6328);
#5198=AXIS2_PLACEMENT_3D('',#7734,#6329,#6330);
#5199=AXIS2_PLACEMENT_3D('',#7735,#6331,#6332);
#5200=AXIS2_PLACEMENT_3D('',#7738,#6334,#6335);
#5201=AXIS2_PLACEMENT_3D('',#7739,#6336,#6337);
#5202=AXIS2_PLACEMENT_3D('',#7742,#6339,#6340);
#5203=AXIS2_PLACEMENT_3D('',#7743,#6341,#6342);
#5204=AXIS2_PLACEMENT_3D('',#7761,#6352,#6353);
#5205=AXIS2_PLACEMENT_3D('',#7779,#6363,#6364);
#5206=AXIS2_PLACEMENT_3D('',#7797,#6374,#6375);
#5207=AXIS2_PLACEMENT_3D('',#7803,#6379,#6380);
#5208=AXIS2_PLACEMENT_3D('',#7819,#6389,#6390);
#5209=AXIS2_PLACEMENT_3D('',#7837,#6400,#6401);
#5210=AXIS2_PLACEMENT_3D('',#7850,#6408,#6409);
#5211=AXIS2_PLACEMENT_3D('',#7853,#6412,#6413);
#5212=AXIS2_PLACEMENT_3D('',#7855,#6415,#6416);
#5213=AXIS2_PLACEMENT_3D('',#7857,#6418,#6419);
#5214=AXIS2_PLACEMENT_3D('',#7870,#6426,#6427);
#5215=AXIS2_PLACEMENT_3D('',#7873,#6430,#6431);
#5216=AXIS2_PLACEMENT_3D('',#7875,#6433,#6434);
#5217=AXIS2_PLACEMENT_3D('',#7877,#6436,#6437);
#5218=AXIS2_PLACEMENT_3D('',#7879,#6438,#6439);
#5219=AXIS2_PLACEMENT_3D('',#7881,#6440,#6441);
#5220=AXIS2_PLACEMENT_3D('',#7882,#6442,#6443);
#5221=AXIS2_PLACEMENT_3D('',#7884,#6444,#6445);
#5222=AXIS2_PLACEMENT_3D('',#7886,#6446,#6447);
#5223=AXIS2_PLACEMENT_3D('',#7887,#6448,#6449);
#5224=AXIS2_PLACEMENT_3D('',#7900,#6456,#6457);
#5225=AXIS2_PLACEMENT_3D('',#7914,#6464,#6465);
#5226=AXIS2_PLACEMENT_3D('',#7915,#6466,#6467);
#5227=AXIS2_PLACEMENT_3D('',#7929,#6474,#6475);
#5228=AXIS2_PLACEMENT_3D('',#7930,#6476,#6477);
#5229=AXIS2_PLACEMENT_3D('',#7932,#6479,#6480);
#5230=AXIS2_PLACEMENT_3D('',#7935,#6483,#6484);
#5231=AXIS2_PLACEMENT_3D('',#7937,#6486,#6487);
#5232=AXIS2_PLACEMENT_3D('',#7939,#6489,#6490);
#5233=AXIS2_PLACEMENT_3D('',#7941,#6492,#6493);
#5234=AXIS2_PLACEMENT_3D('',#7943,#6495,#6496);
#5235=AXIS2_PLACEMENT_3D('',#7944,#6497,#6498);
#5236=AXIS2_PLACEMENT_3D('',#7947,#6501,#6502);
#5237=AXIS2_PLACEMENT_3D('',#7948,#6503,#6504);
#5238=AXIS2_PLACEMENT_3D('',#7949,#6505,#6506);
#5239=AXIS2_PLACEMENT_3D('',#7952,#6509,#6510);
#5240=AXIS2_PLACEMENT_3D('',#7954,#6512,#6513);
#5241=AXIS2_PLACEMENT_3D('',#7956,#6515,#6516);
#5242=AXIS2_PLACEMENT_3D('',#7958,#6518,#6519);
#5243=AXIS2_PLACEMENT_3D('',#7960,#6521,#6522);
#5244=AXIS2_PLACEMENT_3D('',#7961,#6523,#6524);
#5245=AXIS2_PLACEMENT_3D('',#7963,#6526,#6527);
#5246=AXIS2_PLACEMENT_3D('',#7965,#6529,#6530);
#5247=AXIS2_PLACEMENT_3D('',#7966,#6531,#6532);
#5248=AXIS2_PLACEMENT_3D('',#7968,#6534,#6535);
#5249=AXIS2_PLACEMENT_3D('',#7970,#6537,#6538);
#5250=AXIS2_PLACEMENT_3D('',#7972,#6540,#6541);
#5251=AXIS2_PLACEMENT_3D('',#7974,#6543,#6544);
#5252=AXIS2_PLACEMENT_3D('',#7976,#6546,#6547);
#5253=AXIS2_PLACEMENT_3D('',#7977,#6548,#6549);
#5254=AXIS2_PLACEMENT_3D('',#7979,#6551,#6552);
#5255=AXIS2_PLACEMENT_3D('',#7981,#6554,#6555);
#5256=AXIS2_PLACEMENT_3D('',#7982,#6556,#6557);
#5257=AXIS2_PLACEMENT_3D('',#7984,#6559,#6560);
#5258=AXIS2_PLACEMENT_3D('',#7985,#6561,#6562);
#5259=AXIS2_PLACEMENT_3D('',#7987,#6564,#6565);
#5260=AXIS2_PLACEMENT_3D('',#7990,#6568,#6569);
#5261=AXIS2_PLACEMENT_3D('',#7992,#6571,#6572);
#5262=AXIS2_PLACEMENT_3D('',#7994,#6574,#6575);
#5263=AXIS2_PLACEMENT_3D('',#7996,#6577,#6578);
#5264=AXIS2_PLACEMENT_3D('',#7998,#6580,#6581);
#5265=AXIS2_PLACEMENT_3D('',#7999,#6582,#6583);
#5266=AXIS2_PLACEMENT_3D('',#8000,#6584,#6585);
#5267=AXIS2_PLACEMENT_3D('',#8001,#6586,#6587);
#5268=AXIS2_PLACEMENT_3D('',#8003,#6589,#6590);
#5269=AXIS2_PLACEMENT_3D('',#8005,#6592,#6593);
#5270=AXIS2_PLACEMENT_3D('',#8006,#6594,#6595);
#5271=AXIS2_PLACEMENT_3D('',#8008,#6597,#6598);
#5272=DIRECTION('axis',(0.,0.,1.));
#5273=DIRECTION('refdir',(1.,0.,0.));
#5274=DIRECTION('center_axis',(0.,0.,-1.));
#5275=DIRECTION('ref_axis',(-0.707106781186549,0.707106781186546,0.));
#5276=DIRECTION('center_axis',(0.,0.,1.));
#5277=DIRECTION('ref_axis',(-0.707106781186549,0.707106781186546,0.));
#5278=DIRECTION('',(0.,0.,1.));
#5279=DIRECTION('center_axis',(0.,0.,-1.));
#5280=DIRECTION('ref_axis',(-0.707106781186549,0.707106781186546,0.));
#5281=DIRECTION('',(0.,0.,-1.));
#5282=DIRECTION('center_axis',(0.,0.,1.));
#5283=DIRECTION('ref_axis',(1.,0.,0.));
#5284=DIRECTION('',(1.,0.,0.));
#5285=DIRECTION('center_axis',(0.,0.,1.));
#5286=DIRECTION('ref_axis',(0.707106781186548,0.707106781186548,0.));
#5287=DIRECTION('',(0.,-1.,0.));
#5288=DIRECTION('',(-1.,0.,0.));
#5289=DIRECTION('',(0.,-1.,0.));
#5290=DIRECTION('center_axis',(0.,0.,-1.));
#5291=DIRECTION('ref_axis',(1.,0.,0.));
#5292=DIRECTION('center_axis',(0.,0.,-1.));
#5293=DIRECTION('ref_axis',(1.,0.,0.));
#5294=DIRECTION('center_axis',(0.,0.,1.));
#5295=DIRECTION('ref_axis',(1.,0.,0.));
#5296=DIRECTION('center_axis',(0.,0.,1.));
#5297=DIRECTION('ref_axis',(1.,0.,0.));
#5298=DIRECTION('center_axis',(0.,-1.,0.));
#5299=DIRECTION('ref_axis',(0.,0.,-1.));
#5300=DIRECTION('',(-1.,0.,0.));
#5301=DIRECTION('',(0.,0.,1.));
#5302=DIRECTION('',(-1.,0.,0.));
#5303=DIRECTION('',(0.,0.,-1.));
#5304=DIRECTION('',(-1.,0.,0.));
#5305=DIRECTION('',(0.,0.,1.));
#5306=DIRECTION('',(-1.,0.,0.));
#5307=DIRECTION('',(0.,0.,-1.));
#5308=DIRECTION('',(-1.,0.,0.));
#5309=DIRECTION('',(0.,0.,-1.));
#5310=DIRECTION('',(-0.707106781186548,0.,-0.707106781186547));
#5311=DIRECTION('',(0.,0.,-1.));
#5312=DIRECTION('',(-1.,0.,0.));
#5313=DIRECTION('',(0.,0.,1.));
#5314=DIRECTION('',(-1.,0.,0.));
#5315=DIRECTION('',(0.,0.,1.));
#5316=DIRECTION('',(-1.,0.,0.));
#5317=DIRECTION('',(0.,0.,-1.));
#5318=DIRECTION('',(-1.,0.,0.));
#5319=DIRECTION('',(0.,0.,1.));
#5320=DIRECTION('center_axis',(0.,0.,1.));
#5321=DIRECTION('ref_axis',(0.707106781186548,0.707106781186548,0.));
#5322=DIRECTION('center_axis',(0.,0.,-1.));
#5323=DIRECTION('ref_axis',(0.707106781186548,0.707106781186548,0.));
#5324=DIRECTION('',(0.,0.,-1.));
#5325=DIRECTION('center_axis',(0.,0.,1.));
#5326=DIRECTION('ref_axis',(1.,0.,0.));
#5327=DIRECTION('',(0.,-1.,0.));
#5328=DIRECTION('center_axis',(0.,0.,-1.));
#5329=DIRECTION('ref_axis',(-0.707106781186554,-0.707106781186541,0.));
#5330=DIRECTION('',(1.,0.,0.));
#5331=DIRECTION('',(0.,-1.,0.));
#5332=DIRECTION('center_axis',(-1.,0.,0.));
#5333=DIRECTION('ref_axis',(0.,-1.,0.));
#5334=DIRECTION('',(0.,-1.,0.));
#5335=DIRECTION('',(0.,0.,-1.));
#5336=DIRECTION('',(0.,-1.,0.));
#5337=DIRECTION('center_axis',(1.,0.,0.));
#5338=DIRECTION('ref_axis',(0.,-1.,0.));
#5339=DIRECTION('',(0.,-1.,0.));
#5340=DIRECTION('',(0.,0.,-1.));
#5341=DIRECTION('',(0.,-1.,0.));
#5342=DIRECTION('center_axis',(-1.,0.,0.));
#5343=DIRECTION('ref_axis',(0.,1.,0.));
#5344=DIRECTION('',(0.,1.,0.));
#5345=DIRECTION('',(0.,0.,1.));
#5346=DIRECTION('',(0.,1.,0.));
#5347=DIRECTION('center_axis',(0.,0.,1.));
#5348=DIRECTION('ref_axis',(1.,0.,0.));
#5349=DIRECTION('center_axis',(0.,0.,-1.));
#5350=DIRECTION('ref_axis',(-0.707106781186554,-0.707106781186541,0.));
#5351=DIRECTION('',(1.,0.,0.));
#5352=DIRECTION('center_axis',(0.,0.,-1.));
#5353=DIRECTION('ref_axis',(0.707106781186554,-0.707106781186541,0.));
#5354=DIRECTION('',(0.,1.,0.));
#5355=DIRECTION('',(0.,1.,0.));
#5356=DIRECTION('',(1.,0.,0.));
#5357=DIRECTION('center_axis',(0.,0.,1.));
#5358=DIRECTION('ref_axis',(1.,0.,0.));
#5359=DIRECTION('',(0.,-1.,0.));
#5360=DIRECTION('center_axis',(0.,0.,-1.));
#5361=DIRECTION('ref_axis',(-0.707106781186557,-0.707106781186538,0.));
#5362=DIRECTION('',(1.,0.,0.));
#5363=DIRECTION('center_axis',(0.,0.,-1.));
#5364=DIRECTION('ref_axis',(0.707106781186554,-0.707106781186541,0.));
#5365=DIRECTION('center_axis',(1.,0.,0.));
#5366=DIRECTION('ref_axis',(0.,-1.,0.));
#5367=DIRECTION('',(0.,-1.,0.));
#5368=DIRECTION('',(0.,0.,-1.));
#5369=DIRECTION('center_axis',(0.,0.,-1.));
#5370=DIRECTION('ref_axis',(-1.,0.,0.));
#5371=DIRECTION('center_axis',(0.,0.,-1.));
#5372=DIRECTION('ref_axis',(0.707106781186554,-0.707106781186541,0.));
#5373=DIRECTION('',(1.,0.,0.));
#5374=DIRECTION('center_axis',(0.,0.,-1.));
#5375=DIRECTION('ref_axis',(-0.707106781186557,-0.707106781186538,0.));
#5376=DIRECTION('',(0.,1.,0.));
#5377=DIRECTION('center_axis',(0.,0.,-1.));
#5378=DIRECTION('ref_axis',(0.707106781186554,-0.707106781186541,0.));
#5379=DIRECTION('',(1.,0.,0.));
#5380=DIRECTION('',(0.,1.,0.));
#5381=DIRECTION('',(-1.,0.,0.));
#5382=DIRECTION('center_axis',(0.,0.,-1.));
#5383=DIRECTION('ref_axis',(0.707106781186541,0.707106781186554,0.));
#5384=DIRECTION('',(0.,1.,0.));
#5385=DIRECTION('center_axis',(0.,0.,-1.));
#5386=DIRECTION('ref_axis',(0.707106781186554,-0.707106781186541,0.));
#5387=DIRECTION('',(1.,0.,0.));
#5388=DIRECTION('',(0.,1.,0.));
#5389=DIRECTION('',(-1.,0.,0.));
#5390=DIRECTION('center_axis',(0.,0.,-1.));
#5391=DIRECTION('ref_axis',(0.707106781186541,0.707106781186554,0.));
#5392=DIRECTION('',(0.,1.,0.));
#5393=DIRECTION('center_axis',(0.,0.,-1.));
#5394=DIRECTION('ref_axis',(0.707106781186548,-0.707106781186548,0.));
#5395=DIRECTION('',(1.,0.,0.));
#5396=DIRECTION('',(0.,1.,0.));
#5397=DIRECTION('',(-1.,0.,0.));
#5398=DIRECTION('',(0.,-1.,0.));
#5399=DIRECTION('',(1.,0.,0.));
#5400=DIRECTION('center_axis',(0.,0.,-1.));
#5401=DIRECTION('ref_axis',(-0.707106781186548,-0.707106781186548,0.));
#5402=DIRECTION('',(0.,-1.,0.));
#5403=DIRECTION('center_axis',(0.,0.,-1.));
#5404=DIRECTION('ref_axis',(-0.707106781186541,0.707106781186554,0.));
#5405=DIRECTION('',(-1.,0.,0.));
#5406=DIRECTION('',(0.,-1.,0.));
#5407=DIRECTION('',(1.,0.,0.));
#5408=DIRECTION('center_axis',(0.,0.,-1.));
#5409=DIRECTION('ref_axis',(-0.707106781186554,-0.707106781186541,0.));
#5410=DIRECTION('',(0.,-1.,0.));
#5411=DIRECTION('center_axis',(0.,0.,-1.));
#5412=DIRECTION('ref_axis',(-0.707106781186541,0.707106781186554,0.));
#5413=DIRECTION('',(-1.,0.,0.));
#5414=DIRECTION('',(0.,-1.,0.));
#5415=DIRECTION('',(1.,0.,0.));
#5416=DIRECTION('center_axis',(0.,0.,-1.));
#5417=DIRECTION('ref_axis',(-0.707106781186554,-0.707106781186541,0.));
#5418=DIRECTION('',(0.,-1.,0.));
#5419=DIRECTION('',(0.,1.,0.));
#5420=DIRECTION('center_axis',(0.,0.,-1.));
#5421=DIRECTION('ref_axis',(0.707106781186554,-0.707106781186541,0.));
#5422=DIRECTION('',(1.,0.,0.));
#5423=DIRECTION('center_axis',(0.,0.,-1.));
#5424=DIRECTION('ref_axis',(-0.707106781186554,-0.707106781186541,0.));
#5425=DIRECTION('center_axis',(0.,0.,-1.));
#5426=DIRECTION('ref_axis',(-0.707106781186554,-0.707106781186541,0.));
#5427=DIRECTION('',(0.,-1.,0.));
#5428=DIRECTION('center_axis',(0.,0.,-1.));
#5429=DIRECTION('ref_axis',(-0.707106781186541,0.707106781186554,0.));
#5430=DIRECTION('',(-1.,0.,0.));
#5431=DIRECTION('center_axis',(0.,0.,-1.));
#5432=DIRECTION('ref_axis',(0.707106781186541,0.707106781186554,0.));
#5433=DIRECTION('',(0.,1.,0.));
#5434=DIRECTION('center_axis',(0.,0.,-1.));
#5435=DIRECTION('ref_axis',(0.707106781186554,-0.707106781186541,0.));
#5436=DIRECTION('',(1.,0.,0.));
#5437=DIRECTION('center_axis',(0.,0.,-1.));
#5438=DIRECTION('ref_axis',(-0.707106781186548,-0.707106781186548,0.));
#5439=DIRECTION('',(0.,-1.,0.));
#5440=DIRECTION('center_axis',(0.,0.,-1.));
#5441=DIRECTION('ref_axis',(-0.707106781186541,0.707106781186554,0.));
#5442=DIRECTION('',(-1.,0.,0.));
#5443=DIRECTION('center_axis',(0.,0.,-1.));
#5444=DIRECTION('ref_axis',(0.707106781186541,0.707106781186554,0.));
#5445=DIRECTION('',(0.,1.,0.));
#5446=DIRECTION('center_axis',(0.,0.,-1.));
#5447=DIRECTION('ref_axis',(0.707106781186548,-0.707106781186548,0.));
#5448=DIRECTION('',(1.,0.,0.));
#5449=DIRECTION('center_axis',(0.,0.,-1.));
#5450=DIRECTION('ref_axis',(-0.707106781186557,-0.707106781186538,0.));
#5451=DIRECTION('',(0.,-1.,0.));
#5452=DIRECTION('center_axis',(0.,0.,-1.));
#5453=DIRECTION('ref_axis',(-0.707106781186541,0.707106781186554,0.));
#5454=DIRECTION('',(-1.,0.,0.));
#5455=DIRECTION('center_axis',(0.,0.,-1.));
#5456=DIRECTION('ref_axis',(0.707106781186541,0.707106781186554,0.));
#5457=DIRECTION('',(0.,1.,0.));
#5458=DIRECTION('center_axis',(0.,0.,-1.));
#5459=DIRECTION('ref_axis',(0.707106781186554,-0.707106781186541,0.));
#5460=DIRECTION('',(1.,0.,0.));
#5461=DIRECTION('center_axis',(0.,0.,-1.));
#5462=DIRECTION('ref_axis',(-0.707106781186551,-0.707106781186544,0.));
#5463=DIRECTION('',(0.,-1.,0.));
#5464=DIRECTION('center_axis',(0.,0.,-1.));
#5465=DIRECTION('ref_axis',(-0.707106781186541,0.707106781186554,0.));
#5466=DIRECTION('',(-1.,0.,0.));
#5467=DIRECTION('center_axis',(0.,0.,-1.));
#5468=DIRECTION('ref_axis',(0.707106781186541,0.707106781186554,0.));
#5469=DIRECTION('',(0.,1.,0.));
#5470=DIRECTION('center_axis',(0.,0.,-1.));
#5471=DIRECTION('ref_axis',(0.707106781186548,-0.707106781186548,0.));
#5472=DIRECTION('',(1.,0.,0.));
#5473=DIRECTION('center_axis',(-1.,0.,0.));
#5474=DIRECTION('ref_axis',(0.,1.,0.));
#5475=DIRECTION('',(0.,1.,0.));
#5476=DIRECTION('',(0.,0.,1.));
#5477=DIRECTION('center_axis',(0.,0.,1.));
#5478=DIRECTION('ref_axis',(1.,0.,0.));
#5479=DIRECTION('',(0.,1.,0.));
#5480=DIRECTION('',(1.,0.,0.));
#5481=DIRECTION('center_axis',(0.,0.,-1.));
#5482=DIRECTION('ref_axis',(0.707106781186554,-0.707106781186541,0.));
#5483=DIRECTION('center_axis',(-1.,0.,0.));
#5484=DIRECTION('ref_axis',(0.,-1.,0.));
#5485=DIRECTION('',(0.,0.,1.));
#5486=DIRECTION('',(0.,-1.,0.));
#5487=DIRECTION('',(0.,0.,-1.));
#5488=DIRECTION('',(0.,1.,0.));
#5489=DIRECTION('',(0.,0.,-1.));
#5490=DIRECTION('',(0.,1.,0.));
#5491=DIRECTION('',(0.,0.,1.));
#5492=DIRECTION('',(0.,1.,0.));
#5493=DIRECTION('',(0.,0.,-1.));
#5494=DIRECTION('',(0.,1.,0.));
#5495=DIRECTION('',(0.,0.,1.));
#5496=DIRECTION('',(0.,1.,0.));
#5497=DIRECTION('',(0.,0.,-1.));
#5498=DIRECTION('',(0.,0.,1.));
#5499=DIRECTION('',(0.,1.,0.));
#5500=DIRECTION('',(0.,0.,1.));
#5501=DIRECTION('',(0.,-1.,0.));
#5502=DIRECTION('',(0.,0.,-1.));
#5503=DIRECTION('',(0.,1.,0.));
#5504=DIRECTION('',(0.,0.,-1.));
#5505=DIRECTION('',(0.,0.,1.));
#5506=DIRECTION('',(0.,1.,0.));
#5507=DIRECTION('',(0.,0.,-1.));
#5508=DIRECTION('',(0.,0.,1.));
#5509=DIRECTION('center_axis',(1.,0.,0.));
#5510=DIRECTION('ref_axis',(0.,1.,0.));
#5511=DIRECTION('',(0.,0.,-1.));
#5512=DIRECTION('',(0.,0.,1.));
#5513=DIRECTION('',(0.,-1.,0.));
#5514=DIRECTION('',(0.,0.,-1.));
#5515=DIRECTION('',(0.,0.,1.));
#5516=DIRECTION('',(0.,-1.,0.));
#5517=DIRECTION('',(0.,0.,1.));
#5518=DIRECTION('',(0.,1.,0.));
#5519=DIRECTION('',(0.,0.,-1.));
#5520=DIRECTION('',(0.,-1.,0.));
#5521=DIRECTION('',(0.,0.,-1.));
#5522=DIRECTION('',(0.,0.,1.));
#5523=DIRECTION('',(0.,-1.,0.));
#5524=DIRECTION('',(0.,0.,-1.));
#5525=DIRECTION('',(0.,-1.,0.));
#5526=DIRECTION('',(0.,0.,1.));
#5527=DIRECTION('',(0.,-1.,0.));
#5528=DIRECTION('',(0.,0.,-1.));
#5529=DIRECTION('',(0.,-1.,0.));
#5530=DIRECTION('',(0.,0.,1.));
#5531=DIRECTION('',(0.,-1.,0.));
#5532=DIRECTION('',(0.,0.,1.));
#5533=DIRECTION('',(0.,1.,0.));
#5534=DIRECTION('',(0.,0.,1.));
#5535=DIRECTION('center_axis',(0.,0.,-1.));
#5536=DIRECTION('ref_axis',(-0.707106781186541,0.707106781186554,0.));
#5537=DIRECTION('center_axis',(0.,0.,-1.));
#5538=DIRECTION('ref_axis',(-0.707106781186541,0.707106781186554,0.));
#5539=DIRECTION('',(0.,0.,-1.));
#5540=DIRECTION('',(0.,0.,1.));
#5541=DIRECTION('center_axis',(1.,0.,0.));
#5542=DIRECTION('ref_axis',(0.,-1.,0.));
#5543=DIRECTION('',(0.,0.,-1.));
#5544=DIRECTION('',(0.,-1.,0.));
#5545=DIRECTION('center_axis',(0.,0.,-1.));
#5546=DIRECTION('ref_axis',(0.707106781186541,0.707106781186554,0.));
#5547=DIRECTION('center_axis',(0.,0.,-1.));
#5548=DIRECTION('ref_axis',(0.707106781186541,0.707106781186554,0.));
#5549=DIRECTION('',(0.,0.,-1.));
#5550=DIRECTION('',(0.,0.,1.));
#5551=DIRECTION('center_axis',(0.,-1.,0.));
#5552=DIRECTION('ref_axis',(-1.,0.,0.));
#5553=DIRECTION('',(0.,0.,-1.));
#5554=DIRECTION('',(-1.,0.,0.));
#5555=DIRECTION('center_axis',(0.,0.,-1.));
#5556=DIRECTION('ref_axis',(-0.707106781186554,-0.707106781186541,0.));
#5557=DIRECTION('center_axis',(0.,0.,-1.));
#5558=DIRECTION('ref_axis',(-0.707106781186554,-0.707106781186541,0.));
#5559=DIRECTION('',(0.,0.,-1.));
#5560=DIRECTION('',(0.,0.,1.));
#5561=DIRECTION('center_axis',(0.,1.,0.));
#5562=DIRECTION('ref_axis',(1.,0.,0.));
#5563=DIRECTION('',(1.,0.,0.));
#5564=DIRECTION('',(0.,0.,1.));
#5565=DIRECTION('',(1.,0.,0.));
#5566=DIRECTION('center_axis',(0.,0.,-1.));
#5567=DIRECTION('ref_axis',(0.707106781186554,-0.707106781186541,0.));
#5568=DIRECTION('center_axis',(0.,0.,-1.));
#5569=DIRECTION('ref_axis',(0.707106781186554,-0.707106781186541,0.));
#5570=DIRECTION('',(0.,0.,-1.));
#5571=DIRECTION('',(0.,0.,1.));
#5572=DIRECTION('center_axis',(-1.,0.,0.));
#5573=DIRECTION('ref_axis',(0.,1.,0.));
#5574=DIRECTION('',(0.,0.,-1.));
#5575=DIRECTION('',(0.,1.,0.));
#5576=DIRECTION('',(0.,0.,1.));
#5577=DIRECTION('',(0.,1.,0.));
#5578=DIRECTION('center_axis',(0.,0.,-1.));
#5579=DIRECTION('ref_axis',(0.707106781186548,-0.707106781186548,0.));
#5580=DIRECTION('center_axis',(0.,0.,-1.));
#5581=DIRECTION('ref_axis',(0.707106781186548,-0.707106781186548,0.));
#5582=DIRECTION('',(0.,0.,-1.));
#5583=DIRECTION('',(0.,0.,1.));
#5584=DIRECTION('center_axis',(-1.,0.,0.));
#5585=DIRECTION('ref_axis',(0.,1.,0.));
#5586=DIRECTION('',(0.,1.,0.));
#5587=DIRECTION('center_axis',(0.,0.,-1.));
#5588=DIRECTION('ref_axis',(-0.707106781186548,-0.707106781186548,0.));
#5589=DIRECTION('center_axis',(0.,0.,-1.));
#5590=DIRECTION('ref_axis',(-0.707106781186548,-0.707106781186548,0.));
#5591=DIRECTION('',(0.,0.,1.));
#5592=DIRECTION('center_axis',(0.,1.,0.));
#5593=DIRECTION('ref_axis',(1.,0.,0.));
#5594=DIRECTION('',(1.,0.,0.));
#5595=DIRECTION('',(0.,0.,1.));
#5596=DIRECTION('',(1.,0.,0.));
#5597=DIRECTION('center_axis',(0.,0.,-1.));
#5598=DIRECTION('ref_axis',(-0.707106781186548,-0.707106781186548,0.));
#5599=DIRECTION('center_axis',(0.,0.,-1.));
#5600=DIRECTION('ref_axis',(-0.707106781186548,-0.707106781186548,0.));
#5601=DIRECTION('',(0.,0.,-1.));
#5602=DIRECTION('',(0.,0.,1.));
#5603=DIRECTION('center_axis',(0.,1.,0.));
#5604=DIRECTION('ref_axis',(1.,0.,0.));
#5605=DIRECTION('',(1.,0.,0.));
#5606=DIRECTION('center_axis',(0.,0.,-1.));
#5607=DIRECTION('ref_axis',(0.707106781186548,-0.707106781186548,0.));
#5608=DIRECTION('center_axis',(0.,0.,-1.));
#5609=DIRECTION('ref_axis',(0.707106781186548,-0.707106781186548,0.));
#5610=DIRECTION('',(0.,0.,-1.));
#5611=DIRECTION('',(0.,0.,1.));
#5612=DIRECTION('center_axis',(-1.,0.,0.));
#5613=DIRECTION('ref_axis',(0.,1.,0.));
#5614=DIRECTION('',(0.,0.,-1.));
#5615=DIRECTION('',(0.,1.,0.));
#5616=DIRECTION('center_axis',(0.,0.,-1.));
#5617=DIRECTION('ref_axis',(0.707106781186548,-0.707106781186548,0.));
#5618=DIRECTION('center_axis',(0.,0.,-1.));
#5619=DIRECTION('ref_axis',(0.707106781186548,-0.707106781186548,0.));
#5620=DIRECTION('',(0.,0.,-1.));
#5621=DIRECTION('',(0.,0.,1.));
#5622=DIRECTION('center_axis',(0.,1.,0.));
#5623=DIRECTION('ref_axis',(1.,0.,0.));
#5624=DIRECTION('',(1.,0.,0.));
#5625=DIRECTION('',(0.,0.,-1.));
#5626=DIRECTION('',(1.,0.,0.));
#5627=DIRECTION('center_axis',(0.,0.,-1.));
#5628=DIRECTION('ref_axis',(-1.,0.,0.));
#5629=DIRECTION('',(0.,1.,0.));
#5630=DIRECTION('center_axis',(0.,0.,-1.));
#5631=DIRECTION('ref_axis',(0.707106781186541,0.707106781186554,0.));
#5632=DIRECTION('',(-1.,0.,0.));
#5633=DIRECTION('',(0.,1.,0.));
#5634=DIRECTION('center_axis',(0.,0.,-1.));
#5635=DIRECTION('ref_axis',(-0.707106781186551,-0.707106781186544,0.));
#5636=DIRECTION('center_axis',(0.,0.,-1.));
#5637=DIRECTION('ref_axis',(-0.707106781186551,-0.707106781186544,0.));
#5638=DIRECTION('',(0.,0.,-1.));
#5639=DIRECTION('',(0.,0.,1.));
#5640=DIRECTION('center_axis',(0.,1.,0.));
#5641=DIRECTION('ref_axis',(1.,0.,0.));
#5642=DIRECTION('',(1.,0.,0.));
#5643=DIRECTION('center_axis',(0.,0.,-1.));
#5644=DIRECTION('ref_axis',(-0.707106781186541,0.707106781186554,0.));
#5645=DIRECTION('center_axis',(0.,0.,-1.));
#5646=DIRECTION('ref_axis',(-0.707106781186541,0.707106781186554,0.));
#5647=DIRECTION('',(0.,0.,-1.));
#5648=DIRECTION('',(0.,0.,1.));
#5649=DIRECTION('center_axis',(1.,0.,0.));
#5650=DIRECTION('ref_axis',(0.,-1.,0.));
#5651=DIRECTION('',(0.,-1.,0.));
#5652=DIRECTION('center_axis',(0.,0.,-1.));
#5653=DIRECTION('ref_axis',(0.707106781186541,0.707106781186554,0.));
#5654=DIRECTION('',(0.,0.,-1.));
#5655=DIRECTION('',(0.,0.,1.));
#5656=DIRECTION('center_axis',(0.,-1.,0.));
#5657=DIRECTION('ref_axis',(-1.,0.,0.));
#5658=DIRECTION('',(-1.,0.,0.));
#5659=DIRECTION('',(0.,0.,1.));
#5660=DIRECTION('center_axis',(0.,0.,-1.));
#5661=DIRECTION('ref_axis',(-0.707106781186557,-0.707106781186538,0.));
#5662=DIRECTION('center_axis',(0.,0.,-1.));
#5663=DIRECTION('ref_axis',(-0.707106781186557,-0.707106781186538,0.));
#5664=DIRECTION('',(0.,0.,-1.));
#5665=DIRECTION('',(0.,0.,1.));
#5666=DIRECTION('center_axis',(0.,1.,0.));
#5667=DIRECTION('ref_axis',(1.,0.,0.));
#5668=DIRECTION('',(0.,0.,-1.));
#5669=DIRECTION('',(1.,0.,0.));
#5670=DIRECTION('center_axis',(0.,0.,-1.));
#5671=DIRECTION('ref_axis',(0.707106781186554,-0.707106781186541,0.));
#5672=DIRECTION('center_axis',(0.,0.,-1.));
#5673=DIRECTION('ref_axis',(0.707106781186554,-0.707106781186541,0.));
#5674=DIRECTION('',(0.,0.,-1.));
#5675=DIRECTION('',(0.,0.,1.));
#5676=DIRECTION('center_axis',(0.,0.,-1.));
#5677=DIRECTION('ref_axis',(-1.,0.,0.));
#5678=DIRECTION('',(0.,1.,0.));
#5679=DIRECTION('',(1.,0.,0.));
#5680=DIRECTION('',(0.,1.,0.));
#5681=DIRECTION('',(1.,0.,0.));
#5682=DIRECTION('center_axis',(-1.,0.,0.));
#5683=DIRECTION('ref_axis',(0.,1.,0.));
#5684=DIRECTION('',(0.,0.,-1.));
#5685=DIRECTION('',(0.,1.,0.));
#5686=DIRECTION('',(0.,0.,1.));
#5687=DIRECTION('center_axis',(0.,0.,-1.));
#5688=DIRECTION('ref_axis',(-0.707106781186554,-0.707106781186541,0.));
#5689=DIRECTION('center_axis',(0.,0.,-1.));
#5690=DIRECTION('ref_axis',(-0.707106781186554,-0.707106781186541,0.));
#5691=DIRECTION('',(0.,0.,-1.));
#5692=DIRECTION('',(0.,0.,1.));
#5693=DIRECTION('center_axis',(0.,1.,0.));
#5694=DIRECTION('ref_axis',(1.,0.,0.));
#5695=DIRECTION('',(1.,0.,0.));
#5696=DIRECTION('center_axis',(0.,0.,-1.));
#5697=DIRECTION('ref_axis',(-0.707106781186541,0.707106781186554,0.));
#5698=DIRECTION('center_axis',(0.,0.,-1.));
#5699=DIRECTION('ref_axis',(-0.707106781186541,0.707106781186554,0.));
#5700=DIRECTION('',(0.,0.,1.));
#5701=DIRECTION('center_axis',(1.,0.,0.));
#5702=DIRECTION('ref_axis',(0.,-1.,0.));
#5703=DIRECTION('',(0.,-1.,0.));
#5704=DIRECTION('center_axis',(0.,0.,-1.));
#5705=DIRECTION('ref_axis',(0.707106781186554,-0.707106781186541,0.));
#5706=DIRECTION('center_axis',(0.,0.,-1.));
#5707=DIRECTION('ref_axis',(0.707106781186554,-0.707106781186541,0.));
#5708=DIRECTION('',(0.,0.,1.));
#5709=DIRECTION('center_axis',(-1.,0.,0.));
#5710=DIRECTION('ref_axis',(0.,1.,0.));
#5711=DIRECTION('',(0.,0.,-1.));
#5712=DIRECTION('',(0.,1.,0.));
#5713=DIRECTION('',(0.,0.,1.));
#5714=DIRECTION('',(0.,1.,0.));
#5715=DIRECTION('center_axis',(0.,0.,-1.));
#5716=DIRECTION('ref_axis',(0.707106781186541,0.707106781186554,0.));
#5717=DIRECTION('center_axis',(0.,0.,-1.));
#5718=DIRECTION('ref_axis',(0.707106781186541,0.707106781186554,0.));
#5719=DIRECTION('',(0.,0.,1.));
#5720=DIRECTION('center_axis',(0.,-1.,0.));
#5721=DIRECTION('ref_axis',(-1.,0.,0.));
#5722=DIRECTION('',(-1.,0.,0.));
#5723=DIRECTION('center_axis',(0.,0.,-1.));
#5724=DIRECTION('ref_axis',(0.707106781186554,-0.707106781186541,0.));
#5725=DIRECTION('',(0.,0.,-1.));
#5726=DIRECTION('center_axis',(0.,0.,-1.));
#5727=DIRECTION('ref_axis',(0.707106781186541,0.707106781186554,0.));
#5728=DIRECTION('center_axis',(0.,0.,-1.));
#5729=DIRECTION('ref_axis',(0.707106781186541,0.707106781186554,0.));
#5730=DIRECTION('',(0.,0.,1.));
#5731=DIRECTION('center_axis',(0.,0.,1.));
#5732=DIRECTION('ref_axis',(1.,0.,0.));
#5733=DIRECTION('',(-1.,0.,0.));
#5734=DIRECTION('',(1.,0.,0.));
#5735=DIRECTION('',(0.,-1.,0.));
#5736=DIRECTION('',(-1.,0.,0.));
#5737=DIRECTION('center_axis',(0.,-1.,0.));
#5738=DIRECTION('ref_axis',(-1.,0.,0.));
#5739=DIRECTION('center_axis',(0.,0.,-1.));
#5740=DIRECTION('ref_axis',(-0.707106781186557,-0.707106781186538,0.));
#5741=DIRECTION('',(0.,0.,1.));
#5742=DIRECTION('center_axis',(0.,0.,-1.));
#5743=DIRECTION('ref_axis',(-0.707106781186541,0.707106781186554,0.));
#5744=DIRECTION('center_axis',(0.,0.,-1.));
#5745=DIRECTION('ref_axis',(-0.707106781186541,0.707106781186554,0.));
#5746=DIRECTION('',(0.,0.,-1.));
#5747=DIRECTION('',(0.,0.,1.));
#5748=DIRECTION('center_axis',(0.,-1.,0.));
#5749=DIRECTION('ref_axis',(-1.,0.,0.));
#5750=DIRECTION('',(-1.,0.,0.));
#5751=DIRECTION('',(0.,0.,1.));
#5752=DIRECTION('center_axis',(0.,0.,1.));
#5753=DIRECTION('ref_axis',(1.,0.,0.));
#5754=DIRECTION('',(0.,-1.,0.));
#5755=DIRECTION('',(-1.,0.,0.));
#5756=DIRECTION('center_axis',(0.,0.,-1.));
#5757=DIRECTION('ref_axis',(0.707106781186541,0.707106781186554,0.));
#5758=DIRECTION('center_axis',(0.,0.,-1.));
#5759=DIRECTION('ref_axis',(0.707106781186541,0.707106781186554,0.));
#5760=DIRECTION('center_axis',(0.,0.,-1.));
#5761=DIRECTION('ref_axis',(0.707106781186554,-0.707106781186541,0.));
#5762=DIRECTION('',(0.,0.,-1.));
#5763=DIRECTION('center_axis',(0.,0.,-1.));
#5764=DIRECTION('ref_axis',(-0.707106781186541,0.707106781186554,0.));
#5765=DIRECTION('center_axis',(0.,0.,-1.));
#5766=DIRECTION('ref_axis',(-0.707106781186541,0.707106781186554,0.));
#5767=DIRECTION('',(0.,0.,-1.));
#5768=DIRECTION('',(0.,0.,1.));
#5769=DIRECTION('center_axis',(0.,-1.,0.));
#5770=DIRECTION('ref_axis',(-1.,0.,0.));
#5771=DIRECTION('',(-1.,0.,0.));
#5772=DIRECTION('',(0.,0.,1.));
#5773=DIRECTION('center_axis',(0.,0.,1.));
#5774=DIRECTION('ref_axis',(1.,0.,0.));
#5775=DIRECTION('',(0.,-1.,0.));
#5776=DIRECTION('',(-1.,0.,0.));
#5777=DIRECTION('center_axis',(0.,0.,-1.));
#5778=DIRECTION('ref_axis',(0.707106781186541,0.707106781186554,0.));
#5779=DIRECTION('center_axis',(0.,0.,-1.));
#5780=DIRECTION('ref_axis',(-0.707106781186554,-0.707106781186541,0.));
#5781=DIRECTION('',(0.,0.,1.));
#5782=DIRECTION('center_axis',(0.,1.,0.));
#5783=DIRECTION('ref_axis',(1.,0.,0.));
#5784=DIRECTION('',(0.,0.,-1.));
#5785=DIRECTION('center_axis',(0.,0.,-1.));
#5786=DIRECTION('ref_axis',(-0.707106781186554,-0.707106781186541,0.));
#5787=DIRECTION('',(0.,0.,-1.));
#5788=DIRECTION('',(0.,0.,1.));
#5789=DIRECTION('center_axis',(0.,1.,0.));
#5790=DIRECTION('ref_axis',(1.,0.,0.));
#5791=DIRECTION('center_axis',(0.,0.,-1.));
#5792=DIRECTION('ref_axis',(-0.707106781186541,0.707106781186554,0.));
#5793=DIRECTION('center_axis',(0.,0.,-1.));
#5794=DIRECTION('ref_axis',(-0.707106781186541,0.707106781186554,0.));
#5795=DIRECTION('',(0.,0.,-1.));
#5796=DIRECTION('',(0.,0.,1.));
#5797=DIRECTION('center_axis',(1.,0.,0.));
#5798=DIRECTION('ref_axis',(0.,-1.,0.));
#5799=DIRECTION('',(0.,-1.,0.));
#5800=DIRECTION('',(0.,0.,-1.));
#5801=DIRECTION('',(0.,-1.,0.));
#5802=DIRECTION('center_axis',(0.,0.,-1.));
#5803=DIRECTION('ref_axis',(0.707106781186554,-0.707106781186541,0.));
#5804=DIRECTION('',(0.,0.,1.));
#5805=DIRECTION('center_axis',(-1.,0.,0.));
#5806=DIRECTION('ref_axis',(0.,1.,0.));
#5807=DIRECTION('center_axis',(0.,0.,-1.));
#5808=DIRECTION('ref_axis',(0.707106781186541,0.707106781186554,0.));
#5809=DIRECTION('center_axis',(0.,0.,-1.));
#5810=DIRECTION('ref_axis',(0.707106781186548,-0.707106781186548,0.));
#5811=DIRECTION('center_axis',(0.,0.,-1.));
#5812=DIRECTION('ref_axis',(0.707106781186548,-0.707106781186548,0.));
#5813=DIRECTION('',(0.,0.,-1.));
#5814=DIRECTION('center_axis',(0.,0.,-1.));
#5815=DIRECTION('ref_axis',(0.707106781186548,-0.707106781186548,0.));
#5816=DIRECTION('',(0.,0.,1.));
#5817=DIRECTION('center_axis',(-1.,0.,0.));
#5818=DIRECTION('ref_axis',(0.,1.,0.));
#5819=DIRECTION('',(0.,1.,0.));
#5820=DIRECTION('',(0.,0.,-1.));
#5821=DIRECTION('',(0.,0.,-1.));
#5822=DIRECTION('',(0.,1.,0.));
#5823=DIRECTION('center_axis',(0.,0.,-1.));
#5824=DIRECTION('ref_axis',(-0.707106781186548,-0.707106781186548,0.));
#5825=DIRECTION('center_axis',(0.,0.,-1.));
#5826=DIRECTION('ref_axis',(-0.707106781186548,-0.707106781186548,0.));
#5827=DIRECTION('',(0.,0.,-1.));
#5828=DIRECTION('center_axis',(0.,0.,-1.));
#5829=DIRECTION('ref_axis',(-0.707106781186548,-0.707106781186548,0.));
#5830=DIRECTION('',(0.,0.,1.));
#5831=DIRECTION('center_axis',(0.,1.,0.));
#5832=DIRECTION('ref_axis',(1.,0.,0.));
#5833=DIRECTION('',(1.,0.,0.));
#5834=DIRECTION('',(1.,0.,0.));
#5835=DIRECTION('center_axis',(0.,0.,-1.));
#5836=DIRECTION('ref_axis',(0.707106781186548,0.707106781186548,0.));
#5837=DIRECTION('center_axis',(0.,0.,-1.));
#5838=DIRECTION('ref_axis',(0.707106781186548,0.707106781186548,0.));
#5839=DIRECTION('',(0.,0.,-1.));
#5840=DIRECTION('center_axis',(0.,0.,-1.));
#5841=DIRECTION('ref_axis',(0.707106781186548,0.707106781186548,0.));
#5842=DIRECTION('',(0.,0.,1.));
#5843=DIRECTION('center_axis',(-1.,0.,0.));
#5844=DIRECTION('ref_axis',(0.,1.,0.));
#5845=DIRECTION('',(0.,1.,0.));
#5846=DIRECTION('',(0.,0.,1.));
#5847=DIRECTION('',(0.,1.,0.));
#5848=DIRECTION('center_axis',(0.,0.,1.));
#5849=DIRECTION('ref_axis',(1.,0.,0.));
#5850=DIRECTION('',(-1.,0.,0.));
#5851=DIRECTION('center_axis',(0.,0.,-1.));
#5852=DIRECTION('ref_axis',(-0.707106781186548,0.707106781186548,0.));
#5853=DIRECTION('',(0.,-1.,0.));
#5854=DIRECTION('center_axis',(0.,0.,-1.));
#5855=DIRECTION('ref_axis',(-0.707106781186548,-0.707106781186548,0.));
#5856=DIRECTION('',(1.,0.,0.));
#5857=DIRECTION('center_axis',(0.,0.,-1.));
#5858=DIRECTION('ref_axis',(0.707106781186548,-0.707106781186548,0.));
#5859=DIRECTION('center_axis',(0.,0.,-1.));
#5860=DIRECTION('ref_axis',(-0.707106781186548,0.707106781186548,0.));
#5861=DIRECTION('center_axis',(0.,0.,-1.));
#5862=DIRECTION('ref_axis',(-0.707106781186548,0.707106781186548,0.));
#5863=DIRECTION('',(0.,0.,-1.));
#5864=DIRECTION('center_axis',(0.,0.,-1.));
#5865=DIRECTION('ref_axis',(-0.707106781186548,0.707106781186548,0.));
#5866=DIRECTION('',(0.,0.,1.));
#5867=DIRECTION('center_axis',(0.,-1.,0.));
#5868=DIRECTION('ref_axis',(-1.,0.,0.));
#5869=DIRECTION('',(-1.,0.,0.));
#5870=DIRECTION('',(-1.,0.,0.));
#5871=DIRECTION('center_axis',(0.,0.,1.));
#5872=DIRECTION('ref_axis',(1.,0.,0.));
#5873=DIRECTION('',(0.,-1.,0.));
#5874=DIRECTION('center_axis',(0.,0.,-1.));
#5875=DIRECTION('ref_axis',(-0.707106781186548,-0.707106781186548,0.));
#5876=DIRECTION('',(1.,0.,0.));
#5877=DIRECTION('center_axis',(0.,0.,-1.));
#5878=DIRECTION('ref_axis',(-0.707106781186548,-0.707106781186548,0.));
#5879=DIRECTION('center_axis',(0.,0.,-1.));
#5880=DIRECTION('ref_axis',(-0.707106781186548,-0.707106781186548,0.));
#5881=DIRECTION('',(0.,0.,-1.));
#5882=DIRECTION('center_axis',(0.,0.,-1.));
#5883=DIRECTION('ref_axis',(-0.707106781186548,-0.707106781186548,0.));
#5884=DIRECTION('',(0.,0.,1.));
#5885=DIRECTION('center_axis',(0.,1.,0.));
#5886=DIRECTION('ref_axis',(1.,0.,0.));
#5887=DIRECTION('',(1.,0.,0.));
#5888=DIRECTION('',(1.,0.,0.));
#5889=DIRECTION('center_axis',(0.,0.,-1.));
#5890=DIRECTION('ref_axis',(0.707106781186548,-0.707106781186548,0.));
#5891=DIRECTION('center_axis',(0.,0.,-1.));
#5892=DIRECTION('ref_axis',(0.707106781186548,-0.707106781186548,0.));
#5893=DIRECTION('',(0.,0.,-1.));
#5894=DIRECTION('center_axis',(0.,0.,-1.));
#5895=DIRECTION('ref_axis',(0.707106781186548,-0.707106781186548,0.));
#5896=DIRECTION('',(0.,0.,1.));
#5897=DIRECTION('center_axis',(-1.,0.,0.));
#5898=DIRECTION('ref_axis',(0.,1.,0.));
#5899=DIRECTION('',(0.,1.,0.));
#5900=DIRECTION('',(0.,0.,-1.));
#5901=DIRECTION('',(0.,0.,-1.));
#5902=DIRECTION('',(0.,1.,0.));
#5903=DIRECTION('center_axis',(0.,0.,-1.));
#5904=DIRECTION('ref_axis',(0.707106781186548,0.707106781186548,0.));
#5905=DIRECTION('center_axis',(0.,0.,-1.));
#5906=DIRECTION('ref_axis',(0.707106781186548,0.707106781186548,0.));
#5907=DIRECTION('',(0.,0.,-1.));
#5908=DIRECTION('center_axis',(0.,0.,-1.));
#5909=DIRECTION('ref_axis',(0.707106781186548,0.707106781186548,0.));
#5910=DIRECTION('',(0.,0.,1.));
#5911=DIRECTION('center_axis',(-1.,0.,0.));
#5912=DIRECTION('ref_axis',(0.,1.,0.));
#5913=DIRECTION('',(0.,1.,0.));
#5914=DIRECTION('',(0.,0.,1.));
#5915=DIRECTION('',(0.,1.,0.));
#5916=DIRECTION('center_axis',(0.,0.,1.));
#5917=DIRECTION('ref_axis',(1.,0.,0.));
#5918=DIRECTION('',(-1.,0.,0.));
#5919=DIRECTION('center_axis',(0.,0.,-1.));
#5920=DIRECTION('ref_axis',(-0.707106781186548,0.707106781186548,0.));
#5921=DIRECTION('',(0.,-1.,0.));
#5922=DIRECTION('center_axis',(0.,0.,-1.));
#5923=DIRECTION('ref_axis',(-0.707106781186551,-0.707106781186544,0.));
#5924=DIRECTION('',(1.,0.,0.));
#5925=DIRECTION('center_axis',(0.,0.,-1.));
#5926=DIRECTION('ref_axis',(0.707106781186548,-0.707106781186548,0.));
#5927=DIRECTION('center_axis',(0.,0.,-1.));
#5928=DIRECTION('ref_axis',(-0.707106781186548,0.707106781186548,0.));
#5929=DIRECTION('',(0.,0.,-1.));
#5930=DIRECTION('center_axis',(0.,0.,-1.));
#5931=DIRECTION('ref_axis',(-0.707106781186548,0.707106781186548,0.));
#5932=DIRECTION('',(0.,0.,1.));
#5933=DIRECTION('center_axis',(1.,0.,0.));
#5934=DIRECTION('ref_axis',(0.,-1.,0.));
#5935=DIRECTION('',(0.,-1.,0.));
#5936=DIRECTION('',(0.,0.,-1.));
#5937=DIRECTION('center_axis',(0.,0.,-1.));
#5938=DIRECTION('ref_axis',(-0.707106781186551,-0.707106781186544,0.));
#5939=DIRECTION('center_axis',(0.,0.,-1.));
#5940=DIRECTION('ref_axis',(-0.707106781186551,-0.707106781186544,0.));
#5941=DIRECTION('',(0.,0.,-1.));
#5942=DIRECTION('center_axis',(0.,0.,-1.));
#5943=DIRECTION('ref_axis',(-0.707106781186551,-0.707106781186544,0.));
#5944=DIRECTION('',(0.,0.,1.));
#5945=DIRECTION('center_axis',(0.,1.,0.));
#5946=DIRECTION('ref_axis',(1.,0.,0.));
#5947=DIRECTION('',(1.,0.,0.));
#5948=DIRECTION('',(1.,0.,0.));
#5949=DIRECTION('center_axis',(0.,0.,-1.));
#5950=DIRECTION('ref_axis',(0.707106781186548,-0.707106781186548,0.));
#5951=DIRECTION('center_axis',(0.,0.,-1.));
#5952=DIRECTION('ref_axis',(0.707106781186548,-0.707106781186548,0.));
#5953=DIRECTION('',(0.,0.,-1.));
#5954=DIRECTION('center_axis',(0.,0.,-1.));
#5955=DIRECTION('ref_axis',(0.707106781186548,-0.707106781186548,0.));
#5956=DIRECTION('',(0.,0.,1.));
#5957=DIRECTION('center_axis',(-1.,0.,0.));
#5958=DIRECTION('ref_axis',(0.,1.,0.));
#5959=DIRECTION('',(0.,1.,0.));
#5960=DIRECTION('',(0.,0.,-1.));
#5961=DIRECTION('',(0.,0.,-1.));
#5962=DIRECTION('',(0.,1.,0.));
#5963=DIRECTION('center_axis',(0.,0.,-1.));
#5964=DIRECTION('ref_axis',(-0.707106781186548,0.707106781186548,0.));
#5965=DIRECTION('',(0.,0.,-1.));
#5966=DIRECTION('center_axis',(0.,0.,-1.));
#5967=DIRECTION('ref_axis',(-0.707106781186548,0.707106781186548,0.));
#5968=DIRECTION('',(0.,0.,1.));
#5969=DIRECTION('center_axis',(1.,0.,0.));
#5970=DIRECTION('ref_axis',(0.,-1.,0.));
#5971=DIRECTION('',(0.,-1.,0.));
#5972=DIRECTION('',(0.,0.,-1.));
#5973=DIRECTION('center_axis',(0.,0.,-1.));
#5974=DIRECTION('ref_axis',(0.707106781186548,0.707106781186548,0.));
#5975=DIRECTION('center_axis',(0.,0.,-1.));
#5976=DIRECTION('ref_axis',(0.707106781186548,0.707106781186548,0.));
#5977=DIRECTION('',(0.,0.,-1.));
#5978=DIRECTION('center_axis',(0.,0.,-1.));
#5979=DIRECTION('ref_axis',(0.707106781186548,0.707106781186548,0.));
#5980=DIRECTION('',(0.,0.,1.));
#5981=DIRECTION('center_axis',(-1.,0.,0.));
#5982=DIRECTION('ref_axis',(0.,1.,0.));
#5983=DIRECTION('',(0.,1.,0.));
#5984=DIRECTION('',(0.,0.,1.));
#5985=DIRECTION('',(0.,1.,0.));
#5986=DIRECTION('center_axis',(0.,0.,1.));
#5987=DIRECTION('ref_axis',(1.,0.,0.));
#5988=DIRECTION('',(-1.,0.,0.));
#5989=DIRECTION('',(1.,0.,0.));
#5990=DIRECTION('center_axis',(0.,0.,-1.));
#5991=DIRECTION('ref_axis',(0.707106781186548,-0.707106781186548,0.));
#5992=DIRECTION('center_axis',(0.,0.,-1.));
#5993=DIRECTION('ref_axis',(-0.707106781186551,-0.707106781186544,0.));
#5994=DIRECTION('center_axis',(0.,0.,-1.));
#5995=DIRECTION('ref_axis',(-0.707106781186551,-0.707106781186544,0.));
#5996=DIRECTION('',(0.,0.,1.));
#5997=DIRECTION('center_axis',(0.,0.,-1.));
#5998=DIRECTION('ref_axis',(0.707106781186548,-0.707106781186548,0.));
#5999=DIRECTION('',(0.,0.,-1.));
#6000=DIRECTION('center_axis',(0.,0.,-1.));
#6001=DIRECTION('ref_axis',(0.707106781186548,-0.707106781186548,0.));
#6002=DIRECTION('center_axis',(0.,0.,-1.));
#6003=DIRECTION('ref_axis',(-0.707106781186548,0.707106781186548,0.));
#6004=DIRECTION('center_axis',(0.,0.,-1.));
#6005=DIRECTION('ref_axis',(-0.707106781186548,0.707106781186548,0.));
#6006=DIRECTION('',(0.,0.,-1.));
#6007=DIRECTION('center_axis',(0.,0.,-1.));
#6008=DIRECTION('ref_axis',(-0.707106781186548,0.707106781186548,0.));
#6009=DIRECTION('',(0.,0.,1.));
#6010=DIRECTION('center_axis',(0.,-1.,0.));
#6011=DIRECTION('ref_axis',(-1.,0.,0.));
#6012=DIRECTION('',(-1.,0.,0.));
#6013=DIRECTION('',(0.,0.,1.));
#6014=DIRECTION('',(-1.,0.,0.));
#6015=DIRECTION('center_axis',(0.,0.,1.));
#6016=DIRECTION('ref_axis',(1.,0.,0.));
#6017=DIRECTION('',(0.,-1.,0.));
#6018=DIRECTION('',(-1.,0.,0.));
#6019=DIRECTION('',(0.,1.,0.));
#6020=DIRECTION('center_axis',(0.,0.,-1.));
#6021=DIRECTION('ref_axis',(0.707106781186548,0.707106781186548,0.));
#6022=DIRECTION('center_axis',(0.,0.,-1.));
#6023=DIRECTION('ref_axis',(0.707106781186548,0.707106781186548,0.));
#6024=DIRECTION('center_axis',(0.,0.,-1.));
#6025=DIRECTION('ref_axis',(0.707106781186548,0.707106781186548,0.));
#6026=DIRECTION('',(0.,0.,-1.));
#6027=DIRECTION('center_axis',(0.,0.,-1.));
#6028=DIRECTION('ref_axis',(0.707106781186548,0.707106781186548,0.));
#6029=DIRECTION('',(0.,0.,1.));
#6030=DIRECTION('center_axis',(0.,0.,1.));
#6031=DIRECTION('ref_axis',(1.,0.,0.));
#6032=DIRECTION('',(-1.,0.,0.));
#6033=DIRECTION('',(-1.,-1.38777878078145E-16,0.));
#6034=DIRECTION('',(0.,1.,0.));
#6035=DIRECTION('',(-1.,0.,0.));
#6036=DIRECTION('',(0.,1.,0.));
#6037=DIRECTION('center_axis',(0.,-1.,0.));
#6038=DIRECTION('ref_axis',(-1.,0.,0.));
#6039=DIRECTION('',(-1.,0.,0.));
#6040=DIRECTION('center_axis',(0.,0.,-1.));
#6041=DIRECTION('ref_axis',(-0.707106781186548,-0.707106781186548,0.));
#6042=DIRECTION('center_axis',(0.,0.,-1.));
#6043=DIRECTION('ref_axis',(-0.707106781186548,-0.707106781186548,0.));
#6044=DIRECTION('',(0.,0.,1.));
#6045=DIRECTION('center_axis',(0.,0.,-1.));
#6046=DIRECTION('ref_axis',(0.707106781186548,-0.707106781186548,0.));
#6047=DIRECTION('',(0.,0.,-1.));
#6048=DIRECTION('center_axis',(0.,0.,-1.));
#6049=DIRECTION('ref_axis',(0.707106781186548,-0.707106781186548,0.));
#6050=DIRECTION('center_axis',(0.,0.,-1.));
#6051=DIRECTION('ref_axis',(-0.707106781186548,0.707106781186548,0.));
#6052=DIRECTION('center_axis',(0.,0.,-1.));
#6053=DIRECTION('ref_axis',(-0.707106781186548,0.707106781186548,0.));
#6054=DIRECTION('',(0.,0.,-1.));
#6055=DIRECTION('center_axis',(0.,0.,-1.));
#6056=DIRECTION('ref_axis',(-0.707106781186548,0.707106781186548,0.));
#6057=DIRECTION('',(0.,0.,1.));
#6058=DIRECTION('center_axis',(0.,-1.,0.));
#6059=DIRECTION('ref_axis',(-1.,0.,0.));
#6060=DIRECTION('',(-1.,0.,0.));
#6061=DIRECTION('',(0.,0.,1.));
#6062=DIRECTION('',(-1.,0.,0.));
#6063=DIRECTION('center_axis',(0.,0.,1.));
#6064=DIRECTION('ref_axis',(1.,0.,0.));
#6065=DIRECTION('',(0.,-1.,0.));
#6066=DIRECTION('',(-1.,0.,0.));
#6067=DIRECTION('',(0.,1.,0.));
#6068=DIRECTION('center_axis',(0.,0.,-1.));
#6069=DIRECTION('ref_axis',(0.707106781186548,0.707106781186548,0.));
#6070=DIRECTION('center_axis',(0.,0.,-1.));
#6071=DIRECTION('ref_axis',(0.707106781186548,0.707106781186548,0.));
#6072=DIRECTION('',(0.,0.,-1.));
#6073=DIRECTION('center_axis',(0.,0.,-1.));
#6074=DIRECTION('ref_axis',(0.707106781186548,0.707106781186548,0.));
#6075=DIRECTION('center_axis',(0.,0.,-1.));
#6076=DIRECTION('ref_axis',(0.707106781186548,-0.707106781186548,0.));
#6077=DIRECTION('',(0.,0.,-1.));
#6078=DIRECTION('center_axis',(0.,0.,-1.));
#6079=DIRECTION('ref_axis',(0.707106781186548,-0.707106781186548,0.));
#6080=DIRECTION('center_axis',(0.,0.,-1.));
#6081=DIRECTION('ref_axis',(-0.707106781186548,-0.707106781186548,0.));
#6082=DIRECTION('',(0.,0.,-1.));
#6083=DIRECTION('center_axis',(0.,0.,-1.));
#6084=DIRECTION('ref_axis',(-0.707106781186548,-0.707106781186548,0.));
#6085=DIRECTION('',(0.,0.,1.));
#6086=DIRECTION('center_axis',(0.,1.,0.));
#6087=DIRECTION('ref_axis',(1.,0.,0.));
#6088=DIRECTION('',(1.,0.,0.));
#6089=DIRECTION('center_axis',(0.,0.,-1.));
#6090=DIRECTION('ref_axis',(0.707106781186548,0.707106781186548,0.));
#6091=DIRECTION('',(0.,0.,-1.));
#6092=DIRECTION('center_axis',(0.,0.,-1.));
#6093=DIRECTION('ref_axis',(0.707106781186548,0.707106781186548,0.));
#6094=DIRECTION('center_axis',(0.,0.,-1.));
#6095=DIRECTION('ref_axis',(-0.707106781186548,0.707106781186548,0.));
#6096=DIRECTION('center_axis',(0.,0.,-1.));
#6097=DIRECTION('ref_axis',(-0.707106781186548,0.707106781186548,0.));
#6098=DIRECTION('',(0.,0.,-1.));
#6099=DIRECTION('center_axis',(0.,0.,-1.));
#6100=DIRECTION('ref_axis',(-0.707106781186548,0.707106781186548,0.));
#6101=DIRECTION('',(0.,0.,1.));
#6102=DIRECTION('center_axis',(0.,0.,1.));
#6103=DIRECTION('ref_axis',(1.,0.,0.));
#6104=DIRECTION('',(0.,-1.,0.));
#6105=DIRECTION('',(-1.,0.,0.));
#6106=DIRECTION('',(0.,-1.,0.));
#6107=DIRECTION('',(-1.,0.,0.));
#6108=DIRECTION('',(-1.,0.,0.));
#6109=DIRECTION('center_axis',(1.,0.,0.));
#6110=DIRECTION('ref_axis',(0.,-1.,0.));
#6111=DIRECTION('',(0.,-1.,0.));
#6112=DIRECTION('',(0.,0.,-1.));
#6113=DIRECTION('center_axis',(0.,-1.,0.));
#6114=DIRECTION('ref_axis',(-1.,0.,0.));
#6115=DIRECTION('',(-1.,0.,0.));
#6116=DIRECTION('center_axis',(0.,-1.,0.));
#6117=DIRECTION('ref_axis',(-1.,0.,0.));
#6118=DIRECTION('',(-1.,0.,0.));
#6119=DIRECTION('center_axis',(0.,-1.,0.));
#6120=DIRECTION('ref_axis',(-1.,0.,0.));
#6121=DIRECTION('',(-1.,0.,0.));
#6122=DIRECTION('center_axis',(0.,1.,0.));
#6123=DIRECTION('ref_axis',(1.,0.,0.));
#6124=DIRECTION('',(1.,0.,0.));
#6125=DIRECTION('',(1.,0.,0.));
#6126=DIRECTION('center_axis',(0.,1.,0.));
#6127=DIRECTION('ref_axis',(1.,0.,0.));
#6128=DIRECTION('',(-1.,0.,0.));
#6129=DIRECTION('',(1.,0.,0.));
#6130=DIRECTION('',(0.,0.,-1.));
#6131=DIRECTION('center_axis',(1.,0.,0.));
#6132=DIRECTION('ref_axis',(0.,-1.,0.));
#6133=DIRECTION('',(0.,-1.,0.));
#6134=DIRECTION('',(0.,0.,1.));
#6135=DIRECTION('',(0.,-1.,0.));
#6136=DIRECTION('center_axis',(0.,1.,0.));
#6137=DIRECTION('ref_axis',(1.,0.,0.));
#6138=DIRECTION('',(-1.,0.,0.));
#6139=DIRECTION('',(1.,0.,0.));
#6140=DIRECTION('',(0.,0.,-1.));
#6141=DIRECTION('center_axis',(1.,0.,0.));
#6142=DIRECTION('ref_axis',(0.,-1.,0.));
#6143=DIRECTION('',(0.,-1.,0.));
#6144=DIRECTION('',(0.,0.,1.));
#6145=DIRECTION('',(0.,-1.,0.));
#6146=DIRECTION('center_axis',(0.,1.,0.));
#6147=DIRECTION('ref_axis',(1.,0.,0.));
#6148=DIRECTION('',(-1.,0.,0.));
#6149=DIRECTION('',(1.,0.,0.));
#6150=DIRECTION('',(0.,0.,-1.));
#6151=DIRECTION('center_axis',(1.,0.,0.));
#6152=DIRECTION('ref_axis',(0.,-1.,0.));
#6153=DIRECTION('',(0.,-1.,0.));
#6154=DIRECTION('',(0.,0.,1.));
#6155=DIRECTION('',(0.,-1.,0.));
#6156=DIRECTION('center_axis',(0.,1.,0.));
#6157=DIRECTION('ref_axis',(1.,0.,0.));
#6158=DIRECTION('',(1.,0.,0.));
#6159=DIRECTION('center_axis',(0.,1.,0.));
#6160=DIRECTION('ref_axis',(1.,0.,0.));
#6161=DIRECTION('',(1.,0.,0.));
#6162=DIRECTION('center_axis',(0.,1.,0.));
#6163=DIRECTION('ref_axis',(1.,0.,0.));
#6164=DIRECTION('',(1.,0.,0.));
#6165=DIRECTION('center_axis',(-1.,0.,0.));
#6166=DIRECTION('ref_axis',(0.,1.,0.));
#6167=DIRECTION('',(0.,0.,1.));
#6168=DIRECTION('',(0.,1.,0.));
#6169=DIRECTION('center_axis',(1.,0.,0.));
#6170=DIRECTION('ref_axis',(0.,-1.,0.));
#6171=DIRECTION('',(0.,-1.,0.));
#6172=DIRECTION('',(0.,0.,-1.));
#6173=DIRECTION('center_axis',(-1.,0.,0.));
#6174=DIRECTION('ref_axis',(0.,1.,0.));
#6175=DIRECTION('',(0.,0.,1.));
#6176=DIRECTION('',(0.,1.,0.));
#6177=DIRECTION('center_axis',(1.,0.,0.));
#6178=DIRECTION('ref_axis',(0.,-1.,0.));
#6179=DIRECTION('',(0.,-1.,0.));
#6180=DIRECTION('',(0.,0.,-1.));
#6181=DIRECTION('center_axis',(-1.,0.,0.));
#6182=DIRECTION('ref_axis',(0.,1.,0.));
#6183=DIRECTION('',(0.,0.,1.));
#6184=DIRECTION('',(0.,1.,0.));
#6185=DIRECTION('center_axis',(0.,-1.,0.));
#6186=DIRECTION('ref_axis',(-1.,0.,0.));
#6187=DIRECTION('',(-1.,0.,0.));
#6188=DIRECTION('center_axis',(1.,0.,0.));
#6189=DIRECTION('ref_axis',(0.,-1.,0.));
#6190=DIRECTION('',(0.,-1.,0.));
#6191=DIRECTION('center_axis',(0.,0.,-1.));
#6192=DIRECTION('ref_axis',(-1.,0.,0.));
#6193=DIRECTION('',(-1.,0.,0.));
#6194=DIRECTION('',(-1.,0.,0.));
#6195=DIRECTION('',(-1.,0.,0.));
#6196=DIRECTION('center_axis',(1.,0.,0.));
#6197=DIRECTION('ref_axis',(0.,-1.,0.));
#6198=DIRECTION('',(0.,-1.,0.));
#6199=DIRECTION('',(0.,0.,-1.));
#6200=DIRECTION('center_axis',(1.,0.,0.));
#6201=DIRECTION('ref_axis',(0.,-1.,0.));
#6202=DIRECTION('',(0.,-1.,0.));
#6203=DIRECTION('',(0.,0.,-1.));
#6204=DIRECTION('center_axis',(1.,0.,0.));
#6205=DIRECTION('ref_axis',(0.,-1.,0.));
#6206=DIRECTION('center_axis',(0.,-1.,0.));
#6207=DIRECTION('ref_axis',(-1.,0.,0.));
#6208=DIRECTION('',(-1.,0.,0.));
#6209=DIRECTION('center_axis',(0.,-1.,0.));
#6210=DIRECTION('ref_axis',(-1.,0.,0.));
#6211=DIRECTION('',(-1.,0.,0.));
#6212=DIRECTION('',(0.,0.,-1.));
#6213=DIRECTION('',(-1.,0.,0.));
#6214=DIRECTION('center_axis',(0.,1.,0.));
#6215=DIRECTION('ref_axis',(1.,0.,0.));
#6216=DIRECTION('center_axis',(0.,1.,0.));
#6217=DIRECTION('ref_axis',(1.,0.,0.));
#6218=DIRECTION('center_axis',(0.,1.,0.));
#6219=DIRECTION('ref_axis',(1.,0.,0.));
#6220=DIRECTION('',(0.,0.,-1.));
#6221=DIRECTION('center_axis',(-1.,0.,0.));
#6222=DIRECTION('ref_axis',(0.,1.,0.));
#6223=DIRECTION('center_axis',(0.,-1.,0.));
#6224=DIRECTION('ref_axis',(-1.,0.,0.));
#6225=DIRECTION('',(-1.,0.,0.));
#6226=DIRECTION('',(0.,0.,1.));
#6227=DIRECTION('',(-1.,0.,0.));
#6228=DIRECTION('',(0.,0.,-1.));
#6229=DIRECTION('',(-1.,0.,0.));
#6230=DIRECTION('center_axis',(0.,1.,0.));
#6231=DIRECTION('ref_axis',(-1.,0.,0.));
#6232=DIRECTION('',(1.,0.,0.));
#6233=DIRECTION('',(0.,0.,-1.));
#6234=DIRECTION('',(-1.,0.,0.));
#6235=DIRECTION('center_axis',(0.,1.,0.));
#6236=DIRECTION('ref_axis',(-1.,0.,0.));
#6237=DIRECTION('',(1.,0.,0.));
#6238=DIRECTION('',(-1.,0.,0.));
#6239=DIRECTION('center_axis',(0.,1.,0.));
#6240=DIRECTION('ref_axis',(-1.,0.,0.));
#6241=DIRECTION('',(1.,0.,0.));
#6242=DIRECTION('',(-1.,0.,0.));
#6243=DIRECTION('center_axis',(0.,-1.,0.));
#6244=DIRECTION('ref_axis',(1.,0.,0.));
#6245=DIRECTION('',(1.,0.,0.));
#6246=DIRECTION('',(0.,0.,1.));
#6247=DIRECTION('',(-1.,0.,0.));
#6248=DIRECTION('center_axis',(0.,-1.,0.));
#6249=DIRECTION('ref_axis',(1.,0.,0.));
#6250=DIRECTION('',(0.,0.,1.));
#6251=DIRECTION('center_axis',(0.,-1.,0.));
#6252=DIRECTION('ref_axis',(1.,0.,0.));
#6253=DIRECTION('',(1.,0.,0.));
#6254=DIRECTION('center_axis',(0.,-1.,0.));
#6255=DIRECTION('ref_axis',(1.,0.,0.));
#6256=DIRECTION('',(1.,0.,0.));
#6257=DIRECTION('center_axis',(1.,0.,0.));
#6258=DIRECTION('ref_axis',(0.,1.,0.));
#6259=DIRECTION('',(0.,-1.,0.));
#6260=DIRECTION('',(0.,0.,1.));
#6261=DIRECTION('',(0.,1.,0.));
#6262=DIRECTION('center_axis',(1.,0.,0.));
#6263=DIRECTION('ref_axis',(0.,1.,0.));
#6264=DIRECTION('',(0.,-1.,0.));
#6265=DIRECTION('center_axis',(-1.,0.,0.));
#6266=DIRECTION('ref_axis',(0.,-1.,0.));
#6267=DIRECTION('',(0.,-1.,0.));
#6268=DIRECTION('',(0.,1.,0.));
#6269=DIRECTION('center_axis',(-1.,0.,0.));
#6270=DIRECTION('ref_axis',(0.,-1.,0.));
#6271=DIRECTION('',(0.,-1.,0.));
#6272=DIRECTION('',(0.,1.,0.));
#6273=DIRECTION('center_axis',(-1.,0.,0.));
#6274=DIRECTION('ref_axis',(0.,-1.,0.));
#6275=DIRECTION('',(0.,1.,0.));
#6276=DIRECTION('',(0.,-1.,0.));
#6277=DIRECTION('center_axis',(0.,0.,1.));
#6278=DIRECTION('ref_axis',(1.,0.,0.));
#6279=DIRECTION('',(1.,0.,0.));
#6280=DIRECTION('',(0.,-1.,0.));
#6281=DIRECTION('',(-1.,0.,0.));
#6282=DIRECTION('center_axis',(0.,0.,1.));
#6283=DIRECTION('ref_axis',(1.,0.,0.));
#6284=DIRECTION('',(-1.,0.,0.));
#6285=DIRECTION('',(0.,1.,0.));
#6286=DIRECTION('',(1.,0.,0.));
#6287=DIRECTION('center_axis',(0.,0.,1.));
#6288=DIRECTION('ref_axis',(1.,0.,0.));
#6289=DIRECTION('center_axis',(0.,0.,1.));
#6290=DIRECTION('ref_axis',(1.,0.,0.));
#6291=DIRECTION('',(1.,0.,0.));
#6292=DIRECTION('center_axis',(0.,0.,1.));
#6293=DIRECTION('ref_axis',(1.,0.,0.));
#6294=DIRECTION('center_axis',(0.,0.,1.));
#6295=DIRECTION('ref_axis',(1.,0.,0.));
#6296=DIRECTION('center_axis',(0.,0.,1.));
#6297=DIRECTION('ref_axis',(1.,0.,0.));
#6298=DIRECTION('center_axis',(0.,0.,-1.));
#6299=DIRECTION('ref_axis',(-1.,0.,0.));
#6300=DIRECTION('center_axis',(0.,0.,-1.));
#6301=DIRECTION('ref_axis',(-1.,0.,0.));
#6302=DIRECTION('center_axis',(0.,0.,-1.));
#6303=DIRECTION('ref_axis',(-1.,0.,0.));
#6304=DIRECTION('center_axis',(0.,0.,-1.));
#6305=DIRECTION('ref_axis',(-1.,0.,0.));
#6306=DIRECTION('',(-1.,0.,0.));
#6307=DIRECTION('center_axis',(0.,0.,-1.));
#6308=DIRECTION('ref_axis',(-1.,0.,0.));
#6309=DIRECTION('center_axis',(0.,0.,-1.));
#6310=DIRECTION('ref_axis',(-1.,0.,0.));
#6311=DIRECTION('center_axis',(0.,0.,-1.));
#6312=DIRECTION('ref_axis',(-1.,0.,0.));
#6313=DIRECTION('center_axis',(0.,0.,1.));
#6314=DIRECTION('ref_axis',(1.,0.,0.));
#6315=DIRECTION('',(0.,0.,1.));
#6316=DIRECTION('center_axis',(0.,0.,1.));
#6317=DIRECTION('ref_axis',(1.,0.,0.));
#6318=DIRECTION('center_axis',(0.,0.,1.));
#6319=DIRECTION('ref_axis',(1.,0.,0.));
#6320=DIRECTION('center_axis',(0.,0.,-1.));
#6321=DIRECTION('ref_axis',(1.,0.,0.));
#6322=DIRECTION('center_axis',(0.,0.,1.));
#6323=DIRECTION('ref_axis',(1.,0.,0.));
#6324=DIRECTION('',(0.,0.,1.));
#6325=DIRECTION('center_axis',(0.,0.,1.));
#6326=DIRECTION('ref_axis',(1.,0.,0.));
#6327=DIRECTION('center_axis',(0.,0.,1.));
#6328=DIRECTION('ref_axis',(1.,0.,0.));
#6329=DIRECTION('center_axis',(0.,0.,-1.));
#6330=DIRECTION('ref_axis',(1.,0.,0.));
#6331=DIRECTION('center_axis',(0.,0.,1.));
#6332=DIRECTION('ref_axis',(1.,0.,0.));
#6333=DIRECTION('',(0.,0.,1.));
#6334=DIRECTION('center_axis',(0.,0.,-1.));
#6335=DIRECTION('ref_axis',(1.,0.,0.));
#6336=DIRECTION('center_axis',(0.,0.,1.));
#6337=DIRECTION('ref_axis',(1.,0.,0.));
#6338=DIRECTION('',(0.,0.,1.));
#6339=DIRECTION('center_axis',(0.,0.,-1.));
#6340=DIRECTION('ref_axis',(1.,0.,0.));
#6341=DIRECTION('center_axis',(0.,0.,1.));
#6342=DIRECTION('ref_axis',(1.,0.,0.));
#6343=DIRECTION('',(1.,0.,0.));
#6344=DIRECTION('',(0.,1.,0.));
#6345=DIRECTION('',(-1.,-1.38777878078145E-16,0.));
#6346=DIRECTION('',(-0.500437939390567,-0.865772411675564,0.));
#6347=DIRECTION('',(-0.999999872102041,0.000505762691973797,0.));
#6348=DIRECTION('',(-0.499561932711465,0.866278174367556,0.));
#6349=DIRECTION('',(0.500437939390563,0.865772411675567,0.));
#6350=DIRECTION('',(0.999999872102041,-0.000505762691983676,0.));
#6351=DIRECTION('',(0.49956193271148,-0.866278174367547,0.));
#6352=DIRECTION('center_axis',(0.,0.,1.));
#6353=DIRECTION('ref_axis',(1.,0.,0.));
#6354=DIRECTION('',(1.,0.,0.));
#6355=DIRECTION('',(-1.,0.,0.));
#6356=DIRECTION('',(0.,-1.,0.));
#6357=DIRECTION('',(1.,0.,0.));
#6358=DIRECTION('',(0.5,-0.866025403784439,0.));
#6359=DIRECTION('',(-0.5,-0.866025403784439,0.));
#6360=DIRECTION('',(-1.,0.,0.));
#6361=DIRECTION('',(-0.5,0.866025403784439,0.));
#6362=DIRECTION('',(0.5,0.866025403784439,0.));
#6363=DIRECTION('center_axis',(0.,0.,1.));
#6364=DIRECTION('ref_axis',(1.,0.,0.));
#6365=DIRECTION('',(1.,0.,0.));
#6366=DIRECTION('',(0.,1.,0.));
#6367=DIRECTION('',(-1.,0.,0.));
#6368=DIRECTION('',(1.,0.,0.));
#6369=DIRECTION('',(0.5,-0.866025403784439,0.));
#6370=DIRECTION('',(-0.500000000000001,-0.866025403784438,0.));
#6371=DIRECTION('',(-1.,0.,0.));
#6372=DIRECTION('',(-0.5,0.866025403784439,0.));
#6373=DIRECTION('',(0.5,0.866025403784439,0.));
#6374=DIRECTION('center_axis',(-1.,0.,0.));
#6375=DIRECTION('ref_axis',(0.,-1.,0.));
#6376=DIRECTION('',(0.,1.,0.));
#6377=DIRECTION('',(0.,0.,1.));
#6378=DIRECTION('',(0.,-1.,0.));
#6379=DIRECTION('center_axis',(0.,0.,1.));
#6380=DIRECTION('ref_axis',(1.,0.,0.));
#6381=DIRECTION('',(1.,0.,0.));
#6382=DIRECTION('',(0.,1.,0.));
#6383=DIRECTION('',(-0.500437939390567,-0.865772411675564,0.));
#6384=DIRECTION('',(-0.999999872102041,0.000505762691973797,0.));
#6385=DIRECTION('',(-0.499561932711465,0.866278174367556,0.));
#6386=DIRECTION('',(0.500437939390563,0.865772411675567,0.));
#6387=DIRECTION('',(0.999999872102041,-0.000505762691983676,0.));
#6388=DIRECTION('',(0.49956193271148,-0.866278174367547,0.));
#6389=DIRECTION('center_axis',(0.,0.,1.));
#6390=DIRECTION('ref_axis',(1.,0.,0.));
#6391=DIRECTION('',(-1.,0.,0.));
#6392=DIRECTION('',(0.,-1.,0.));
#6393=DIRECTION('',(1.,0.,0.));
#6394=DIRECTION('',(-0.500437939390567,-0.865772411675564,0.));
#6395=DIRECTION('',(-0.999999872102041,0.000505762691973797,0.));
#6396=DIRECTION('',(-0.499561932711465,0.866278174367556,0.));
#6397=DIRECTION('',(0.500437939390563,0.865772411675567,0.));
#6398=DIRECTION('',(0.999999872102041,-0.000505762691983676,0.));
#6399=DIRECTION('',(0.49956193271148,-0.866278174367547,0.));
#6400=DIRECTION('center_axis',(0.,0.,1.));
#6401=DIRECTION('ref_axis',(1.,0.,0.));
#6402=DIRECTION('',(0.999999872102041,-0.000505762691983676,0.));
#6403=DIRECTION('',(0.500437939390563,0.865772411675567,0.));
#6404=DIRECTION('',(-0.499561932711465,0.866278174367556,0.));
#6405=DIRECTION('',(-0.999999872102041,0.000505762691973797,0.));
#6406=DIRECTION('',(-0.500437939390567,-0.865772411675564,0.));
#6407=DIRECTION('',(0.49956193271148,-0.866278174367547,0.));
#6408=DIRECTION('center_axis',(0.866278174367556,0.499561932711465,0.));
#6409=DIRECTION('ref_axis',(-0.499561932711465,0.866278174367556,0.));
#6410=DIRECTION('',(0.,0.,1.));
#6411=DIRECTION('',(0.,0.,1.));
#6412=DIRECTION('center_axis',(0.865772411675567,-0.500437939390563,0.));
#6413=DIRECTION('ref_axis',(0.500437939390563,0.865772411675567,0.));
#6414=DIRECTION('',(0.,0.,1.));
#6415=DIRECTION('center_axis',(-0.000505762691983676,-0.999999872102042,
0.));
#6416=DIRECTION('ref_axis',(0.999999872102041,-0.000505762691983676,0.));
#6417=DIRECTION('',(0.,0.,1.));
#6418=DIRECTION('center_axis',(0.,0.,1.));
#6419=DIRECTION('ref_axis',(1.,0.,0.));
#6420=DIRECTION('',(0.999999872102041,-0.000505762691983676,0.));
#6421=DIRECTION('',(0.500437939390563,0.865772411675567,0.));
#6422=DIRECTION('',(-0.499561932711465,0.866278174367556,0.));
#6423=DIRECTION('',(-0.999999872102041,0.000505762691973797,0.));
#6424=DIRECTION('',(-0.500437939390567,-0.865772411675564,0.));
#6425=DIRECTION('',(0.49956193271148,-0.866278174367547,0.));
#6426=DIRECTION('center_axis',(0.866278174367556,0.499561932711465,0.));
#6427=DIRECTION('ref_axis',(-0.499561932711465,0.866278174367556,0.));
#6428=DIRECTION('',(0.,0.,1.));
#6429=DIRECTION('',(0.,0.,1.));
#6430=DIRECTION('center_axis',(0.865772411675567,-0.500437939390563,0.));
#6431=DIRECTION('ref_axis',(0.500437939390563,0.865772411675567,0.));
#6432=DIRECTION('',(0.,0.,1.));
#6433=DIRECTION('center_axis',(-0.000505762691983676,-0.999999872102042,
0.));
#6434=DIRECTION('ref_axis',(0.999999872102041,-0.000505762691983676,0.));
#6435=DIRECTION('',(0.,0.,1.));
#6436=DIRECTION('center_axis',(0.,0.,1.));
#6437=DIRECTION('ref_axis',(1.,0.,0.));
#6438=DIRECTION('center_axis',(0.,0.,1.));
#6439=DIRECTION('ref_axis',(1.,0.,0.));
#6440=DIRECTION('center_axis',(0.,0.,1.));
#6441=DIRECTION('ref_axis',(1.,0.,0.));
#6442=DIRECTION('center_axis',(0.,0.,1.));
#6443=DIRECTION('ref_axis',(1.,0.,0.));
#6444=DIRECTION('center_axis',(0.,0.,1.));
#6445=DIRECTION('ref_axis',(1.,0.,0.));
#6446=DIRECTION('center_axis',(0.,0.,1.));
#6447=DIRECTION('ref_axis',(1.,0.,0.));
#6448=DIRECTION('center_axis',(0.,0.,-1.));
#6449=DIRECTION('ref_axis',(-1.,0.,0.));
#6450=DIRECTION('',(-0.500437939390567,-0.865772411675564,0.));
#6451=DIRECTION('',(0.49956193271148,-0.866278174367547,0.));
#6452=DIRECTION('',(0.999999872102041,-0.000505762691983676,0.));
#6453=DIRECTION('',(0.500437939390563,0.865772411675567,0.));
#6454=DIRECTION('',(-0.499561932711465,0.866278174367556,0.));
#6455=DIRECTION('',(-0.999999872102041,0.000505762691973797,0.));
#6456=DIRECTION('center_axis',(0.,0.,1.));
#6457=DIRECTION('ref_axis',(1.,0.,0.));
#6458=DIRECTION('',(0.5,0.866025403784439,0.));
#6459=DIRECTION('',(-0.5,0.866025403784439,0.));
#6460=DIRECTION('',(-1.,0.,0.));
#6461=DIRECTION('',(-0.5,-0.866025403784439,0.));
#6462=DIRECTION('',(0.5,-0.866025403784439,0.));
#6463=DIRECTION('',(1.,0.,0.));
#6464=DIRECTION('center_axis',(0.,0.,1.));
#6465=DIRECTION('ref_axis',(1.,0.,0.));
#6466=DIRECTION('center_axis',(0.,0.,1.));
#6467=DIRECTION('ref_axis',(1.,0.,0.));
#6468=DIRECTION('',(0.5,0.866025403784439,0.));
#6469=DIRECTION('',(-0.5,0.866025403784439,0.));
#6470=DIRECTION('',(-1.,0.,0.));
#6471=DIRECTION('',(-0.500000000000001,-0.866025403784438,0.));
#6472=DIRECTION('',(0.5,-0.866025403784439,0.));
#6473=DIRECTION('',(1.,0.,0.));
#6474=DIRECTION('center_axis',(0.,0.,1.));
#6475=DIRECTION('ref_axis',(1.,0.,0.));
#6476=DIRECTION('center_axis',(-0.707106781186547,0.,0.707106781186548));
#6477=DIRECTION('ref_axis',(0.707106781186548,0.,0.707106781186547));
#6478=DIRECTION('',(0.707106781186548,0.,0.707106781186547));
#6479=DIRECTION('center_axis',(0.866025403784439,-0.5,0.));
#6480=DIRECTION('ref_axis',(0.5,0.866025403784439,0.));
#6481=DIRECTION('',(0.,0.,1.));
#6482=DIRECTION('',(0.,0.,-1.));
#6483=DIRECTION('center_axis',(0.866025403784439,0.5,0.));
#6484=DIRECTION('ref_axis',(-0.5,0.866025403784439,0.));
#6485=DIRECTION('',(0.,0.,-1.));
#6486=DIRECTION('center_axis',(0.,1.,0.));
#6487=DIRECTION('ref_axis',(-1.,0.,0.));
#6488=DIRECTION('',(0.,0.,-1.));
#6489=DIRECTION('center_axis',(-0.866025403784439,0.5,0.));
#6490=DIRECTION('ref_axis',(-0.5,-0.866025403784439,0.));
#6491=DIRECTION('',(0.,0.,-1.));
#6492=DIRECTION('center_axis',(-0.866025403784439,-0.5,0.));
#6493=DIRECTION('ref_axis',(0.5,-0.866025403784439,0.));
#6494=DIRECTION('',(0.,0.,-1.));
#6495=DIRECTION('center_axis',(0.,-1.,0.));
#6496=DIRECTION('ref_axis',(1.,0.,0.));
#6497=DIRECTION('center_axis',(-1.,0.,0.));
#6498=DIRECTION('ref_axis',(0.,-1.,0.));
#6499=DIRECTION('',(0.,0.,1.));
#6500=DIRECTION('',(0.,0.,-1.));
#6501=DIRECTION('center_axis',(0.,1.,0.));
#6502=DIRECTION('ref_axis',(-1.,0.,0.));
#6503=DIRECTION('center_axis',(0.,-1.,0.));
#6504=DIRECTION('ref_axis',(1.,0.,0.));
#6505=DIRECTION('center_axis',(0.866025403784439,-0.5,0.));
#6506=DIRECTION('ref_axis',(0.5,0.866025403784439,0.));
#6507=DIRECTION('',(0.,0.,1.));
#6508=DIRECTION('',(0.,0.,-1.));
#6509=DIRECTION('center_axis',(0.866025403784439,0.5,0.));
#6510=DIRECTION('ref_axis',(-0.5,0.866025403784439,0.));
#6511=DIRECTION('',(0.,0.,-1.));
#6512=DIRECTION('center_axis',(0.,1.,0.));
#6513=DIRECTION('ref_axis',(-1.,0.,0.));
#6514=DIRECTION('',(0.,0.,-1.));
#6515=DIRECTION('center_axis',(-0.866025403784438,0.500000000000001,0.));
#6516=DIRECTION('ref_axis',(-0.500000000000001,-0.866025403784438,0.));
#6517=DIRECTION('',(0.,0.,-1.));
#6518=DIRECTION('center_axis',(-0.866025403784439,-0.5,0.));
#6519=DIRECTION('ref_axis',(0.5,-0.866025403784439,0.));
#6520=DIRECTION('',(0.,0.,-1.));
#6521=DIRECTION('center_axis',(0.,-1.,0.));
#6522=DIRECTION('ref_axis',(1.,0.,0.));
#6523=DIRECTION('center_axis',(0.,1.,0.));
#6524=DIRECTION('ref_axis',(-1.,0.,0.));
#6525=DIRECTION('',(0.,0.,-1.));
#6526=DIRECTION('center_axis',(1.,0.,0.));
#6527=DIRECTION('ref_axis',(0.,1.,0.));
#6528=DIRECTION('',(0.,0.,-1.));
#6529=DIRECTION('center_axis',(0.,-1.,0.));
#6530=DIRECTION('ref_axis',(1.,0.,0.));
#6531=DIRECTION('center_axis',(0.,1.,0.));
#6532=DIRECTION('ref_axis',(-1.,0.,0.));
#6533=DIRECTION('',(0.,0.,1.));
#6534=DIRECTION('center_axis',(-1.38777878078145E-16,1.,0.));
#6535=DIRECTION('ref_axis',(-1.,-1.38777878078145E-16,0.));
#6536=DIRECTION('',(0.,0.,-1.));
#6537=DIRECTION('center_axis',(-1.,0.,0.));
#6538=DIRECTION('ref_axis',(0.,-1.,0.));
#6539=DIRECTION('',(0.,0.,-1.));
#6540=DIRECTION('center_axis',(-0.866278174367547,-0.49956193271148,0.));
#6541=DIRECTION('ref_axis',(0.49956193271148,-0.866278174367547,0.));
#6542=DIRECTION('',(0.,0.,1.));
#6543=DIRECTION('center_axis',(0.000505762691973797,0.999999872102042,0.));
#6544=DIRECTION('ref_axis',(-0.999999872102041,0.000505762691973797,0.));
#6545=DIRECTION('',(0.,0.,1.));
#6546=DIRECTION('center_axis',(-0.865772411675564,0.500437939390567,0.));
#6547=DIRECTION('ref_axis',(-0.500437939390567,-0.865772411675564,0.));
#6548=DIRECTION('center_axis',(-0.866278174367547,-0.49956193271148,0.));
#6549=DIRECTION('ref_axis',(0.49956193271148,-0.866278174367547,0.));
#6550=DIRECTION('',(0.,0.,1.));
#6551=DIRECTION('center_axis',(0.000505762691973797,0.999999872102042,0.));
#6552=DIRECTION('ref_axis',(-0.999999872102041,0.000505762691973797,0.));
#6553=DIRECTION('',(0.,0.,1.));
#6554=DIRECTION('center_axis',(-0.865772411675564,0.500437939390567,0.));
#6555=DIRECTION('ref_axis',(-0.500437939390567,-0.865772411675564,0.));
#6556=DIRECTION('center_axis',(1.,0.,0.));
#6557=DIRECTION('ref_axis',(0.,1.,0.));
#6558=DIRECTION('',(0.,0.,1.));
#6559=DIRECTION('center_axis',(0.,-1.,0.));
#6560=DIRECTION('ref_axis',(1.,0.,0.));
#6561=DIRECTION('center_axis',(0.,-1.,0.));
#6562=DIRECTION('ref_axis',(1.,0.,0.));
#6563=DIRECTION('',(0.,0.,1.));
#6564=DIRECTION('center_axis',(-0.000505762691983676,-0.999999872102042,
0.));
#6565=DIRECTION('ref_axis',(0.999999872102041,-0.000505762691983676,0.));
#6566=DIRECTION('',(0.,0.,-1.));
#6567=DIRECTION('',(0.,0.,1.));
#6568=DIRECTION('center_axis',(-0.866278174367547,-0.49956193271148,0.));
#6569=DIRECTION('ref_axis',(0.49956193271148,-0.866278174367547,0.));
#6570=DIRECTION('',(0.,0.,-1.));
#6571=DIRECTION('center_axis',(-0.865772411675564,0.500437939390567,0.));
#6572=DIRECTION('ref_axis',(-0.500437939390567,-0.865772411675564,0.));
#6573=DIRECTION('',(0.,0.,1.));
#6574=DIRECTION('center_axis',(0.865772411675567,-0.500437939390563,0.));
#6575=DIRECTION('ref_axis',(0.500437939390563,0.865772411675567,0.));
#6576=DIRECTION('',(0.,0.,1.));
#6577=DIRECTION('center_axis',(0.866278174367556,0.499561932711465,0.));
#6578=DIRECTION('ref_axis',(-0.499561932711465,0.866278174367556,0.));
#6579=DIRECTION('',(0.,0.,1.));
#6580=DIRECTION('center_axis',(0.000505762691973797,0.999999872102042,0.));
#6581=DIRECTION('ref_axis',(-0.999999872102041,0.000505762691973797,0.));
#6582=DIRECTION('center_axis',(1.,0.,0.));
#6583=DIRECTION('ref_axis',(0.,1.,0.));
#6584=DIRECTION('center_axis',(0.,1.,0.));
#6585=DIRECTION('ref_axis',(-1.,0.,0.));
#6586=DIRECTION('center_axis',(0.,0.,1.));
#6587=DIRECTION('ref_axis',(1.,0.,0.));
#6588=DIRECTION('',(0.,0.,-1.));
#6589=DIRECTION('center_axis',(0.,0.,1.));
#6590=DIRECTION('ref_axis',(1.,0.,0.));
#6591=DIRECTION('',(0.,0.,-1.));
#6592=DIRECTION('center_axis',(1.,0.,0.));
#6593=DIRECTION('ref_axis',(0.,1.,0.));
#6594=DIRECTION('center_axis',(0.,0.,1.));
#6595=DIRECTION('ref_axis',(1.,0.,0.));
#6596=DIRECTION('',(0.,0.,-1.));
#6597=DIRECTION('center_axis',(0.,0.,1.));
#6598=DIRECTION('ref_axis',(1.,0.,0.));
#6599=DIRECTION('',(0.,0.,-1.));
#6600=CARTESIAN_POINT('',(0.,0.,0.));
#6601=CARTESIAN_POINT('Origin',(3.79999999999999,146.199996620417,0.75));
#6602=CARTESIAN_POINT('',(3.79999999999999,150.199996620417,0.));
#6603=CARTESIAN_POINT('',(-0.200000000000014,146.199996620417,0.));
#6604=CARTESIAN_POINT('Origin',(3.79999999999999,146.199996620417,0.));
#6605=CARTESIAN_POINT('',(-0.200000000000014,146.199996620417,2.25));
#6606=CARTESIAN_POINT('',(-0.200000000000014,146.199996620417,0.75));
#6607=CARTESIAN_POINT('',(3.79999999999999,150.199996620417,2.25));
#6608=CARTESIAN_POINT('Origin',(3.79999999999999,146.199996620417,2.25));
#6609=CARTESIAN_POINT('',(3.79999999999999,150.199996620417,0.75));
#6610=CARTESIAN_POINT('Origin',(48.5,95.5,0.));
#6611=CARTESIAN_POINT('',(93.2,150.199996620417,0.));
#6612=CARTESIAN_POINT('',(55.25,150.199996620417,0.));
#6613=CARTESIAN_POINT('',(97.2,146.199996620417,0.));
#6614=CARTESIAN_POINT('Origin',(93.2,146.199996620417,0.));
#6615=CARTESIAN_POINT('',(97.2,1.3,0.));
#6616=CARTESIAN_POINT('',(97.2,9.3,0.));
#6617=CARTESIAN_POINT('',(-0.200000000000014,1.3,0.));
#6618=CARTESIAN_POINT('',(7.79999999999999,1.3,0.));
#6619=CARTESIAN_POINT('',(-0.200000000000014,151.199996620417,0.));
#6620=CARTESIAN_POINT('',(3.75000000000001,94.5,0.));
#6621=CARTESIAN_POINT('Origin',(6.00000000000001,94.5,0.));
#6622=CARTESIAN_POINT('',(88.75,94.5,0.));
#6623=CARTESIAN_POINT('Origin',(91.,94.5,0.));
#6624=CARTESIAN_POINT('',(92.375,4.,0.));
#6625=CARTESIAN_POINT('Origin',(94.5,4.,0.));
#6626=CARTESIAN_POINT('',(0.375,4.,0.));
#6627=CARTESIAN_POINT('Origin',(2.5,4.,0.));
#6628=CARTESIAN_POINT('Origin',(62.,150.199996620417,0.));
#6629=CARTESIAN_POINT('',(23.,150.199996620417,2.25));
#6630=CARTESIAN_POINT('',(34.,150.199996620417,2.25));
#6631=CARTESIAN_POINT('',(23.,150.199996620417,1.5));
#6632=CARTESIAN_POINT('',(23.,150.199996620417,1.5));
#6633=CARTESIAN_POINT('',(24.,150.199996620417,1.5));
#6634=CARTESIAN_POINT('',(55.25,150.199996620417,1.5));
#6635=CARTESIAN_POINT('',(24.,150.199996620417,2.25));
#6636=CARTESIAN_POINT('',(24.,150.199996620417,1.5));
#6637=CARTESIAN_POINT('',(48.,150.199996620417,2.25));
#6638=CARTESIAN_POINT('',(34.,150.199996620417,2.25));
#6639=CARTESIAN_POINT('',(48.,150.199996620417,1.5));
#6640=CARTESIAN_POINT('',(48.,150.199996620417,1.5));
#6641=CARTESIAN_POINT('',(49.,150.199996620417,1.5));
#6642=CARTESIAN_POINT('',(55.25,150.199996620417,1.5));
#6643=CARTESIAN_POINT('',(49.,150.199996620417,2.25));
#6644=CARTESIAN_POINT('',(49.,150.199996620417,1.5));
#6645=CARTESIAN_POINT('',(62.,150.199996620417,2.25));
#6646=CARTESIAN_POINT('',(34.,150.199996620417,2.25));
#6647=CARTESIAN_POINT('',(62.,150.199996620417,4.5));
#6648=CARTESIAN_POINT('',(62.,150.199996620417,0.));
#6649=CARTESIAN_POINT('',(63.5,150.199996620417,6.));
#6650=CARTESIAN_POINT('',(61.25,150.199996620417,3.75));
#6651=CARTESIAN_POINT('',(63.5,150.199996620417,7.1));
#6652=CARTESIAN_POINT('',(63.5,150.199996620417,3.));
#6653=CARTESIAN_POINT('',(72.,150.199996620417,7.1));
#6654=CARTESIAN_POINT('',(64.5,150.199996620417,7.1));
#6655=CARTESIAN_POINT('',(72.,150.199996620417,2.25));
#6656=CARTESIAN_POINT('',(72.,150.199996620417,0.));
#6657=CARTESIAN_POINT('',(73.,150.199996620417,2.25));
#6658=CARTESIAN_POINT('',(34.,150.199996620417,2.25));
#6659=CARTESIAN_POINT('',(73.,150.199996620417,1.5));
#6660=CARTESIAN_POINT('',(73.,150.199996620417,1.5));
#6661=CARTESIAN_POINT('',(74.,150.199996620417,1.5));
#6662=CARTESIAN_POINT('',(55.25,150.199996620417,1.5));
#6663=CARTESIAN_POINT('',(74.,150.199996620417,2.25));
#6664=CARTESIAN_POINT('',(74.,150.199996620417,1.5));
#6665=CARTESIAN_POINT('',(93.2,150.199996620417,2.25));
#6666=CARTESIAN_POINT('',(34.,150.199996620417,2.25));
#6667=CARTESIAN_POINT('',(93.2,150.199996620417,0.75));
#6668=CARTESIAN_POINT('Origin',(93.2,146.199996620417,0.75));
#6669=CARTESIAN_POINT('',(97.2,146.199996620417,2.25));
#6670=CARTESIAN_POINT('Origin',(93.2,146.199996620417,2.25));
#6671=CARTESIAN_POINT('',(97.2,146.199996620417,0.75));
#6672=CARTESIAN_POINT('Origin',(6.00000000000001,94.5,2.25));
#6673=CARTESIAN_POINT('',(74.,127.75,2.25));
#6674=CARTESIAN_POINT('',(74.,122.849998310208,2.25));
#6675=CARTESIAN_POINT('',(75.,126.75,2.25));
#6676=CARTESIAN_POINT('Origin',(75.,127.75,2.25));
#6677=CARTESIAN_POINT('',(97.2,126.75,2.25));
#6678=CARTESIAN_POINT('',(40.,126.75,2.25));
#6679=CARTESIAN_POINT('',(97.2,47.9,2.25));
#6680=CARTESIAN_POINT('Origin',(62.,149.2,0.));
#6681=CARTESIAN_POINT('',(62.,139.2,2.25));
#6682=CARTESIAN_POINT('',(62.,139.2,2.25));
#6683=CARTESIAN_POINT('',(62.,139.2,4.5));
#6684=CARTESIAN_POINT('',(62.,139.2,3.));
#6685=CARTESIAN_POINT('',(62.,146.7,4.5));
#6686=CARTESIAN_POINT('Origin',(49.,151.199996620417,3.));
#6687=CARTESIAN_POINT('',(49.,127.75,1.5));
#6688=CARTESIAN_POINT('',(49.,1.3,1.5));
#6689=CARTESIAN_POINT('',(49.,127.75,2.25));
#6690=CARTESIAN_POINT('',(49.,127.75,3.));
#6691=CARTESIAN_POINT('',(49.,122.849998310208,2.25));
#6692=CARTESIAN_POINT('Origin',(48.,126.75,3.));
#6693=CARTESIAN_POINT('',(48.,127.75,2.25));
#6694=CARTESIAN_POINT('',(48.,110.625,2.25));
#6695=CARTESIAN_POINT('',(48.,127.75,1.5));
#6696=CARTESIAN_POINT('',(48.,127.75,3.));
#6697=CARTESIAN_POINT('',(48.,151.199996620417,1.5));
#6698=CARTESIAN_POINT('Origin',(6.00000000000001,94.5,2.25));
#6699=CARTESIAN_POINT('',(50.,126.75,2.25));
#6700=CARTESIAN_POINT('Origin',(50.,127.75,2.25));
#6701=CARTESIAN_POINT('',(72.,126.75,2.25));
#6702=CARTESIAN_POINT('',(27.5,126.75,2.25));
#6703=CARTESIAN_POINT('',(73.,127.75,2.25));
#6704=CARTESIAN_POINT('Origin',(72.,127.75,2.25));
#6705=CARTESIAN_POINT('',(73.,110.625,2.25));
#6706=CARTESIAN_POINT('',(72.,139.2,2.25));
#6707=CARTESIAN_POINT('',(72.,149.2,2.25));
#6708=CARTESIAN_POINT('',(72.,139.2,2.25));
#6709=CARTESIAN_POINT('Origin',(6.00000000000001,94.5,2.25));
#6710=CARTESIAN_POINT('',(24.,127.75,2.25));
#6711=CARTESIAN_POINT('',(24.,122.849998310208,2.25));
#6712=CARTESIAN_POINT('',(25.,126.75,2.25));
#6713=CARTESIAN_POINT('Origin',(25.,127.75,2.25));
#6714=CARTESIAN_POINT('',(47.,126.75,2.25));
#6715=CARTESIAN_POINT('',(15.,126.75,2.25));
#6716=CARTESIAN_POINT('Origin',(47.,127.75,2.25));
#6717=CARTESIAN_POINT('Origin',(24.,151.199996620417,3.));
#6718=CARTESIAN_POINT('',(24.,127.75,1.5));
#6719=CARTESIAN_POINT('',(24.,1.3,1.5));
#6720=CARTESIAN_POINT('',(24.,127.75,3.));
#6721=CARTESIAN_POINT('Origin',(48.5,113.474998310208,1.5));
#6722=CARTESIAN_POINT('',(47.,126.75,1.5));
#6723=CARTESIAN_POINT('Origin',(47.,127.75,1.5));
#6724=CARTESIAN_POINT('',(25.,126.75,1.5));
#6725=CARTESIAN_POINT('',(-0.200000000000014,126.75,1.5));
#6726=CARTESIAN_POINT('Origin',(25.,127.75,1.5));
#6727=CARTESIAN_POINT('',(23.,127.75,1.5));
#6728=CARTESIAN_POINT('',(23.,151.199996620417,1.5));
#6729=CARTESIAN_POINT('',(22.,126.75,1.5));
#6730=CARTESIAN_POINT('Origin',(22.,127.75,1.5));
#6731=CARTESIAN_POINT('',(-0.200000000000014,126.75,1.5));
#6732=CARTESIAN_POINT('',(-0.200000000000014,126.75,1.5));
#6733=CARTESIAN_POINT('',(-0.200000000000014,125.75,1.5));
#6734=CARTESIAN_POINT('',(-0.200000000000014,59.8874991551042,1.5));
#6735=CARTESIAN_POINT('',(22.,125.75,1.5));
#6736=CARTESIAN_POINT('',(97.2,125.75,1.5));
#6737=CARTESIAN_POINT('',(23.,124.75,1.5));
#6738=CARTESIAN_POINT('Origin',(22.,124.75,1.5));
#6739=CARTESIAN_POINT('',(23.,102.75,1.5));
#6740=CARTESIAN_POINT('',(23.,151.199996620417,1.5));
#6741=CARTESIAN_POINT('',(22.,101.75,1.5));
#6742=CARTESIAN_POINT('Origin',(22.,102.75,1.5));
#6743=CARTESIAN_POINT('',(-0.200000000000014,101.75,1.5));
#6744=CARTESIAN_POINT('',(-0.200000000000014,101.75,1.5));
#6745=CARTESIAN_POINT('',(-0.200000000000014,100.75,1.5));
#6746=CARTESIAN_POINT('',(-0.200000000000014,59.8874991551042,1.5));
#6747=CARTESIAN_POINT('',(22.,100.75,1.5));
#6748=CARTESIAN_POINT('',(97.2,100.75,1.5));
#6749=CARTESIAN_POINT('',(23.,99.75,1.5));
#6750=CARTESIAN_POINT('Origin',(22.,99.75,1.5));
#6751=CARTESIAN_POINT('',(23.,77.75,1.5));
#6752=CARTESIAN_POINT('',(23.,151.199996620417,1.5));
#6753=CARTESIAN_POINT('',(22.,76.75,1.5));
#6754=CARTESIAN_POINT('Origin',(22.,77.75,1.5));
#6755=CARTESIAN_POINT('',(-0.200000000000014,76.75,1.5));
#6756=CARTESIAN_POINT('',(-0.200000000000014,76.75,1.5));
#6757=CARTESIAN_POINT('',(-0.200000000000014,75.75,1.5));
#6758=CARTESIAN_POINT('',(-0.200000000000014,59.8874991551042,1.5));
#6759=CARTESIAN_POINT('',(97.2,75.75,1.5));
#6760=CARTESIAN_POINT('',(97.2,75.75,1.5));
#6761=CARTESIAN_POINT('',(97.2,76.75,1.5));
#6762=CARTESIAN_POINT('',(97.2,57.3874991551042,1.5));
#6763=CARTESIAN_POINT('',(75.,76.75,1.5));
#6764=CARTESIAN_POINT('',(-0.200000000000014,76.75,1.5));
#6765=CARTESIAN_POINT('',(74.,77.75,1.5));
#6766=CARTESIAN_POINT('Origin',(75.,77.75,1.5));
#6767=CARTESIAN_POINT('',(74.,99.75,1.5));
#6768=CARTESIAN_POINT('',(74.,1.3,1.5));
#6769=CARTESIAN_POINT('',(75.,100.75,1.5));
#6770=CARTESIAN_POINT('Origin',(75.,99.75,1.5));
#6771=CARTESIAN_POINT('',(97.2,100.75,1.5));
#6772=CARTESIAN_POINT('',(97.2,100.75,1.5));
#6773=CARTESIAN_POINT('',(97.2,101.75,1.5));
#6774=CARTESIAN_POINT('',(97.2,57.3874991551042,1.5));
#6775=CARTESIAN_POINT('',(75.,101.75,1.5));
#6776=CARTESIAN_POINT('',(-0.200000000000014,101.75,1.5));
#6777=CARTESIAN_POINT('',(74.,102.75,1.5));
#6778=CARTESIAN_POINT('Origin',(75.,102.75,1.5));
#6779=CARTESIAN_POINT('',(74.,124.75,1.5));
#6780=CARTESIAN_POINT('',(74.,1.3,1.5));
#6781=CARTESIAN_POINT('',(75.,125.75,1.5));
#6782=CARTESIAN_POINT('Origin',(75.,124.75,1.5));
#6783=CARTESIAN_POINT('',(97.2,125.75,1.5));
#6784=CARTESIAN_POINT('',(97.2,125.75,1.5));
#6785=CARTESIAN_POINT('',(97.2,126.75,1.5));
#6786=CARTESIAN_POINT('',(97.2,57.3874991551042,1.5));
#6787=CARTESIAN_POINT('',(75.,126.75,1.5));
#6788=CARTESIAN_POINT('',(-0.200000000000014,126.75,1.5));
#6789=CARTESIAN_POINT('',(74.,127.75,1.5));
#6790=CARTESIAN_POINT('Origin',(75.,127.75,1.5));
#6791=CARTESIAN_POINT('',(74.,1.3,1.5));
#6792=CARTESIAN_POINT('',(73.,127.75,1.5));
#6793=CARTESIAN_POINT('',(73.,151.199996620417,1.5));
#6794=CARTESIAN_POINT('',(72.,126.75,1.5));
#6795=CARTESIAN_POINT('Origin',(72.,127.75,1.5));
#6796=CARTESIAN_POINT('',(50.,126.75,1.5));
#6797=CARTESIAN_POINT('',(-0.200000000000014,126.75,1.5));
#6798=CARTESIAN_POINT('Origin',(50.,127.75,1.5));
#6799=CARTESIAN_POINT('',(49.,102.75,1.5));
#6800=CARTESIAN_POINT('',(50.,101.75,1.5));
#6801=CARTESIAN_POINT('Origin',(50.,102.75,1.5));
#6802=CARTESIAN_POINT('',(49.,124.75,1.5));
#6803=CARTESIAN_POINT('',(49.,1.3,1.5));
#6804=CARTESIAN_POINT('',(50.,125.75,1.5));
#6805=CARTESIAN_POINT('Origin',(50.,124.75,1.5));
#6806=CARTESIAN_POINT('',(72.,125.75,1.5));
#6807=CARTESIAN_POINT('',(97.2,125.75,1.5));
#6808=CARTESIAN_POINT('',(73.,124.75,1.5));
#6809=CARTESIAN_POINT('Origin',(72.,124.75,1.5));
#6810=CARTESIAN_POINT('',(73.,102.75,1.5));
#6811=CARTESIAN_POINT('',(73.,151.199996620417,1.5));
#6812=CARTESIAN_POINT('',(72.,101.75,1.5));
#6813=CARTESIAN_POINT('Origin',(72.,102.75,1.5));
#6814=CARTESIAN_POINT('',(-0.200000000000014,101.75,1.5));
#6815=CARTESIAN_POINT('',(49.,77.75,1.5));
#6816=CARTESIAN_POINT('',(50.,76.75,1.5));
#6817=CARTESIAN_POINT('Origin',(50.,77.75,1.5));
#6818=CARTESIAN_POINT('',(49.,99.75,1.5));
#6819=CARTESIAN_POINT('',(49.,1.3,1.5));
#6820=CARTESIAN_POINT('',(50.,100.75,1.5));
#6821=CARTESIAN_POINT('Origin',(50.,99.75,1.5));
#6822=CARTESIAN_POINT('',(72.,100.75,1.5));
#6823=CARTESIAN_POINT('',(97.2,100.75,1.5));
#6824=CARTESIAN_POINT('',(73.,99.75,1.5));
#6825=CARTESIAN_POINT('Origin',(72.,99.75,1.5));
#6826=CARTESIAN_POINT('',(73.,77.75,1.5));
#6827=CARTESIAN_POINT('',(73.,151.199996620417,1.5));
#6828=CARTESIAN_POINT('',(72.,76.75,1.5));
#6829=CARTESIAN_POINT('Origin',(72.,77.75,1.5));
#6830=CARTESIAN_POINT('',(-0.200000000000014,76.75,1.5));
#6831=CARTESIAN_POINT('',(24.,102.75,1.5));
#6832=CARTESIAN_POINT('',(25.,101.75,1.5));
#6833=CARTESIAN_POINT('Origin',(25.,102.75,1.5));
#6834=CARTESIAN_POINT('',(24.,124.75,1.5));
#6835=CARTESIAN_POINT('',(24.,1.3,1.5));
#6836=CARTESIAN_POINT('',(25.,125.75,1.5));
#6837=CARTESIAN_POINT('Origin',(25.,124.75,1.5));
#6838=CARTESIAN_POINT('',(47.,125.75,1.5));
#6839=CARTESIAN_POINT('',(97.2,125.75,1.5));
#6840=CARTESIAN_POINT('',(48.,124.75,1.5));
#6841=CARTESIAN_POINT('Origin',(47.,124.75,1.5));
#6842=CARTESIAN_POINT('',(48.,102.75,1.5));
#6843=CARTESIAN_POINT('',(48.,151.199996620417,1.5));
#6844=CARTESIAN_POINT('',(47.,101.75,1.5));
#6845=CARTESIAN_POINT('Origin',(47.,102.75,1.5));
#6846=CARTESIAN_POINT('',(-0.200000000000014,101.75,1.5));
#6847=CARTESIAN_POINT('',(24.,77.75,1.5));
#6848=CARTESIAN_POINT('',(25.,76.75,1.5));
#6849=CARTESIAN_POINT('Origin',(25.,77.75,1.5));
#6850=CARTESIAN_POINT('',(24.,99.75,1.5));
#6851=CARTESIAN_POINT('',(24.,1.3,1.5));
#6852=CARTESIAN_POINT('',(25.,100.75,1.5));
#6853=CARTESIAN_POINT('Origin',(25.,99.75,1.5));
#6854=CARTESIAN_POINT('',(47.,100.75,1.5));
#6855=CARTESIAN_POINT('',(97.2,100.75,1.5));
#6856=CARTESIAN_POINT('',(48.,99.75,1.5));
#6857=CARTESIAN_POINT('Origin',(47.,99.75,1.5));
#6858=CARTESIAN_POINT('',(48.,77.75,1.5));
#6859=CARTESIAN_POINT('',(48.,151.199996620417,1.5));
#6860=CARTESIAN_POINT('',(47.,76.75,1.5));
#6861=CARTESIAN_POINT('Origin',(47.,77.75,1.5));
#6862=CARTESIAN_POINT('',(-0.200000000000014,76.75,1.5));
#6863=CARTESIAN_POINT('Origin',(23.,126.75,3.));
#6864=CARTESIAN_POINT('',(23.,127.75,2.25));
#6865=CARTESIAN_POINT('',(23.,110.625,2.25));
#6866=CARTESIAN_POINT('',(23.,127.75,3.));
#6867=CARTESIAN_POINT('Origin',(6.00000000000001,94.5,2.25));
#6868=CARTESIAN_POINT('',(-0.200000000000014,126.75,2.25));
#6869=CARTESIAN_POINT('',(-0.200000000000014,50.4,2.25));
#6870=CARTESIAN_POINT('',(22.,126.75,2.25));
#6871=CARTESIAN_POINT('',(2.9,126.75,2.25));
#6872=CARTESIAN_POINT('Origin',(22.,127.75,2.25));
#6873=CARTESIAN_POINT('Origin',(-0.200000000000014,6.3,1.5));
#6874=CARTESIAN_POINT('',(-0.200000000000014,1.3,7.1));
#6875=CARTESIAN_POINT('',(-0.200000000000014,1.3,1.5));
#6876=CARTESIAN_POINT('',(-0.200000000000014,9.3,7.1));
#6877=CARTESIAN_POINT('',(-0.200000000000014,1.3,7.1));
#6878=CARTESIAN_POINT('',(-0.200000000000014,9.3,2.25));
#6879=CARTESIAN_POINT('',(-0.200000000000014,9.3,2.25));
#6880=CARTESIAN_POINT('',(-0.200000000000014,25.75,2.25));
#6881=CARTESIAN_POINT('',(-0.200000000000014,50.4,2.25));
#6882=CARTESIAN_POINT('',(-0.200000000000014,25.75,1.5));
#6883=CARTESIAN_POINT('',(-0.200000000000014,25.75,2.25));
#6884=CARTESIAN_POINT('',(-0.200000000000014,26.75,1.5));
#6885=CARTESIAN_POINT('',(-0.200000000000014,22.35,1.5));
#6886=CARTESIAN_POINT('',(-0.200000000000014,26.75,2.25));
#6887=CARTESIAN_POINT('',(-0.200000000000014,26.75,2.25));
#6888=CARTESIAN_POINT('',(-0.200000000000014,50.75,2.25));
#6889=CARTESIAN_POINT('',(-0.200000000000014,50.4,2.25));
#6890=CARTESIAN_POINT('',(-0.200000000000014,50.75,1.5));
#6891=CARTESIAN_POINT('',(-0.200000000000014,50.75,2.25));
#6892=CARTESIAN_POINT('',(-0.200000000000014,51.75,1.5));
#6893=CARTESIAN_POINT('',(-0.200000000000014,22.35,1.5));
#6894=CARTESIAN_POINT('',(-0.200000000000014,51.75,2.25));
#6895=CARTESIAN_POINT('',(-0.200000000000014,51.75,2.25));
#6896=CARTESIAN_POINT('',(-0.200000000000014,75.75,2.25));
#6897=CARTESIAN_POINT('',(-0.200000000000014,50.4,2.25));
#6898=CARTESIAN_POINT('',(-0.200000000000014,75.75,2.25));
#6899=CARTESIAN_POINT('',(-0.200000000000014,76.75,2.25));
#6900=CARTESIAN_POINT('',(-0.200000000000014,76.75,2.25));
#6901=CARTESIAN_POINT('',(-0.200000000000014,89.5,2.25));
#6902=CARTESIAN_POINT('',(-0.200000000000014,50.4,2.25));
#6903=CARTESIAN_POINT('',(-0.200000000000014,89.5,7.1));
#6904=CARTESIAN_POINT('',(-0.200000000000014,89.5,2.25));
#6905=CARTESIAN_POINT('',(-0.200000000000014,99.5,7.1));
#6906=CARTESIAN_POINT('',(-0.200000000000014,89.5,7.1));
#6907=CARTESIAN_POINT('',(-0.200000000000014,99.5,2.25));
#6908=CARTESIAN_POINT('',(-0.200000000000014,99.5,2.25));
#6909=CARTESIAN_POINT('',(-0.200000000000014,100.75,2.25));
#6910=CARTESIAN_POINT('',(-0.200000000000014,50.4,2.25));
#6911=CARTESIAN_POINT('',(-0.200000000000014,100.75,2.25));
#6912=CARTESIAN_POINT('',(-0.200000000000014,101.75,2.25));
#6913=CARTESIAN_POINT('',(-0.200000000000014,101.75,2.25));
#6914=CARTESIAN_POINT('',(-0.200000000000014,125.75,2.25));
#6915=CARTESIAN_POINT('',(-0.200000000000014,50.4,2.25));
#6916=CARTESIAN_POINT('',(-0.200000000000014,125.75,2.25));
#6917=CARTESIAN_POINT('',(-0.200000000000014,126.75,2.25));
#6918=CARTESIAN_POINT('Origin',(97.2,1.3,1.5));
#6919=CARTESIAN_POINT('',(97.2,126.75,2.25));
#6920=CARTESIAN_POINT('',(97.2,125.75,2.25));
#6921=CARTESIAN_POINT('',(97.2,125.75,2.25));
#6922=CARTESIAN_POINT('',(97.2,101.75,2.25));
#6923=CARTESIAN_POINT('',(97.2,47.9,2.25));
#6924=CARTESIAN_POINT('',(97.2,101.75,2.25));
#6925=CARTESIAN_POINT('',(97.2,100.75,2.25));
#6926=CARTESIAN_POINT('',(97.2,100.75,2.25));
#6927=CARTESIAN_POINT('',(97.2,99.5,2.25));
#6928=CARTESIAN_POINT('',(97.2,47.9,2.25));
#6929=CARTESIAN_POINT('',(97.2,99.5,7.1));
#6930=CARTESIAN_POINT('',(97.2,99.5,2.25));
#6931=CARTESIAN_POINT('',(97.2,89.5,7.1));
#6932=CARTESIAN_POINT('',(97.2,99.5,7.1));
#6933=CARTESIAN_POINT('',(97.2,89.5,2.25));
#6934=CARTESIAN_POINT('',(97.2,89.5,2.25));
#6935=CARTESIAN_POINT('',(97.2,76.75,2.25));
#6936=CARTESIAN_POINT('',(97.2,47.9,2.25));
#6937=CARTESIAN_POINT('',(97.2,76.75,2.25));
#6938=CARTESIAN_POINT('',(97.2,75.75,2.25));
#6939=CARTESIAN_POINT('',(97.2,75.75,2.25));
#6940=CARTESIAN_POINT('',(97.2,51.75,2.25));
#6941=CARTESIAN_POINT('',(97.2,47.9,2.25));
#6942=CARTESIAN_POINT('',(97.2,51.75,1.5));
#6943=CARTESIAN_POINT('',(97.2,51.75,2.25));
#6944=CARTESIAN_POINT('',(97.2,50.75,1.5));
#6945=CARTESIAN_POINT('',(97.2,19.85,1.5));
#6946=CARTESIAN_POINT('',(97.2,50.75,2.25));
#6947=CARTESIAN_POINT('',(97.2,50.75,2.25));
#6948=CARTESIAN_POINT('',(97.2,26.75,2.25));
#6949=CARTESIAN_POINT('',(97.2,47.9,2.25));
#6950=CARTESIAN_POINT('',(97.2,26.75,1.5));
#6951=CARTESIAN_POINT('',(97.2,26.75,2.25));
#6952=CARTESIAN_POINT('',(97.2,25.75,1.5));
#6953=CARTESIAN_POINT('',(97.2,19.85,1.5));
#6954=CARTESIAN_POINT('',(97.2,25.75,2.25));
#6955=CARTESIAN_POINT('',(97.2,25.75,2.25));
#6956=CARTESIAN_POINT('',(97.2,9.3,2.25));
#6957=CARTESIAN_POINT('',(97.2,47.9,2.25));
#6958=CARTESIAN_POINT('',(97.2,9.3,7.1));
#6959=CARTESIAN_POINT('',(97.2,9.3,0.));
#6960=CARTESIAN_POINT('',(97.2,1.3,7.1));
#6961=CARTESIAN_POINT('',(97.2,9.3,7.1));
#6962=CARTESIAN_POINT('',(97.2,1.3,0.));
#6963=CARTESIAN_POINT('Origin',(75.,99.75,3.));
#6964=CARTESIAN_POINT('',(74.,99.75,1.75));
#6965=CARTESIAN_POINT('',(75.,100.75,1.75));
#6966=CARTESIAN_POINT('Origin',(75.,99.75,1.75));
#6967=CARTESIAN_POINT('',(75.,100.75,3.));
#6968=CARTESIAN_POINT('',(74.,99.75,3.));
#6969=CARTESIAN_POINT('Origin',(74.,100.75,3.));
#6970=CARTESIAN_POINT('',(74.,77.75,1.75));
#6971=CARTESIAN_POINT('',(74.,77.75,3.));
#6972=CARTESIAN_POINT('',(74.,98.125,1.75));
#6973=CARTESIAN_POINT('Origin',(72.,99.75,3.));
#6974=CARTESIAN_POINT('',(72.,100.75,1.75));
#6975=CARTESIAN_POINT('',(73.,99.75,1.75));
#6976=CARTESIAN_POINT('Origin',(72.,99.75,1.75));
#6977=CARTESIAN_POINT('',(73.,99.75,3.));
#6978=CARTESIAN_POINT('',(72.,100.75,3.));
#6979=CARTESIAN_POINT('Origin',(73.,100.75,3.));
#6980=CARTESIAN_POINT('',(50.,100.75,1.75));
#6981=CARTESIAN_POINT('',(50.,100.75,3.));
#6982=CARTESIAN_POINT('',(60.75,100.75,1.75));
#6983=CARTESIAN_POINT('Origin',(75.,102.75,3.));
#6984=CARTESIAN_POINT('',(75.,101.75,1.75));
#6985=CARTESIAN_POINT('',(74.,102.75,1.75));
#6986=CARTESIAN_POINT('Origin',(75.,102.75,1.75));
#6987=CARTESIAN_POINT('',(74.,102.75,3.));
#6988=CARTESIAN_POINT('',(75.,101.75,3.));
#6989=CARTESIAN_POINT('Origin',(74.,101.75,3.));
#6990=CARTESIAN_POINT('',(78.5,101.75,2.25));
#6991=CARTESIAN_POINT('',(40.,101.75,2.25));
#6992=CARTESIAN_POINT('',(78.5,101.75,1.75));
#6993=CARTESIAN_POINT('',(78.5,101.75,1.5));
#6994=CARTESIAN_POINT('',(61.25,101.75,1.75));
#6995=CARTESIAN_POINT('Origin',(72.,102.75,3.));
#6996=CARTESIAN_POINT('',(73.,102.75,1.75));
#6997=CARTESIAN_POINT('',(72.,101.75,1.75));
#6998=CARTESIAN_POINT('Origin',(72.,102.75,1.75));
#6999=CARTESIAN_POINT('',(72.,101.75,3.));
#7000=CARTESIAN_POINT('',(73.,102.75,3.));
#7001=CARTESIAN_POINT('Origin',(73.,101.75,3.));
#7002=CARTESIAN_POINT('',(73.,124.75,2.25));
#7003=CARTESIAN_POINT('',(73.,124.75,3.));
#7004=CARTESIAN_POINT('',(73.,115.5,2.25));
#7005=CARTESIAN_POINT('',(73.,98.125,2.25));
#7006=CARTESIAN_POINT('',(73.,115.5,1.75));
#7007=CARTESIAN_POINT('',(73.,115.5,1.5));
#7008=CARTESIAN_POINT('',(73.,98.625,1.75));
#7009=CARTESIAN_POINT('Origin',(72.,77.75,3.));
#7010=CARTESIAN_POINT('',(73.,77.75,1.75));
#7011=CARTESIAN_POINT('',(72.,76.75,1.75));
#7012=CARTESIAN_POINT('Origin',(72.,77.75,1.75));
#7013=CARTESIAN_POINT('',(72.,76.75,3.));
#7014=CARTESIAN_POINT('',(73.,77.75,3.));
#7015=CARTESIAN_POINT('Origin',(73.,76.75,3.));
#7016=CARTESIAN_POINT('',(73.,86.125,1.75));
#7017=CARTESIAN_POINT('Origin',(75.,77.75,3.));
#7018=CARTESIAN_POINT('',(75.,76.75,1.75));
#7019=CARTESIAN_POINT('Origin',(75.,77.75,1.75));
#7020=CARTESIAN_POINT('',(75.,76.75,3.));
#7021=CARTESIAN_POINT('Origin',(74.,76.75,3.));
#7022=CARTESIAN_POINT('',(78.5,76.75,2.25));
#7023=CARTESIAN_POINT('',(40.,76.75,2.25));
#7024=CARTESIAN_POINT('',(78.5,76.75,1.75));
#7025=CARTESIAN_POINT('',(78.5,76.75,1.5));
#7026=CARTESIAN_POINT('',(61.25,76.75,1.75));
#7027=CARTESIAN_POINT('Origin',(50.,77.75,3.));
#7028=CARTESIAN_POINT('',(50.,76.75,1.75));
#7029=CARTESIAN_POINT('',(49.,77.75,1.75));
#7030=CARTESIAN_POINT('Origin',(50.,77.75,1.75));
#7031=CARTESIAN_POINT('',(49.,77.75,3.));
#7032=CARTESIAN_POINT('',(50.,76.75,3.));
#7033=CARTESIAN_POINT('Origin',(49.,76.75,3.));
#7034=CARTESIAN_POINT('',(48.75,76.75,1.75));
#7035=CARTESIAN_POINT('Origin',(47.,77.75,3.));
#7036=CARTESIAN_POINT('',(48.,77.75,1.75));
#7037=CARTESIAN_POINT('',(47.,76.75,1.75));
#7038=CARTESIAN_POINT('Origin',(47.,77.75,1.75));
#7039=CARTESIAN_POINT('',(47.,76.75,3.));
#7040=CARTESIAN_POINT('',(48.,77.75,3.));
#7041=CARTESIAN_POINT('Origin',(48.,76.75,3.));
#7042=CARTESIAN_POINT('',(48.,99.75,1.75));
#7043=CARTESIAN_POINT('',(48.,99.75,3.));
#7044=CARTESIAN_POINT('',(48.,86.125,1.75));
#7045=CARTESIAN_POINT('Origin',(22.,77.75,3.));
#7046=CARTESIAN_POINT('',(23.,77.75,1.75));
#7047=CARTESIAN_POINT('',(22.,76.75,1.75));
#7048=CARTESIAN_POINT('Origin',(22.,77.75,1.75));
#7049=CARTESIAN_POINT('',(22.,76.75,3.));
#7050=CARTESIAN_POINT('',(23.,77.75,3.));
#7051=CARTESIAN_POINT('Origin',(-0.200000000000014,76.75,3.));
#7052=CARTESIAN_POINT('',(18.5,76.75,1.75));
#7053=CARTESIAN_POINT('',(24.15,76.75,1.75));
#7054=CARTESIAN_POINT('',(18.5,76.75,2.25));
#7055=CARTESIAN_POINT('',(18.5,76.75,1.5));
#7056=CARTESIAN_POINT('',(2.9,76.75,2.25));
#7057=CARTESIAN_POINT('Origin',(48.5,95.5,1.75));
#7058=CARTESIAN_POINT('',(23.,99.75,1.75));
#7059=CARTESIAN_POINT('',(23.,86.125,1.75));
#7060=CARTESIAN_POINT('',(22.,100.75,1.75));
#7061=CARTESIAN_POINT('Origin',(22.,99.75,1.75));
#7062=CARTESIAN_POINT('',(18.5,100.75,1.75));
#7063=CARTESIAN_POINT('',(35.75,100.75,1.75));
#7064=CARTESIAN_POINT('',(18.5,75.5,1.75));
#7065=CARTESIAN_POINT('Origin',(25.,77.75,3.));
#7066=CARTESIAN_POINT('',(25.,76.75,1.75));
#7067=CARTESIAN_POINT('',(24.,77.75,1.75));
#7068=CARTESIAN_POINT('Origin',(25.,77.75,1.75));
#7069=CARTESIAN_POINT('',(24.,77.75,3.));
#7070=CARTESIAN_POINT('',(25.,76.75,3.));
#7071=CARTESIAN_POINT('Origin',(24.,76.75,3.));
#7072=CARTESIAN_POINT('',(36.25,76.75,1.75));
#7073=CARTESIAN_POINT('Origin',(25.,99.75,3.));
#7074=CARTESIAN_POINT('',(24.,99.75,1.75));
#7075=CARTESIAN_POINT('',(25.,100.75,1.75));
#7076=CARTESIAN_POINT('Origin',(25.,99.75,1.75));
#7077=CARTESIAN_POINT('',(25.,100.75,3.));
#7078=CARTESIAN_POINT('',(24.,99.75,3.));
#7079=CARTESIAN_POINT('Origin',(24.,100.75,3.));
#7080=CARTESIAN_POINT('',(24.,98.125,1.75));
#7081=CARTESIAN_POINT('Origin',(22.,99.75,3.));
#7082=CARTESIAN_POINT('',(23.,99.75,3.));
#7083=CARTESIAN_POINT('',(22.,100.75,3.));
#7084=CARTESIAN_POINT('Origin',(23.,100.75,3.));
#7085=CARTESIAN_POINT('',(18.5,100.75,2.25));
#7086=CARTESIAN_POINT('',(14.5,100.75,2.25));
#7087=CARTESIAN_POINT('',(18.5,100.75,1.5));
#7088=CARTESIAN_POINT('Origin',(25.,102.75,3.));
#7089=CARTESIAN_POINT('',(25.,101.75,1.75));
#7090=CARTESIAN_POINT('',(24.,102.75,1.75));
#7091=CARTESIAN_POINT('Origin',(25.,102.75,1.75));
#7092=CARTESIAN_POINT('',(24.,102.75,3.));
#7093=CARTESIAN_POINT('',(25.,101.75,3.));
#7094=CARTESIAN_POINT('Origin',(24.,101.75,3.));
#7095=CARTESIAN_POINT('',(47.,101.75,1.75));
#7096=CARTESIAN_POINT('',(47.,101.75,3.));
#7097=CARTESIAN_POINT('',(36.25,101.75,1.75));
#7098=CARTESIAN_POINT('Origin',(22.,102.75,3.));
#7099=CARTESIAN_POINT('',(23.,102.75,1.75));
#7100=CARTESIAN_POINT('',(22.,101.75,1.75));
#7101=CARTESIAN_POINT('Origin',(22.,102.75,1.75));
#7102=CARTESIAN_POINT('',(22.,101.75,3.));
#7103=CARTESIAN_POINT('',(23.,102.75,3.));
#7104=CARTESIAN_POINT('Origin',(48.5,95.5,1.75));
#7105=CARTESIAN_POINT('',(23.,115.5,1.75));
#7106=CARTESIAN_POINT('',(23.,98.625,1.75));
#7107=CARTESIAN_POINT('',(18.5,115.5,1.75));
#7108=CARTESIAN_POINT('',(18.5,115.5,1.75));
#7109=CARTESIAN_POINT('',(18.5,101.75,1.75));
#7110=CARTESIAN_POINT('',(18.5,75.5,1.75));
#7111=CARTESIAN_POINT('',(24.15,101.75,1.75));
#7112=CARTESIAN_POINT('Origin',(23.,101.75,3.));
#7113=CARTESIAN_POINT('',(23.,124.75,2.25));
#7114=CARTESIAN_POINT('',(23.,124.75,3.));
#7115=CARTESIAN_POINT('',(23.,115.5,2.25));
#7116=CARTESIAN_POINT('',(23.,98.125,2.25));
#7117=CARTESIAN_POINT('',(23.,115.5,1.5));
#7118=CARTESIAN_POINT('Origin',(50.,102.75,3.));
#7119=CARTESIAN_POINT('',(50.,101.75,1.75));
#7120=CARTESIAN_POINT('',(49.,102.75,1.75));
#7121=CARTESIAN_POINT('Origin',(50.,102.75,1.75));
#7122=CARTESIAN_POINT('',(49.,102.75,3.));
#7123=CARTESIAN_POINT('',(50.,101.75,3.));
#7124=CARTESIAN_POINT('Origin',(49.,101.75,3.));
#7125=CARTESIAN_POINT('',(48.75,101.75,1.75));
#7126=CARTESIAN_POINT('Origin',(50.,99.75,3.));
#7127=CARTESIAN_POINT('',(49.,99.75,1.75));
#7128=CARTESIAN_POINT('Origin',(50.,99.75,1.75));
#7129=CARTESIAN_POINT('',(49.,99.75,3.));
#7130=CARTESIAN_POINT('Origin',(49.,100.75,3.));
#7131=CARTESIAN_POINT('',(49.,98.125,1.75));
#7132=CARTESIAN_POINT('Origin',(47.,102.75,3.));
#7133=CARTESIAN_POINT('',(48.,102.75,1.75));
#7134=CARTESIAN_POINT('Origin',(47.,102.75,1.75));
#7135=CARTESIAN_POINT('',(48.,102.75,3.));
#7136=CARTESIAN_POINT('Origin',(48.,101.75,3.));
#7137=CARTESIAN_POINT('',(48.,124.75,2.25));
#7138=CARTESIAN_POINT('',(48.,124.75,3.));
#7139=CARTESIAN_POINT('',(48.,115.5,2.25));
#7140=CARTESIAN_POINT('',(48.,98.125,2.25));
#7141=CARTESIAN_POINT('',(48.,115.5,1.75));
#7142=CARTESIAN_POINT('',(48.,115.5,1.5));
#7143=CARTESIAN_POINT('',(48.,98.625,1.75));
#7144=CARTESIAN_POINT('Origin',(47.,99.75,3.));
#7145=CARTESIAN_POINT('',(47.,100.75,1.75));
#7146=CARTESIAN_POINT('Origin',(47.,99.75,1.75));
#7147=CARTESIAN_POINT('',(47.,100.75,3.));
#7148=CARTESIAN_POINT('Origin',(48.,100.75,3.));
#7149=CARTESIAN_POINT('',(48.25,100.75,1.75));
#7150=CARTESIAN_POINT('Origin',(22.,127.75,3.));
#7151=CARTESIAN_POINT('',(22.,126.75,3.));
#7152=CARTESIAN_POINT('Origin',(22.,124.75,3.));
#7153=CARTESIAN_POINT('',(22.,125.75,2.25));
#7154=CARTESIAN_POINT('Origin',(22.,124.75,2.25));
#7155=CARTESIAN_POINT('',(22.,125.75,3.));
#7156=CARTESIAN_POINT('Origin',(6.00000000000001,94.5,2.25));
#7157=CARTESIAN_POINT('',(14.5,125.75,2.25));
#7158=CARTESIAN_POINT('',(18.5,101.75,2.25));
#7159=CARTESIAN_POINT('',(2.9,101.75,2.25));
#7160=CARTESIAN_POINT('',(18.5,115.5,2.25));
#7161=CARTESIAN_POINT('',(18.5,85.,2.25));
#7162=CARTESIAN_POINT('',(12.25,115.5,2.25));
#7163=CARTESIAN_POINT('Origin',(23.,125.75,3.));
#7164=CARTESIAN_POINT('Origin',(25.,127.75,3.));
#7165=CARTESIAN_POINT('',(25.,126.75,3.));
#7166=CARTESIAN_POINT('Origin',(25.,124.75,3.));
#7167=CARTESIAN_POINT('',(24.,124.75,2.25));
#7168=CARTESIAN_POINT('',(25.,125.75,2.25));
#7169=CARTESIAN_POINT('Origin',(25.,124.75,2.25));
#7170=CARTESIAN_POINT('',(25.,125.75,3.));
#7171=CARTESIAN_POINT('',(24.,124.75,3.));
#7172=CARTESIAN_POINT('Origin',(48.,125.75,3.));
#7173=CARTESIAN_POINT('',(47.,125.75,2.25));
#7174=CARTESIAN_POINT('',(27.,125.75,2.25));
#7175=CARTESIAN_POINT('',(47.,125.75,3.));
#7176=CARTESIAN_POINT('Origin',(6.00000000000001,94.5,2.25));
#7177=CARTESIAN_POINT('',(24.,115.5,2.25));
#7178=CARTESIAN_POINT('',(24.,110.125,2.25));
#7179=CARTESIAN_POINT('',(12.25,115.5,2.25));
#7180=CARTESIAN_POINT('Origin',(47.,124.75,2.25));
#7181=CARTESIAN_POINT('Origin',(47.,124.75,3.));
#7182=CARTESIAN_POINT('Origin',(47.,127.75,3.));
#7183=CARTESIAN_POINT('',(47.,126.75,3.));
#7184=CARTESIAN_POINT('Origin',(50.,124.75,3.));
#7185=CARTESIAN_POINT('',(49.,124.75,2.25));
#7186=CARTESIAN_POINT('',(50.,125.75,2.25));
#7187=CARTESIAN_POINT('Origin',(50.,124.75,2.25));
#7188=CARTESIAN_POINT('',(50.,125.75,3.));
#7189=CARTESIAN_POINT('',(49.,124.75,3.));
#7190=CARTESIAN_POINT('Origin',(73.,125.75,3.));
#7191=CARTESIAN_POINT('',(72.,125.75,2.25));
#7192=CARTESIAN_POINT('',(39.5,125.75,2.25));
#7193=CARTESIAN_POINT('',(72.,125.75,3.));
#7194=CARTESIAN_POINT('Origin',(6.00000000000001,94.5,2.25));
#7195=CARTESIAN_POINT('',(49.,115.5,2.25));
#7196=CARTESIAN_POINT('',(49.,110.125,2.25));
#7197=CARTESIAN_POINT('',(12.25,115.5,2.25));
#7198=CARTESIAN_POINT('Origin',(72.,124.75,2.25));
#7199=CARTESIAN_POINT('Origin',(50.,127.75,3.));
#7200=CARTESIAN_POINT('',(50.,126.75,3.));
#7201=CARTESIAN_POINT('Origin',(49.,126.75,3.));
#7202=CARTESIAN_POINT('',(72.,126.75,3.));
#7203=CARTESIAN_POINT('Origin',(75.,127.75,3.));
#7204=CARTESIAN_POINT('',(74.,127.75,3.));
#7205=CARTESIAN_POINT('',(75.,126.75,3.));
#7206=CARTESIAN_POINT('Origin',(74.,126.75,3.));
#7207=CARTESIAN_POINT('Origin',(75.,124.75,3.));
#7208=CARTESIAN_POINT('',(74.,124.75,2.25));
#7209=CARTESIAN_POINT('',(75.,125.75,2.25));
#7210=CARTESIAN_POINT('Origin',(75.,124.75,2.25));
#7211=CARTESIAN_POINT('',(75.,125.75,3.));
#7212=CARTESIAN_POINT('',(74.,124.75,3.));
#7213=CARTESIAN_POINT('Origin',(74.,125.75,3.));
#7214=CARTESIAN_POINT('',(74.,115.5,1.75));
#7215=CARTESIAN_POINT('',(74.,110.625,1.75));
#7216=CARTESIAN_POINT('',(74.,115.5,2.25));
#7217=CARTESIAN_POINT('',(74.,115.5,1.5));
#7218=CARTESIAN_POINT('',(74.,110.125,2.25));
#7219=CARTESIAN_POINT('Origin',(72.,127.75,3.));
#7220=CARTESIAN_POINT('',(73.,127.75,3.));
#7221=CARTESIAN_POINT('Origin',(73.,126.75,3.));
#7222=CARTESIAN_POINT('Origin',(72.,124.75,3.));
#7223=CARTESIAN_POINT('Origin',(72.,52.75,3.));
#7224=CARTESIAN_POINT('',(73.,52.75,2.25));
#7225=CARTESIAN_POINT('',(72.,51.75,2.25));
#7226=CARTESIAN_POINT('Origin',(72.,52.75,2.25));
#7227=CARTESIAN_POINT('',(72.,51.75,1.5));
#7228=CARTESIAN_POINT('',(72.,51.75,3.));
#7229=CARTESIAN_POINT('',(73.,52.75,1.5));
#7230=CARTESIAN_POINT('Origin',(72.,52.75,1.5));
#7231=CARTESIAN_POINT('',(73.,52.75,3.));
#7232=CARTESIAN_POINT('Origin',(73.,51.75,3.));
#7233=CARTESIAN_POINT('',(73.,75.5,1.5));
#7234=CARTESIAN_POINT('',(73.,151.199996620417,1.5));
#7235=CARTESIAN_POINT('',(73.,75.5,1.75));
#7236=CARTESIAN_POINT('',(73.,75.5,3.));
#7237=CARTESIAN_POINT('',(73.,75.5,2.25));
#7238=CARTESIAN_POINT('',(73.,75.5,1.5));
#7239=CARTESIAN_POINT('',(73.,73.125,2.25));
#7240=CARTESIAN_POINT('Origin',(75.,52.75,3.));
#7241=CARTESIAN_POINT('',(75.,51.75,2.25));
#7242=CARTESIAN_POINT('',(74.,52.75,2.25));
#7243=CARTESIAN_POINT('Origin',(75.,52.75,2.25));
#7244=CARTESIAN_POINT('',(74.,52.75,1.5));
#7245=CARTESIAN_POINT('',(74.,52.75,3.));
#7246=CARTESIAN_POINT('',(75.,51.75,1.5));
#7247=CARTESIAN_POINT('Origin',(75.,52.75,1.5));
#7248=CARTESIAN_POINT('',(75.,51.75,3.));
#7249=CARTESIAN_POINT('Origin',(74.,51.75,3.));
#7250=CARTESIAN_POINT('',(-0.200000000000014,51.75,1.5));
#7251=CARTESIAN_POINT('',(40.,51.75,2.25));
#7252=CARTESIAN_POINT('Origin',(72.,49.75,3.));
#7253=CARTESIAN_POINT('',(72.,50.75,2.25));
#7254=CARTESIAN_POINT('',(73.,49.75,2.25));
#7255=CARTESIAN_POINT('Origin',(72.,49.75,2.25));
#7256=CARTESIAN_POINT('',(73.,49.75,1.5));
#7257=CARTESIAN_POINT('',(73.,49.75,3.));
#7258=CARTESIAN_POINT('',(72.,50.75,1.5));
#7259=CARTESIAN_POINT('Origin',(72.,49.75,1.5));
#7260=CARTESIAN_POINT('',(72.,50.75,3.));
#7261=CARTESIAN_POINT('Origin',(73.,26.75,3.));
#7262=CARTESIAN_POINT('',(73.,27.75,2.25));
#7263=CARTESIAN_POINT('',(73.,60.625,2.25));
#7264=CARTESIAN_POINT('',(73.,27.75,1.5));
#7265=CARTESIAN_POINT('',(73.,27.75,3.));
#7266=CARTESIAN_POINT('',(73.,151.199996620417,1.5));
#7267=CARTESIAN_POINT('Origin',(6.00000000000001,94.5,2.25));
#7268=CARTESIAN_POINT('',(50.,50.75,2.25));
#7269=CARTESIAN_POINT('',(39.5,50.75,2.25));
#7270=CARTESIAN_POINT('',(49.,49.75,2.25));
#7271=CARTESIAN_POINT('Origin',(50.,49.75,2.25));
#7272=CARTESIAN_POINT('',(49.,27.75,2.25));
#7273=CARTESIAN_POINT('',(49.,72.625,2.25));
#7274=CARTESIAN_POINT('',(50.,26.75,2.25));
#7275=CARTESIAN_POINT('Origin',(50.,27.75,2.25));
#7276=CARTESIAN_POINT('',(72.,26.75,2.25));
#7277=CARTESIAN_POINT('',(27.5,26.75,2.25));
#7278=CARTESIAN_POINT('Origin',(72.,27.75,2.25));
#7279=CARTESIAN_POINT('Origin',(75.,49.75,3.));
#7280=CARTESIAN_POINT('',(74.,49.75,2.25));
#7281=CARTESIAN_POINT('',(75.,50.75,2.25));
#7282=CARTESIAN_POINT('Origin',(75.,49.75,2.25));
#7283=CARTESIAN_POINT('',(75.,50.75,1.5));
#7284=CARTESIAN_POINT('',(75.,50.75,3.));
#7285=CARTESIAN_POINT('',(74.,49.75,1.5));
#7286=CARTESIAN_POINT('Origin',(75.,49.75,1.5));
#7287=CARTESIAN_POINT('',(74.,49.75,3.));
#7288=CARTESIAN_POINT('Origin',(97.2,50.75,3.));
#7289=CARTESIAN_POINT('',(51.6,50.75,2.25));
#7290=CARTESIAN_POINT('',(97.2,50.75,1.5));
#7291=CARTESIAN_POINT('Origin',(6.00000000000001,94.5,2.25));
#7292=CARTESIAN_POINT('',(74.,27.75,2.25));
#7293=CARTESIAN_POINT('',(74.,72.625,2.25));
#7294=CARTESIAN_POINT('',(75.,26.75,2.25));
#7295=CARTESIAN_POINT('Origin',(75.,27.75,2.25));
#7296=CARTESIAN_POINT('',(40.,26.75,2.25));
#7297=CARTESIAN_POINT('Origin',(50.,52.75,3.));
#7298=CARTESIAN_POINT('',(50.,51.75,2.25));
#7299=CARTESIAN_POINT('',(49.,52.75,2.25));
#7300=CARTESIAN_POINT('Origin',(50.,52.75,2.25));
#7301=CARTESIAN_POINT('',(49.,52.75,1.5));
#7302=CARTESIAN_POINT('',(49.,52.75,3.));
#7303=CARTESIAN_POINT('',(50.,51.75,1.5));
#7304=CARTESIAN_POINT('Origin',(50.,52.75,1.5));
#7305=CARTESIAN_POINT('',(50.,51.75,3.));
#7306=CARTESIAN_POINT('Origin',(49.,51.75,3.));
#7307=CARTESIAN_POINT('',(27.5,51.75,2.25));
#7308=CARTESIAN_POINT('',(-0.200000000000014,51.75,1.5));
#7309=CARTESIAN_POINT('Origin',(47.,52.75,3.));
#7310=CARTESIAN_POINT('',(48.,52.75,2.25));
#7311=CARTESIAN_POINT('',(47.,51.75,2.25));
#7312=CARTESIAN_POINT('Origin',(47.,52.75,2.25));
#7313=CARTESIAN_POINT('',(47.,51.75,1.5));
#7314=CARTESIAN_POINT('',(47.,51.75,3.));
#7315=CARTESIAN_POINT('',(48.,52.75,1.5));
#7316=CARTESIAN_POINT('Origin',(47.,52.75,1.5));
#7317=CARTESIAN_POINT('',(48.,52.75,3.));
#7318=CARTESIAN_POINT('Origin',(48.,51.75,3.));
#7319=CARTESIAN_POINT('',(48.,75.5,1.5));
#7320=CARTESIAN_POINT('',(48.,151.199996620417,1.5));
#7321=CARTESIAN_POINT('',(48.,75.5,1.75));
#7322=CARTESIAN_POINT('',(48.,75.5,3.));
#7323=CARTESIAN_POINT('',(48.,75.5,2.25));
#7324=CARTESIAN_POINT('',(48.,75.5,1.5));
#7325=CARTESIAN_POINT('',(48.,73.125,2.25));
#7326=CARTESIAN_POINT('Origin',(47.,49.75,3.));
#7327=CARTESIAN_POINT('',(47.,50.75,2.25));
#7328=CARTESIAN_POINT('',(48.,49.75,2.25));
#7329=CARTESIAN_POINT('Origin',(47.,49.75,2.25));
#7330=CARTESIAN_POINT('',(48.,49.75,1.5));
#7331=CARTESIAN_POINT('',(48.,49.75,3.));
#7332=CARTESIAN_POINT('',(47.,50.75,1.5));
#7333=CARTESIAN_POINT('Origin',(47.,49.75,1.5));
#7334=CARTESIAN_POINT('',(47.,50.75,3.));
#7335=CARTESIAN_POINT('Origin',(48.,26.75,3.));
#7336=CARTESIAN_POINT('',(48.,27.75,2.25));
#7337=CARTESIAN_POINT('',(48.,60.625,2.25));
#7338=CARTESIAN_POINT('',(48.,27.75,1.5));
#7339=CARTESIAN_POINT('',(48.,27.75,3.));
#7340=CARTESIAN_POINT('',(48.,151.199996620417,1.5));
#7341=CARTESIAN_POINT('Origin',(6.00000000000001,94.5,2.25));
#7342=CARTESIAN_POINT('',(25.,50.75,2.25));
#7343=CARTESIAN_POINT('',(27.,50.75,2.25));
#7344=CARTESIAN_POINT('',(24.,49.75,2.25));
#7345=CARTESIAN_POINT('Origin',(25.,49.75,2.25));
#7346=CARTESIAN_POINT('',(24.,27.75,2.25));
#7347=CARTESIAN_POINT('',(24.,72.625,2.25));
#7348=CARTESIAN_POINT('',(25.,26.75,2.25));
#7349=CARTESIAN_POINT('Origin',(25.,27.75,2.25));
#7350=CARTESIAN_POINT('',(47.,26.75,2.25));
#7351=CARTESIAN_POINT('',(15.,26.75,2.25));
#7352=CARTESIAN_POINT('Origin',(47.,27.75,2.25));
#7353=CARTESIAN_POINT('Origin',(50.,49.75,3.));
#7354=CARTESIAN_POINT('',(50.,50.75,1.5));
#7355=CARTESIAN_POINT('',(50.,50.75,3.));
#7356=CARTESIAN_POINT('',(49.,49.75,1.5));
#7357=CARTESIAN_POINT('Origin',(50.,49.75,1.5));
#7358=CARTESIAN_POINT('',(49.,49.75,3.));
#7359=CARTESIAN_POINT('Origin',(49.,50.75,3.));
#7360=CARTESIAN_POINT('',(49.,27.75,1.5));
#7361=CARTESIAN_POINT('',(49.,1.3,1.5));
#7362=CARTESIAN_POINT('',(49.,27.75,3.));
#7363=CARTESIAN_POINT('Origin',(25.,52.75,3.));
#7364=CARTESIAN_POINT('',(25.,51.75,2.25));
#7365=CARTESIAN_POINT('',(24.,52.75,2.25));
#7366=CARTESIAN_POINT('Origin',(25.,52.75,2.25));
#7367=CARTESIAN_POINT('',(24.,52.75,1.5));
#7368=CARTESIAN_POINT('',(24.,52.75,3.));
#7369=CARTESIAN_POINT('',(25.,51.75,1.5));
#7370=CARTESIAN_POINT('Origin',(25.,52.75,1.5));
#7371=CARTESIAN_POINT('',(25.,51.75,3.));
#7372=CARTESIAN_POINT('Origin',(24.,51.75,3.));
#7373=CARTESIAN_POINT('',(15.,51.75,2.25));
#7374=CARTESIAN_POINT('',(-0.200000000000014,51.75,1.5));
#7375=CARTESIAN_POINT('Origin',(22.,52.75,3.));
#7376=CARTESIAN_POINT('',(23.,52.75,2.25));
#7377=CARTESIAN_POINT('',(22.,51.75,2.25));
#7378=CARTESIAN_POINT('Origin',(22.,52.75,2.25));
#7379=CARTESIAN_POINT('',(22.,51.75,1.5));
#7380=CARTESIAN_POINT('',(22.,51.75,3.));
#7381=CARTESIAN_POINT('',(23.,52.75,1.5));
#7382=CARTESIAN_POINT('Origin',(22.,52.75,1.5));
#7383=CARTESIAN_POINT('',(23.,52.75,3.));
#7384=CARTESIAN_POINT('Origin',(23.,51.75,3.));
#7385=CARTESIAN_POINT('',(23.,75.5,1.5));
#7386=CARTESIAN_POINT('',(23.,151.199996620417,1.5));
#7387=CARTESIAN_POINT('',(23.,75.5,1.75));
#7388=CARTESIAN_POINT('',(23.,75.5,3.));
#7389=CARTESIAN_POINT('',(23.,75.5,2.25));
#7390=CARTESIAN_POINT('',(23.,75.5,1.5));
#7391=CARTESIAN_POINT('',(23.,73.125,2.25));
#7392=CARTESIAN_POINT('Origin',(25.,49.75,3.));
#7393=CARTESIAN_POINT('',(25.,50.75,1.5));
#7394=CARTESIAN_POINT('',(25.,50.75,3.));
#7395=CARTESIAN_POINT('',(24.,49.75,1.5));
#7396=CARTESIAN_POINT('Origin',(25.,49.75,1.5));
#7397=CARTESIAN_POINT('',(24.,49.75,3.));
#7398=CARTESIAN_POINT('Origin',(24.,50.75,3.));
#7399=CARTESIAN_POINT('',(24.,27.75,1.5));
#7400=CARTESIAN_POINT('',(24.,1.3,1.5));
#7401=CARTESIAN_POINT('',(24.,27.75,3.));
#7402=CARTESIAN_POINT('Origin',(22.,49.75,3.));
#7403=CARTESIAN_POINT('',(22.,50.75,2.25));
#7404=CARTESIAN_POINT('',(23.,49.75,2.25));
#7405=CARTESIAN_POINT('Origin',(22.,49.75,2.25));
#7406=CARTESIAN_POINT('',(23.,49.75,1.5));
#7407=CARTESIAN_POINT('',(23.,49.75,3.));
#7408=CARTESIAN_POINT('',(22.,50.75,1.5));
#7409=CARTESIAN_POINT('Origin',(22.,49.75,1.5));
#7410=CARTESIAN_POINT('',(22.,50.75,3.));
#7411=CARTESIAN_POINT('Origin',(23.,26.75,3.));
#7412=CARTESIAN_POINT('',(23.,27.75,2.25));
#7413=CARTESIAN_POINT('',(23.,60.625,2.25));
#7414=CARTESIAN_POINT('',(23.,27.75,1.5));
#7415=CARTESIAN_POINT('',(23.,27.75,3.));
#7416=CARTESIAN_POINT('',(23.,151.199996620417,1.5));
#7417=CARTESIAN_POINT('Origin',(6.00000000000001,94.5,2.25));
#7418=CARTESIAN_POINT('',(14.5,50.75,2.25));
#7419=CARTESIAN_POINT('',(22.,26.75,2.25));
#7420=CARTESIAN_POINT('',(2.9,26.75,2.25));
#7421=CARTESIAN_POINT('Origin',(22.,27.75,2.25));
#7422=CARTESIAN_POINT('Origin',(25.,27.75,3.));
#7423=CARTESIAN_POINT('',(25.,26.75,1.5));
#7424=CARTESIAN_POINT('Origin',(25.,27.75,1.5));
#7425=CARTESIAN_POINT('',(25.,26.75,3.));
#7426=CARTESIAN_POINT('Origin',(22.,27.75,3.));
#7427=CARTESIAN_POINT('',(22.,26.75,1.5));
#7428=CARTESIAN_POINT('',(22.,26.75,3.));
#7429=CARTESIAN_POINT('Origin',(22.,27.75,1.5));
#7430=CARTESIAN_POINT('Origin',(25.,24.75,3.));
#7431=CARTESIAN_POINT('',(24.,24.75,2.25));
#7432=CARTESIAN_POINT('',(25.,25.75,2.25));
#7433=CARTESIAN_POINT('Origin',(25.,24.75,2.25));
#7434=CARTESIAN_POINT('',(25.,25.75,1.5));
#7435=CARTESIAN_POINT('',(25.,25.75,3.));
#7436=CARTESIAN_POINT('',(24.,24.75,1.5));
#7437=CARTESIAN_POINT('Origin',(25.,24.75,1.5));
#7438=CARTESIAN_POINT('',(24.,24.75,3.));
#7439=CARTESIAN_POINT('Origin',(48.,25.75,3.));
#7440=CARTESIAN_POINT('',(47.,25.75,2.25));
#7441=CARTESIAN_POINT('',(27.,25.75,2.25));
#7442=CARTESIAN_POINT('',(47.,25.75,1.5));
#7443=CARTESIAN_POINT('',(47.,25.75,3.));
#7444=CARTESIAN_POINT('',(97.2,25.75,1.5));
#7445=CARTESIAN_POINT('Origin',(6.00000000000001,94.5,2.25));
#7446=CARTESIAN_POINT('',(24.,1.3,2.25));
#7447=CARTESIAN_POINT('',(24.,60.125,2.25));
#7448=CARTESIAN_POINT('',(48.,1.3,2.25));
#7449=CARTESIAN_POINT('',(6.9,1.30000000000001,2.25));
#7450=CARTESIAN_POINT('',(48.,24.75,2.25));
#7451=CARTESIAN_POINT('',(48.,47.9,2.25));
#7452=CARTESIAN_POINT('Origin',(47.,24.75,2.25));
#7453=CARTESIAN_POINT('Origin',(22.,24.75,3.));
#7454=CARTESIAN_POINT('',(22.,25.75,2.25));
#7455=CARTESIAN_POINT('',(23.,24.75,2.25));
#7456=CARTESIAN_POINT('Origin',(22.,24.75,2.25));
#7457=CARTESIAN_POINT('',(23.,24.75,1.5));
#7458=CARTESIAN_POINT('',(23.,24.75,3.));
#7459=CARTESIAN_POINT('',(22.,25.75,1.5));
#7460=CARTESIAN_POINT('Origin',(22.,24.75,1.5));
#7461=CARTESIAN_POINT('',(22.,25.75,3.));
#7462=CARTESIAN_POINT('Origin',(6.00000000000001,94.5,2.25));
#7463=CARTESIAN_POINT('',(14.5,25.75,2.25));
#7464=CARTESIAN_POINT('',(7.79999999999999,9.3,2.25));
#7465=CARTESIAN_POINT('',(-0.200000000000014,9.3,2.25));
#7466=CARTESIAN_POINT('',(7.79999999999999,1.30000000000001,2.25));
#7467=CARTESIAN_POINT('',(7.79999999999999,9.3,2.25));
#7468=CARTESIAN_POINT('',(23.,1.3,2.25));
#7469=CARTESIAN_POINT('',(6.9,1.30000000000001,2.25));
#7470=CARTESIAN_POINT('',(23.,47.9,2.25));
#7471=CARTESIAN_POINT('Origin',(23.,25.75,3.));
#7472=CARTESIAN_POINT('',(97.2,25.75,1.5));
#7473=CARTESIAN_POINT('Origin',(50.,27.75,3.));
#7474=CARTESIAN_POINT('',(50.,26.75,1.5));
#7475=CARTESIAN_POINT('Origin',(50.,27.75,1.5));
#7476=CARTESIAN_POINT('',(50.,26.75,3.));
#7477=CARTESIAN_POINT('Origin',(47.,27.75,3.));
#7478=CARTESIAN_POINT('',(47.,26.75,1.5));
#7479=CARTESIAN_POINT('',(47.,26.75,3.));
#7480=CARTESIAN_POINT('Origin',(47.,27.75,1.5));
#7481=CARTESIAN_POINT('Origin',(50.,24.75,3.));
#7482=CARTESIAN_POINT('',(49.,24.75,2.25));
#7483=CARTESIAN_POINT('',(50.,25.75,2.25));
#7484=CARTESIAN_POINT('Origin',(50.,24.75,2.25));
#7485=CARTESIAN_POINT('',(50.,25.75,1.5));
#7486=CARTESIAN_POINT('',(50.,25.75,3.));
#7487=CARTESIAN_POINT('',(49.,24.75,1.5));
#7488=CARTESIAN_POINT('Origin',(50.,24.75,1.5));
#7489=CARTESIAN_POINT('',(49.,24.75,3.));
#7490=CARTESIAN_POINT('Origin',(73.,25.75,3.));
#7491=CARTESIAN_POINT('',(72.,25.75,2.25));
#7492=CARTESIAN_POINT('',(39.5,25.75,2.25));
#7493=CARTESIAN_POINT('',(72.,25.75,1.5));
#7494=CARTESIAN_POINT('',(72.,25.75,3.));
#7495=CARTESIAN_POINT('',(97.2,25.75,1.5));
#7496=CARTESIAN_POINT('Origin',(6.00000000000001,94.5,2.25));
#7497=CARTESIAN_POINT('',(49.,1.3,2.25));
#7498=CARTESIAN_POINT('',(49.,60.125,2.25));
#7499=CARTESIAN_POINT('',(73.,1.3,2.25));
#7500=CARTESIAN_POINT('',(6.9,1.30000000000001,2.25));
#7501=CARTESIAN_POINT('',(73.,24.75,2.25));
#7502=CARTESIAN_POINT('',(73.,47.9,2.25));
#7503=CARTESIAN_POINT('Origin',(72.,24.75,2.25));
#7504=CARTESIAN_POINT('Origin',(47.,24.75,3.));
#7505=CARTESIAN_POINT('',(48.,24.75,1.5));
#7506=CARTESIAN_POINT('',(48.,24.75,3.));
#7507=CARTESIAN_POINT('Origin',(47.,24.75,1.5));
#7508=CARTESIAN_POINT('Origin',(72.,27.75,3.));
#7509=CARTESIAN_POINT('',(72.,26.75,1.5));
#7510=CARTESIAN_POINT('',(72.,26.75,3.));
#7511=CARTESIAN_POINT('Origin',(72.,27.75,1.5));
#7512=CARTESIAN_POINT('Origin',(75.,27.75,3.));
#7513=CARTESIAN_POINT('',(74.,27.75,1.5));
#7514=CARTESIAN_POINT('',(74.,27.75,3.));
#7515=CARTESIAN_POINT('',(75.,26.75,1.5));
#7516=CARTESIAN_POINT('Origin',(75.,27.75,1.5));
#7517=CARTESIAN_POINT('',(75.,26.75,3.));
#7518=CARTESIAN_POINT('Origin',(74.,26.75,3.));
#7519=CARTESIAN_POINT('',(-0.200000000000014,26.75,1.5));
#7520=CARTESIAN_POINT('Origin',(72.,24.75,3.));
#7521=CARTESIAN_POINT('',(73.,24.75,1.5));
#7522=CARTESIAN_POINT('',(73.,24.75,3.));
#7523=CARTESIAN_POINT('Origin',(72.,24.75,1.5));
#7524=CARTESIAN_POINT('Origin',(75.,24.75,3.));
#7525=CARTESIAN_POINT('',(74.,24.75,2.25));
#7526=CARTESIAN_POINT('',(75.,25.75,2.25));
#7527=CARTESIAN_POINT('Origin',(75.,24.75,2.25));
#7528=CARTESIAN_POINT('',(75.,25.75,1.5));
#7529=CARTESIAN_POINT('',(75.,25.75,3.));
#7530=CARTESIAN_POINT('',(74.,24.75,1.5));
#7531=CARTESIAN_POINT('Origin',(75.,24.75,1.5));
#7532=CARTESIAN_POINT('',(74.,24.75,3.));
#7533=CARTESIAN_POINT('Origin',(6.00000000000001,94.5,2.25));
#7534=CARTESIAN_POINT('',(74.,1.3,2.25));
#7535=CARTESIAN_POINT('',(74.,60.125,2.25));
#7536=CARTESIAN_POINT('',(89.2,1.30000000000001,2.25));
#7537=CARTESIAN_POINT('',(6.9,1.30000000000001,2.25));
#7538=CARTESIAN_POINT('',(89.2,9.3,2.25));
#7539=CARTESIAN_POINT('',(89.2,1.3,2.25));
#7540=CARTESIAN_POINT('',(89.2,9.3,2.25));
#7541=CARTESIAN_POINT('',(51.6,25.75,2.25));
#7542=CARTESIAN_POINT('Origin',(74.,25.75,3.));
#7543=CARTESIAN_POINT('',(74.,1.3,1.5));
#7544=CARTESIAN_POINT('',(74.,1.3,1.5));
#7545=CARTESIAN_POINT('',(74.,1.3,2.25));
#7546=CARTESIAN_POINT('Origin',(48.,50.75,3.));
#7547=CARTESIAN_POINT('',(97.2,50.75,1.5));
#7548=CARTESIAN_POINT('Origin',(73.,50.75,3.));
#7549=CARTESIAN_POINT('',(97.2,50.75,1.5));
#7550=CARTESIAN_POINT('Origin',(23.,50.75,3.));
#7551=CARTESIAN_POINT('',(97.2,50.75,1.5));
#7552=CARTESIAN_POINT('Origin',(-0.200000000000014,51.75,3.));
#7553=CARTESIAN_POINT('',(2.9,51.75,2.25));
#7554=CARTESIAN_POINT('',(-0.200000000000014,51.75,1.5));
#7555=CARTESIAN_POINT('Origin',(23.,75.5,3.));
#7556=CARTESIAN_POINT('',(24.,75.5,1.75));
#7557=CARTESIAN_POINT('',(78.5,75.5,1.75));
#7558=CARTESIAN_POINT('',(24.,75.5,1.5));
#7559=CARTESIAN_POINT('',(78.5,75.5,1.5));
#7560=CARTESIAN_POINT('',(24.,75.5,3.));
#7561=CARTESIAN_POINT('Origin',(24.,75.5,3.));
#7562=CARTESIAN_POINT('',(24.,75.5,2.25));
#7563=CARTESIAN_POINT('',(24.,85.,2.25));
#7564=CARTESIAN_POINT('',(24.,75.5,1.5));
#7565=CARTESIAN_POINT('',(24.,1.3,1.5));
#7566=CARTESIAN_POINT('Origin',(48.,75.5,3.));
#7567=CARTESIAN_POINT('',(49.,75.5,1.75));
#7568=CARTESIAN_POINT('',(78.5,75.5,1.75));
#7569=CARTESIAN_POINT('',(49.,75.5,1.5));
#7570=CARTESIAN_POINT('',(78.5,75.5,1.5));
#7571=CARTESIAN_POINT('',(49.,75.5,3.));
#7572=CARTESIAN_POINT('Origin',(49.,75.5,3.));
#7573=CARTESIAN_POINT('',(49.,75.5,2.25));
#7574=CARTESIAN_POINT('',(49.,85.,2.25));
#7575=CARTESIAN_POINT('',(49.,75.5,1.5));
#7576=CARTESIAN_POINT('',(49.,1.3,1.5));
#7577=CARTESIAN_POINT('Origin',(73.,75.5,3.));
#7578=CARTESIAN_POINT('',(74.,75.5,1.75));
#7579=CARTESIAN_POINT('',(78.5,75.5,1.75));
#7580=CARTESIAN_POINT('',(74.,75.5,1.5));
#7581=CARTESIAN_POINT('',(78.5,75.5,1.5));
#7582=CARTESIAN_POINT('',(74.,75.5,3.));
#7583=CARTESIAN_POINT('Origin',(74.,75.5,3.));
#7584=CARTESIAN_POINT('',(74.,75.5,2.25));
#7585=CARTESIAN_POINT('',(74.,85.,2.25));
#7586=CARTESIAN_POINT('',(74.,75.5,1.5));
#7587=CARTESIAN_POINT('',(74.,1.3,1.5));
#7588=CARTESIAN_POINT('Origin',(24.,26.75,3.));
#7589=CARTESIAN_POINT('',(-0.200000000000014,26.75,1.5));
#7590=CARTESIAN_POINT('Origin',(49.,26.75,3.));
#7591=CARTESIAN_POINT('',(-0.200000000000014,26.75,1.5));
#7592=CARTESIAN_POINT('Origin',(-0.200000000000014,26.75,3.));
#7593=CARTESIAN_POINT('',(-0.200000000000014,26.75,1.5));
#7594=CARTESIAN_POINT('Origin',(23.,1.30000000000001,3.));
#7595=CARTESIAN_POINT('',(23.,1.3,1.5));
#7596=CARTESIAN_POINT('',(23.,1.3,2.25));
#7597=CARTESIAN_POINT('',(23.,151.199996620417,1.5));
#7598=CARTESIAN_POINT('Origin',(24.,25.75,3.));
#7599=CARTESIAN_POINT('',(24.,1.3,1.5));
#7600=CARTESIAN_POINT('',(24.,1.3,1.5));
#7601=CARTESIAN_POINT('',(24.,1.3,2.25));
#7602=CARTESIAN_POINT('Origin',(48.,1.30000000000001,3.));
#7603=CARTESIAN_POINT('',(48.,1.3,1.5));
#7604=CARTESIAN_POINT('',(48.,1.3,2.25));
#7605=CARTESIAN_POINT('',(48.,151.199996620417,1.5));
#7606=CARTESIAN_POINT('Origin',(49.,25.75,3.));
#7607=CARTESIAN_POINT('',(49.,1.3,1.5));
#7608=CARTESIAN_POINT('',(49.,1.3,1.5));
#7609=CARTESIAN_POINT('',(49.,1.3,2.25));
#7610=CARTESIAN_POINT('Origin',(73.,1.30000000000001,3.));
#7611=CARTESIAN_POINT('',(73.,1.3,1.5));
#7612=CARTESIAN_POINT('',(73.,1.3,2.25));
#7613=CARTESIAN_POINT('',(73.,151.199996620417,1.5));
#7614=CARTESIAN_POINT('Origin',(97.2,25.75,3.));
#7615=CARTESIAN_POINT('',(97.2,25.75,1.5));
#7616=CARTESIAN_POINT('Origin',(74.,50.75,3.));
#7617=CARTESIAN_POINT('',(74.,1.3,1.5));
#7618=CARTESIAN_POINT('Origin',(48.5,38.4,1.5));
#7619=CARTESIAN_POINT('',(28.15,1.3,1.5));
#7620=CARTESIAN_POINT('',(28.15,1.3,1.5));
#7621=CARTESIAN_POINT('',(28.15,1.3,1.5));
#7622=CARTESIAN_POINT('Origin',(49.,125.75,3.));
#7623=CARTESIAN_POINT('',(49.,115.5,1.75));
#7624=CARTESIAN_POINT('',(49.,110.625,1.75));
#7625=CARTESIAN_POINT('',(49.,115.5,1.5));
#7626=CARTESIAN_POINT('Origin',(24.,125.75,3.));
#7627=CARTESIAN_POINT('',(24.,115.5,1.75));
#7628=CARTESIAN_POINT('',(24.,110.625,1.75));
#7629=CARTESIAN_POINT('',(24.,115.5,1.5));
#7630=CARTESIAN_POINT('Origin',(74.,151.199996620417,3.));
#7631=CARTESIAN_POINT('Origin',(97.2,125.75,3.));
#7632=CARTESIAN_POINT('',(51.6,125.75,2.25));
#7633=CARTESIAN_POINT('Origin',(97.2,100.75,3.));
#7634=CARTESIAN_POINT('',(78.5,100.75,1.75));
#7635=CARTESIAN_POINT('',(72.85,100.75,1.75));
#7636=CARTESIAN_POINT('',(78.5,100.75,2.25));
#7637=CARTESIAN_POINT('',(78.5,100.75,1.5));
#7638=CARTESIAN_POINT('',(51.6,100.75,2.25));
#7639=CARTESIAN_POINT('Origin',(24.,126.75,3.));
#7640=CARTESIAN_POINT('Origin',(-0.200000000000014,126.75,3.));
#7641=CARTESIAN_POINT('Origin',(-0.200000000000014,101.75,3.));
#7642=CARTESIAN_POINT('',(18.5,101.75,1.5));
#7643=CARTESIAN_POINT('Origin',(23.,76.75,3.));
#7644=CARTESIAN_POINT('Origin',(97.2,75.75,3.));
#7645=CARTESIAN_POINT('',(18.5,75.75,2.25));
#7646=CARTESIAN_POINT('',(51.6,75.75,2.25));
#7647=CARTESIAN_POINT('',(18.5,75.75,1.75));
#7648=CARTESIAN_POINT('',(18.5,75.75,1.5));
#7649=CARTESIAN_POINT('',(78.5,75.75,1.75));
#7650=CARTESIAN_POINT('',(72.85,75.75,1.75));
#7651=CARTESIAN_POINT('',(78.5,75.75,2.25));
#7652=CARTESIAN_POINT('',(78.5,75.75,1.5));
#7653=CARTESIAN_POINT('',(51.6,75.75,2.25));
#7654=CARTESIAN_POINT('Origin',(78.5,75.5,0.));
#7655=CARTESIAN_POINT('',(78.5,75.5,2.25));
#7656=CARTESIAN_POINT('',(42.25,75.5,2.25));
#7657=CARTESIAN_POINT('',(78.5,75.5,1.75));
#7658=CARTESIAN_POINT('',(78.5,75.5,2.));
#7659=CARTESIAN_POINT('',(78.5,75.5,1.75));
#7660=CARTESIAN_POINT('Origin',(78.5,75.5,0.));
#7661=CARTESIAN_POINT('',(42.25,75.5,2.25));
#7662=CARTESIAN_POINT('',(78.5,75.5,1.75));
#7663=CARTESIAN_POINT('Origin',(78.5,75.5,0.));
#7664=CARTESIAN_POINT('',(42.25,75.5,2.25));
#7665=CARTESIAN_POINT('',(78.5,75.5,1.75));
#7666=CARTESIAN_POINT('Origin',(18.5,115.5,0.));
#7667=CARTESIAN_POINT('',(78.5,115.5,1.75));
#7668=CARTESIAN_POINT('',(18.5,115.5,1.75));
#7669=CARTESIAN_POINT('',(78.5,115.5,2.25));
#7670=CARTESIAN_POINT('',(78.5,115.5,0.));
#7671=CARTESIAN_POINT('',(12.25,115.5,2.25));
#7672=CARTESIAN_POINT('Origin',(18.5,115.5,0.));
#7673=CARTESIAN_POINT('',(18.5,115.5,0.));
#7674=CARTESIAN_POINT('Origin',(18.5,115.5,0.));
#7675=CARTESIAN_POINT('',(18.5,115.5,1.75));
#7676=CARTESIAN_POINT('Origin',(18.5,115.5,0.));
#7677=CARTESIAN_POINT('',(18.5,115.5,1.75));
#7678=CARTESIAN_POINT('Origin',(18.5,75.5,0.));
#7679=CARTESIAN_POINT('',(18.5,75.5,2.25));
#7680=CARTESIAN_POINT('',(18.5,85.,2.25));
#7681=CARTESIAN_POINT('',(18.5,75.5,1.75));
#7682=CARTESIAN_POINT('',(18.5,75.5,0.));
#7683=CARTESIAN_POINT('',(18.5,75.5,1.75));
#7684=CARTESIAN_POINT('Origin',(18.5,75.5,0.));
#7685=CARTESIAN_POINT('',(18.5,85.,2.25));
#7686=CARTESIAN_POINT('Origin',(78.5,115.5,0.));
#7687=CARTESIAN_POINT('',(78.5,115.5,1.75));
#7688=CARTESIAN_POINT('',(78.5,105.,2.25));
#7689=CARTESIAN_POINT('Origin',(78.5,115.5,0.));
#7690=CARTESIAN_POINT('',(78.5,115.5,1.75));
#7691=CARTESIAN_POINT('',(78.5,105.,2.25));
#7692=CARTESIAN_POINT('Origin',(78.5,115.5,0.));
#7693=CARTESIAN_POINT('',(78.5,105.,2.25));
#7694=CARTESIAN_POINT('',(78.5,115.5,1.75));
#7695=CARTESIAN_POINT('Origin',(6.00000000000001,94.5,2.25));
#7696=CARTESIAN_POINT('',(87.2,89.5,2.25));
#7697=CARTESIAN_POINT('',(46.6,89.5,2.25));
#7698=CARTESIAN_POINT('',(87.2,99.5,2.25));
#7699=CARTESIAN_POINT('',(87.2,97.,2.25));
#7700=CARTESIAN_POINT('',(51.6,99.5,2.25));
#7701=CARTESIAN_POINT('Origin',(6.00000000000001,94.5,2.25));
#7702=CARTESIAN_POINT('',(9.79999999999999,99.5,2.25));
#7703=CARTESIAN_POINT('',(7.9,99.5,2.25));
#7704=CARTESIAN_POINT('',(9.79999999999999,89.5,2.25));
#7705=CARTESIAN_POINT('',(9.79999999999999,92.,2.25));
#7706=CARTESIAN_POINT('',(2.9,89.5,2.25));
#7707=CARTESIAN_POINT('Origin',(6.00000000000001,94.5,2.25));
#7708=CARTESIAN_POINT('Origin',(6.00000000000001,94.5,2.25));
#7709=CARTESIAN_POINT('',(42.25,75.5,2.25));
#7710=CARTESIAN_POINT('Origin',(6.00000000000001,94.5,2.25));
#7711=CARTESIAN_POINT('Origin',(6.00000000000001,94.5,2.25));
#7712=CARTESIAN_POINT('Origin',(6.00000000000001,94.5,2.25));
#7713=CARTESIAN_POINT('Origin',(48.5,95.5,1.75));
#7714=CARTESIAN_POINT('Origin',(48.5,95.5,1.75));
#7715=CARTESIAN_POINT('Origin',(48.5,95.5,1.75));
#7716=CARTESIAN_POINT('Origin',(48.5,95.5,1.75));
#7717=CARTESIAN_POINT('',(78.5,75.5,1.75));
#7718=CARTESIAN_POINT('Origin',(48.5,95.5,1.75));
#7719=CARTESIAN_POINT('Origin',(48.5,95.5,1.75));
#7720=CARTESIAN_POINT('Origin',(48.5,95.5,1.75));
#7721=CARTESIAN_POINT('Origin',(2.5,4.,0.));
#7722=CARTESIAN_POINT('',(0.375,4.,1.25));
#7723=CARTESIAN_POINT('',(0.375,4.,0.));
#7724=CARTESIAN_POINT('Origin',(2.5,4.,1.25));
#7725=CARTESIAN_POINT('Origin',(2.5,4.,1.25));
#7726=CARTESIAN_POINT('',(1.25,4.,1.25));
#7727=CARTESIAN_POINT('Origin',(2.5,4.,1.25));
#7728=CARTESIAN_POINT('Origin',(94.5,4.,0.));
#7729=CARTESIAN_POINT('',(92.375,4.,1.25));
#7730=CARTESIAN_POINT('',(92.375,4.,0.));
#7731=CARTESIAN_POINT('Origin',(94.5,4.,1.25));
#7732=CARTESIAN_POINT('Origin',(94.5,4.,1.25));
#7733=CARTESIAN_POINT('',(93.25,4.,1.25));
#7734=CARTESIAN_POINT('Origin',(94.5,4.,1.25));
#7735=CARTESIAN_POINT('Origin',(94.5,4.,0.));
#7736=CARTESIAN_POINT('',(93.25,4.,2.1));
#7737=CARTESIAN_POINT('',(93.25,4.,0.));
#7738=CARTESIAN_POINT('Origin',(94.5,4.,2.1));
#7739=CARTESIAN_POINT('Origin',(2.5,4.,0.));
#7740=CARTESIAN_POINT('',(1.25,4.,2.1));
#7741=CARTESIAN_POINT('',(1.25,4.,0.));
#7742=CARTESIAN_POINT('Origin',(2.5,4.,2.1));
#7743=CARTESIAN_POINT('Origin',(3.79999999999999,3.8,7.1));
#7744=CARTESIAN_POINT('',(7.79999999999999,1.3,7.1));
#7745=CARTESIAN_POINT('',(7.79999999999999,1.3,7.1));
#7746=CARTESIAN_POINT('',(7.79999999999999,9.3,7.1));
#7747=CARTESIAN_POINT('',(7.79999999999999,9.3,7.1));
#7748=CARTESIAN_POINT('',(-0.200000000000014,9.3,7.1));
#7749=CARTESIAN_POINT('',(4.29999976978369,3.99908962715443,7.1));
#7750=CARTESIAN_POINT('',(3.39921147888067,2.44069928613841,7.1));
#7751=CARTESIAN_POINT('',(3.39921147888067,2.44069928613841,7.1));
#7752=CARTESIAN_POINT('',(1.59921170909698,2.44160965898397,7.1));
#7753=CARTESIAN_POINT('',(1.59921170909698,2.44160965898397,7.1));
#7754=CARTESIAN_POINT('',(0.700000230216347,4.00091037284556,7.1));
#7755=CARTESIAN_POINT('',(0.700000230216347,4.00091037284556,7.1));
#7756=CARTESIAN_POINT('',(1.60078852111937,5.55930071386159,7.1));
#7757=CARTESIAN_POINT('',(1.60078852111937,5.55930071386159,7.1));
#7758=CARTESIAN_POINT('',(3.40078829090302,5.55839034101602,7.1));
#7759=CARTESIAN_POINT('',(3.40078829090302,5.55839034101602,7.1));
#7760=CARTESIAN_POINT('',(4.29999976978369,3.99908962715443,7.1));
#7761=CARTESIAN_POINT('Origin',(92.2,94.5,7.1));
#7762=CARTESIAN_POINT('',(87.2,89.5,7.1));
#7763=CARTESIAN_POINT('',(97.2,89.5,7.1));
#7764=CARTESIAN_POINT('',(87.2,99.5,7.1));
#7765=CARTESIAN_POINT('',(87.2,99.5,7.1));
#7766=CARTESIAN_POINT('',(87.2,89.5,7.1));
#7767=CARTESIAN_POINT('',(90.1,96.058845726812,7.1));
#7768=CARTESIAN_POINT('',(91.9,96.058845726812,7.1));
#7769=CARTESIAN_POINT('',(91.9,96.058845726812,7.1));
#7770=CARTESIAN_POINT('',(92.8,94.5,7.1));
#7771=CARTESIAN_POINT('',(92.8,94.5,7.1));
#7772=CARTESIAN_POINT('',(91.9,92.941154273188,7.1));
#7773=CARTESIAN_POINT('',(91.9,92.941154273188,7.1));
#7774=CARTESIAN_POINT('',(90.1,92.941154273188,7.1));
#7775=CARTESIAN_POINT('',(90.1,92.941154273188,7.1));
#7776=CARTESIAN_POINT('',(89.2,94.5,7.1));
#7777=CARTESIAN_POINT('',(89.2,94.5,7.1));
#7778=CARTESIAN_POINT('',(90.1,96.058845726812,7.1));
#7779=CARTESIAN_POINT('Origin',(4.79999999999999,94.5,7.1));
#7780=CARTESIAN_POINT('',(9.79999999999999,89.5,7.1));
#7781=CARTESIAN_POINT('',(9.79999999999999,89.5,7.1));
#7782=CARTESIAN_POINT('',(9.79999999999999,99.5,7.1));
#7783=CARTESIAN_POINT('',(9.79999999999999,99.5,7.1));
#7784=CARTESIAN_POINT('',(-0.200000000000014,99.5,7.1));
#7785=CARTESIAN_POINT('',(5.10000000000001,96.058845726812,7.1));
#7786=CARTESIAN_POINT('',(6.90000000000001,96.058845726812,7.1));
#7787=CARTESIAN_POINT('',(6.90000000000001,96.058845726812,7.1));
#7788=CARTESIAN_POINT('',(7.8,94.5,7.1));
#7789=CARTESIAN_POINT('',(7.8,94.5,7.1));
#7790=CARTESIAN_POINT('',(6.9,92.941154273188,7.1));
#7791=CARTESIAN_POINT('',(6.9,92.941154273188,7.1));
#7792=CARTESIAN_POINT('',(5.10000000000001,92.941154273188,7.1));
#7793=CARTESIAN_POINT('',(5.10000000000001,92.941154273188,7.1));
#7794=CARTESIAN_POINT('',(4.20000000000001,94.5,7.1));
#7795=CARTESIAN_POINT('',(4.20000000000001,94.5,7.1));
#7796=CARTESIAN_POINT('',(5.10000000000001,96.058845726812,7.1));
#7797=CARTESIAN_POINT('Origin',(63.5,151.199996620417,6.));
#7798=CARTESIAN_POINT('',(63.5,139.2,6.));
#7799=CARTESIAN_POINT('',(63.5,146.7,6.));
#7800=CARTESIAN_POINT('',(63.5,139.2,7.1));
#7801=CARTESIAN_POINT('',(63.5,139.2,6.));
#7802=CARTESIAN_POINT('',(63.5,146.7,7.1));
#7803=CARTESIAN_POINT('Origin',(67.,144.2,7.1));
#7804=CARTESIAN_POINT('',(72.,139.2,7.1));
#7805=CARTESIAN_POINT('',(72.,139.2,7.1));
#7806=CARTESIAN_POINT('',(72.,149.2,7.1));
#7807=CARTESIAN_POINT('',(68.7999997697837,145.499089627154,7.1));
#7808=CARTESIAN_POINT('',(67.8992114788807,143.940699286138,7.1));
#7809=CARTESIAN_POINT('',(67.8992114788807,143.940699286138,7.1));
#7810=CARTESIAN_POINT('',(66.099211709097,143.941609658984,7.1));
#7811=CARTESIAN_POINT('',(66.099211709097,143.941609658984,7.1));
#7812=CARTESIAN_POINT('',(65.2000002302164,145.500910372846,7.1));
#7813=CARTESIAN_POINT('',(65.2000002302164,145.500910372846,7.1));
#7814=CARTESIAN_POINT('',(66.1007885211194,147.059300713862,7.1));
#7815=CARTESIAN_POINT('',(66.1007885211194,147.059300713862,7.1));
#7816=CARTESIAN_POINT('',(67.9007882909031,147.058390341016,7.1));
#7817=CARTESIAN_POINT('',(67.9007882909031,147.058390341016,7.1));
#7818=CARTESIAN_POINT('',(68.7999997697837,145.499089627154,7.1));
#7819=CARTESIAN_POINT('Origin',(93.2,3.8,7.1));
#7820=CARTESIAN_POINT('',(89.2,9.3,7.1));
#7821=CARTESIAN_POINT('',(89.2,9.3,7.1));
#7822=CARTESIAN_POINT('',(89.2,1.3,7.1));
#7823=CARTESIAN_POINT('',(89.2,1.3,7.1));
#7824=CARTESIAN_POINT('',(97.2,1.3,7.1));
#7825=CARTESIAN_POINT('',(96.2999997697837,3.99908962715443,7.1));
#7826=CARTESIAN_POINT('',(95.3992114788807,2.44069928613841,7.1));
#7827=CARTESIAN_POINT('',(95.3992114788807,2.44069928613841,7.1));
#7828=CARTESIAN_POINT('',(93.599211709097,2.44160965898397,7.1));
#7829=CARTESIAN_POINT('',(93.599211709097,2.44160965898397,7.1));
#7830=CARTESIAN_POINT('',(92.7000002302164,4.00091037284556,7.1));
#7831=CARTESIAN_POINT('',(92.7000002302164,4.00091037284556,7.1));
#7832=CARTESIAN_POINT('',(93.6007885211194,5.55930071386159,7.1));
#7833=CARTESIAN_POINT('',(93.6007885211194,5.55930071386159,7.1));
#7834=CARTESIAN_POINT('',(95.400788290903,5.55839034101602,7.1));
#7835=CARTESIAN_POINT('',(95.400788290903,5.55839034101602,7.1));
#7836=CARTESIAN_POINT('',(96.2999997697837,3.99908962715443,7.1));
#7837=CARTESIAN_POINT('Origin',(48.5,3.8,2.1));
#7838=CARTESIAN_POINT('',(93.6007885211194,5.55930071386159,2.1));
#7839=CARTESIAN_POINT('',(95.400788290903,5.55839034101602,2.1));
#7840=CARTESIAN_POINT('',(71.0508449231337,5.57070563549846,2.1));
#7841=CARTESIAN_POINT('',(92.7000002302164,4.00091037284556,2.1));
#7842=CARTESIAN_POINT('',(87.1217937496002,-5.64955154742503,2.1));
#7843=CARTESIAN_POINT('',(93.599211709097,2.44160965898397,2.1));
#7844=CARTESIAN_POINT('',(87.6777559331506,12.7098618281256,2.1));
#7845=CARTESIAN_POINT('',(95.3992114788807,2.44069928613841,2.1));
#7846=CARTESIAN_POINT('',(71.9492679960032,2.45255939419783,2.1));
#7847=CARTESIAN_POINT('',(96.2999997697837,3.99908962715443,2.1));
#7848=CARTESIAN_POINT('',(90.271399143716,-6.43056746362423,2.1));
#7849=CARTESIAN_POINT('',(89.9289382543966,15.046992153227,2.1));
#7850=CARTESIAN_POINT('Origin',(93.599211709097,2.44160965898397,1.5));
#7851=CARTESIAN_POINT('',(92.7000002302164,4.00091037284556,1.5));
#7852=CARTESIAN_POINT('',(93.599211709097,2.44160965898397,1.5));
#7853=CARTESIAN_POINT('Origin',(92.7000002302164,4.00091037284556,1.5));
#7854=CARTESIAN_POINT('',(93.6007885211194,5.55930071386159,1.5));
#7855=CARTESIAN_POINT('Origin',(93.6007885211194,5.55930071386159,1.5));
#7856=CARTESIAN_POINT('',(95.400788290903,5.55839034101602,1.5));
#7857=CARTESIAN_POINT('Origin',(48.5,3.8,2.1));
#7858=CARTESIAN_POINT('',(1.60078852111937,5.55930071386159,2.1));
#7859=CARTESIAN_POINT('',(3.40078829090302,5.55839034101602,2.1));
#7860=CARTESIAN_POINT('',(25.0508331565223,5.54744055464276,2.1));
#7861=CARTESIAN_POINT('',(0.700000230216347,4.00091037284556,2.1));
#7862=CARTESIAN_POINT('',(6.64194778394797,14.2806550898604,2.1));
#7863=CARTESIAN_POINT('',(1.59921170909698,2.44160965898397,2.1));
#7864=CARTESIAN_POINT('',(7.15761366541362,-7.19707972830394,2.1));
#7865=CARTESIAN_POINT('',(3.39921147888067,2.44069928613841,2.1));
#7866=CARTESIAN_POINT('',(25.9492562293918,2.42929431334259,2.1));
#7867=CARTESIAN_POINT('',(4.29999976978369,3.99908962715443,2.1));
#7868=CARTESIAN_POINT('',(9.79155317806389,13.4996391736614,2.1));
#7869=CARTESIAN_POINT('',(9.40879598666034,-4.85994940320289,2.1));
#7870=CARTESIAN_POINT('Origin',(1.59921170909698,2.44160965898397,1.5));
#7871=CARTESIAN_POINT('',(0.700000230216347,4.00091037284556,1.5));
#7872=CARTESIAN_POINT('',(1.59921170909698,2.44160965898397,1.5));
#7873=CARTESIAN_POINT('Origin',(0.700000230216347,4.00091037284556,1.5));
#7874=CARTESIAN_POINT('',(1.60078852111937,5.55930071386159,1.5));
#7875=CARTESIAN_POINT('Origin',(1.60078852111937,5.55930071386159,1.5));
#7876=CARTESIAN_POINT('',(3.40078829090302,5.55839034101602,1.5));
#7877=CARTESIAN_POINT('Origin',(91.,94.5,1.25));
#7878=CARTESIAN_POINT('',(88.75,94.5,1.25));
#7879=CARTESIAN_POINT('Origin',(91.,94.5,1.25));
#7880=CARTESIAN_POINT('',(89.75,94.5,1.25));
#7881=CARTESIAN_POINT('Origin',(91.,94.5,1.25));
#7882=CARTESIAN_POINT('Origin',(6.00000000000001,94.5,1.25));
#7883=CARTESIAN_POINT('',(3.75000000000001,94.5,1.25));
#7884=CARTESIAN_POINT('Origin',(6.00000000000001,94.5,1.25));
#7885=CARTESIAN_POINT('',(4.75000000000001,94.5,1.25));
#7886=CARTESIAN_POINT('Origin',(6.00000000000001,94.5,1.25));
#7887=CARTESIAN_POINT('Origin',(67.0000000000001,145.5,2.1));
#7888=CARTESIAN_POINT('',(68.7999997697837,145.499089627154,2.1));
#7889=CARTESIAN_POINT('',(67.8992114788807,143.940699286138,2.1));
#7890=CARTESIAN_POINT('',(67.8992114788807,143.940699286138,2.1));
#7891=CARTESIAN_POINT('',(67.9007882909031,147.058390341016,2.1));
#7892=CARTESIAN_POINT('',(68.7999997697837,145.499089627154,2.1));
#7893=CARTESIAN_POINT('',(66.1007885211194,147.059300713862,2.1));
#7894=CARTESIAN_POINT('',(67.9007882909031,147.058390341016,2.1));
#7895=CARTESIAN_POINT('',(65.2000002302164,145.500910372846,2.1));
#7896=CARTESIAN_POINT('',(66.1007885211194,147.059300713862,2.1));
#7897=CARTESIAN_POINT('',(66.099211709097,143.941609658984,2.1));
#7898=CARTESIAN_POINT('',(65.2000002302164,145.500910372846,2.1));
#7899=CARTESIAN_POINT('',(66.099211709097,143.941609658984,2.1));
#7900=CARTESIAN_POINT('Origin',(6.00000000000001,94.5,2.1));
#7901=CARTESIAN_POINT('',(89.2,94.5,2.1));
#7902=CARTESIAN_POINT('',(90.1,96.058845726812,2.1));
#7903=CARTESIAN_POINT('',(78.8,76.4866716012837,2.1));
#7904=CARTESIAN_POINT('',(90.1,92.941154273188,2.1));
#7905=CARTESIAN_POINT('',(79.25,111.73390553531,2.1));
#7906=CARTESIAN_POINT('',(91.9,92.941154273188,2.1));
#7907=CARTESIAN_POINT('',(48.95,92.941154273188,2.1));
#7908=CARTESIAN_POINT('',(92.8,94.5,2.1));
#7909=CARTESIAN_POINT('',(81.95,75.7072487378777,2.1));
#7910=CARTESIAN_POINT('',(91.9,96.058845726812,2.1));
#7911=CARTESIAN_POINT('',(81.5,114.072174125528,2.1));
#7912=CARTESIAN_POINT('',(48.05,96.058845726812,2.1));
#7913=CARTESIAN_POINT('',(89.75,94.5,2.1));
#7914=CARTESIAN_POINT('Origin',(91.,94.5,2.1));
#7915=CARTESIAN_POINT('Origin',(6.00000000000001,94.5,2.1));
#7916=CARTESIAN_POINT('',(4.20000000000001,94.5,2.1));
#7917=CARTESIAN_POINT('',(5.10000000000001,96.058845726812,2.1));
#7918=CARTESIAN_POINT('',(4.42500000000001,94.889711431703,2.1));
#7919=CARTESIAN_POINT('',(5.10000000000001,92.941154273188,2.1));
#7920=CARTESIAN_POINT('',(4.87500000000001,93.330865704891,2.1));
#7921=CARTESIAN_POINT('',(6.9,92.941154273188,2.1));
#7922=CARTESIAN_POINT('',(6.45,92.941154273188,2.1));
#7923=CARTESIAN_POINT('',(7.8,94.5,2.1));
#7924=CARTESIAN_POINT('',(7.575,94.110288568297,2.1));
#7925=CARTESIAN_POINT('',(6.90000000000001,96.058845726812,2.1));
#7926=CARTESIAN_POINT('',(7.12500000000001,95.669134295109,2.1));
#7927=CARTESIAN_POINT('',(5.55000000000001,96.058845726812,2.1));
#7928=CARTESIAN_POINT('',(4.75000000000001,94.5,2.1));
#7929=CARTESIAN_POINT('Origin',(6.00000000000001,94.5,2.1));
#7930=CARTESIAN_POINT('Origin',(62.75,146.7,5.25));
#7931=CARTESIAN_POINT('',(61.25,139.2,3.75));
#7932=CARTESIAN_POINT('Origin',(89.2,94.5,3.));
#7933=CARTESIAN_POINT('',(90.1,96.058845726812,3.));
#7934=CARTESIAN_POINT('',(89.2,94.5,3.));
#7935=CARTESIAN_POINT('Origin',(90.1,92.941154273188,3.));
#7936=CARTESIAN_POINT('',(90.1,92.941154273188,3.));
#7937=CARTESIAN_POINT('Origin',(91.9,92.941154273188,3.));
#7938=CARTESIAN_POINT('',(91.9,92.941154273188,3.));
#7939=CARTESIAN_POINT('Origin',(92.8,94.5,3.));
#7940=CARTESIAN_POINT('',(92.8,94.5,3.));
#7941=CARTESIAN_POINT('Origin',(91.9,96.058845726812,3.));
#7942=CARTESIAN_POINT('',(91.9,96.058845726812,3.));
#7943=CARTESIAN_POINT('Origin',(90.1,96.058845726812,3.));
#7944=CARTESIAN_POINT('Origin',(87.2,99.5,3.));
#7945=CARTESIAN_POINT('',(87.2,89.5,3.));
#7946=CARTESIAN_POINT('',(87.2,99.5,3.));
#7947=CARTESIAN_POINT('Origin',(97.2,99.5,3.));
#7948=CARTESIAN_POINT('Origin',(87.2,89.5,3.));
#7949=CARTESIAN_POINT('Origin',(4.20000000000001,94.5,3.));
#7950=CARTESIAN_POINT('',(5.10000000000001,96.058845726812,3.));
#7951=CARTESIAN_POINT('',(4.20000000000001,94.5,3.));
#7952=CARTESIAN_POINT('Origin',(5.10000000000001,92.941154273188,3.));
#7953=CARTESIAN_POINT('',(5.10000000000001,92.941154273188,3.));
#7954=CARTESIAN_POINT('Origin',(6.9,92.941154273188,3.));
#7955=CARTESIAN_POINT('',(6.9,92.941154273188,3.));
#7956=CARTESIAN_POINT('Origin',(7.8,94.5,3.));
#7957=CARTESIAN_POINT('',(7.8,94.5,3.));
#7958=CARTESIAN_POINT('Origin',(6.90000000000001,96.058845726812,3.));
#7959=CARTESIAN_POINT('',(6.90000000000001,96.058845726812,3.));
#7960=CARTESIAN_POINT('Origin',(5.10000000000001,96.058845726812,3.));
#7961=CARTESIAN_POINT('Origin',(9.79999999999999,99.5,3.));
#7962=CARTESIAN_POINT('',(9.79999999999999,99.5,3.));
#7963=CARTESIAN_POINT('Origin',(9.79999999999999,89.5,3.));
#7964=CARTESIAN_POINT('',(9.79999999999999,89.5,3.));
#7965=CARTESIAN_POINT('Origin',(-0.200000000000014,89.5,3.));
#7966=CARTESIAN_POINT('Origin',(97.2,9.3,0.));
#7967=CARTESIAN_POINT('',(89.2,9.3,0.));
#7968=CARTESIAN_POINT('Origin',(7.79999999999999,9.3,0.));
#7969=CARTESIAN_POINT('',(7.79999999999999,9.3,3.));
#7970=CARTESIAN_POINT('Origin',(89.2,6.3,1.5));
#7971=CARTESIAN_POINT('',(89.2,1.3,2.25));
#7972=CARTESIAN_POINT('Origin',(95.400788290903,5.55839034101602,1.5));
#7973=CARTESIAN_POINT('',(96.2999997697837,3.99908962715443,1.5));
#7974=CARTESIAN_POINT('Origin',(95.3992114788807,2.44069928613841,1.5));
#7975=CARTESIAN_POINT('',(95.3992114788807,2.44069928613841,1.5));
#7976=CARTESIAN_POINT('Origin',(96.2999997697837,3.99908962715443,1.5));
#7977=CARTESIAN_POINT('Origin',(3.40078829090302,5.55839034101602,1.5));
#7978=CARTESIAN_POINT('',(4.29999976978369,3.99908962715443,1.5));
#7979=CARTESIAN_POINT('Origin',(3.39921147888067,2.44069928613841,1.5));
#7980=CARTESIAN_POINT('',(3.39921147888067,2.44069928613841,1.5));
#7981=CARTESIAN_POINT('Origin',(4.29999976978369,3.99908962715443,1.5));
#7982=CARTESIAN_POINT('Origin',(7.79999999999999,1.3,1.5));
#7983=CARTESIAN_POINT('',(7.79999999999999,1.3,1.5));
#7984=CARTESIAN_POINT('Origin',(7.79999999999999,1.3,1.5));
#7985=CARTESIAN_POINT('Origin',(62.,139.2,0.));
#7986=CARTESIAN_POINT('',(72.,139.2,0.));
#7987=CARTESIAN_POINT('Origin',(66.1007885211194,147.059300713862,0.));
#7988=CARTESIAN_POINT('',(67.9007882909031,147.058390341016,2.5));
#7989=CARTESIAN_POINT('',(66.1007885211194,147.059300713862,0.));
#7990=CARTESIAN_POINT('Origin',(67.9007882909031,147.058390341016,0.));
#7991=CARTESIAN_POINT('',(68.7999997697837,145.499089627154,2.5));
#7992=CARTESIAN_POINT('Origin',(68.7999997697837,145.499089627154,0.));
#7993=CARTESIAN_POINT('',(67.8992114788807,143.940699286138,0.));
#7994=CARTESIAN_POINT('Origin',(65.2000002302164,145.500910372846,0.));
#7995=CARTESIAN_POINT('',(65.2000002302164,145.500910372846,0.));
#7996=CARTESIAN_POINT('Origin',(66.099211709097,143.941609658984,0.));
#7997=CARTESIAN_POINT('',(66.099211709097,143.941609658984,0.));
#7998=CARTESIAN_POINT('Origin',(67.8992114788807,143.940699286138,0.));
#7999=CARTESIAN_POINT('Origin',(72.,139.2,0.));
#8000=CARTESIAN_POINT('Origin',(78.5,75.5,0.));
#8001=CARTESIAN_POINT('Origin',(6.00000000000001,94.5,0.));
#8002=CARTESIAN_POINT('',(3.75000000000001,94.5,0.));
#8003=CARTESIAN_POINT('Origin',(91.,94.5,0.));
#8004=CARTESIAN_POINT('',(88.75,94.5,0.));
#8005=CARTESIAN_POINT('Origin',(18.5,75.5,0.));
#8006=CARTESIAN_POINT('Origin',(91.,94.5,1.5));
#8007=CARTESIAN_POINT('',(89.75,94.5,1.5));
#8008=CARTESIAN_POINT('Origin',(6.00000000000001,94.5,1.5));
#8009=CARTESIAN_POINT('',(4.75000000000001,94.5,1.5));
#8010=UNCERTAINTY_MEASURE_WITH_UNIT(LENGTH_MEASURE(0.01),#8014,
'DISTANCE_ACCURACY_VALUE',
'Maximum model space distance between geometric entities at asserted c
onnectivities');
#8011=UNCERTAINTY_MEASURE_WITH_UNIT(LENGTH_MEASURE(0.01),#8014,
'DISTANCE_ACCURACY_VALUE',
'Maximum model space distance between geometric entities at asserted c
onnectivities');
#8012=(
GEOMETRIC_REPRESENTATION_CONTEXT(3)
GLOBAL_UNCERTAINTY_ASSIGNED_CONTEXT((#8010))
GLOBAL_UNIT_ASSIGNED_CONTEXT((#8014,#8016,#8017))
REPRESENTATION_CONTEXT('','3D')
);
#8013=(
GEOMETRIC_REPRESENTATION_CONTEXT(3)
GLOBAL_UNCERTAINTY_ASSIGNED_CONTEXT((#8011))
GLOBAL_UNIT_ASSIGNED_CONTEXT((#8014,#8016,#8017))
REPRESENTATION_CONTEXT('','3D')
);
#8014=(
LENGTH_UNIT()
NAMED_UNIT(*)
SI_UNIT(.MILLI.,.METRE.)
);
#8015=(
LENGTH_UNIT()
NAMED_UNIT(*)
SI_UNIT($,.METRE.)
);
#8016=(
NAMED_UNIT(*)
PLANE_ANGLE_UNIT()
SI_UNIT($,.RADIAN.)
);
#8017=(
NAMED_UNIT(*)
SI_UNIT($,.STERADIAN.)
SOLID_ANGLE_UNIT()
);
#8018=SHAPE_DEFINITION_REPRESENTATION(#8019,#8020);
#8019=PRODUCT_DEFINITION_SHAPE('',$,#8022);
#8020=SHAPE_REPRESENTATION('',(#4892),#8012);
#8021=PRODUCT_DEFINITION_CONTEXT('part definition',#8026,'design');
#8022=PRODUCT_DEFINITION('bot2','bot2 v15',#8023,#8021);
#8023=PRODUCT_DEFINITION_FORMATION('',$,#8028);
#8024=PRODUCT_RELATED_PRODUCT_CATEGORY('bot2 v15','bot2 v15',(#8028));
#8025=APPLICATION_PROTOCOL_DEFINITION('international standard',
'automotive_design',2009,#8026);
#8026=APPLICATION_CONTEXT(
'Core Data for Automotive Mechanical Design Process');
#8027=PRODUCT_CONTEXT('part definition',#8026,'mechanical');
#8028=PRODUCT('bot2','bot2 v15',$,(#8027));
#8029=PRESENTATION_STYLE_ASSIGNMENT((#8031));
#8030=PRESENTATION_STYLE_ASSIGNMENT((#8032));
#8031=SURFACE_STYLE_USAGE(.BOTH.,#8033);
#8032=SURFACE_STYLE_USAGE(.BOTH.,#8034);
#8033=SURFACE_SIDE_STYLE('',(#8035));
#8034=SURFACE_SIDE_STYLE('',(#8036));
#8035=SURFACE_STYLE_FILL_AREA(#8037);
#8036=SURFACE_STYLE_FILL_AREA(#8038);
#8037=FILL_AREA_STYLE('Steel - Satin',(#8039));
#8038=FILL_AREA_STYLE('Plastic - Glossy (Black)',(#8040));
#8039=FILL_AREA_STYLE_COLOUR('Steel - Satin',#8041);
#8040=FILL_AREA_STYLE_COLOUR('Plastic - Glossy (Black)',#8042);
#8041=COLOUR_RGB('Steel - Satin',0.627450980392157,0.627450980392157,0.627450980392157);
#8042=COLOUR_RGB('Plastic - Glossy (Black)',0.0980392156862745,0.0980392156862745,
0.0980392156862745);
ENDSEC;
END-ISO-10303-21;
