ISO-10303-21;
HEADER;
/* Generated by software containing ST-Developer
 * from STEP Tools, Inc. (www.steptools.com) 
 */

FILE_DESCRIPTION(
/* description */ (''),
/* implementation_level */ '2;1');

FILE_NAME(
/* name */ 'top2.step',
/* time_stamp */ '2026-01-04T15:24:34-08:00',
/* author */ (''),
/* organization */ (''),
/* preprocessor_version */ 'ST-DEVELOPER v20.1',
/* originating_system */ 'Autodesk Translation Framework v14.21.0.0',
/* authorisation */ '');

FILE_SCHEMA (('AUTOMOTIVE_DESIGN { 1 0 10303 214 3 1 1 }'));
ENDSEC;

DATA;
#10=MECHANICAL_DESIGN_GEOMETRIC_PRESENTATION_REPRESENTATION('',(#13,#14),
#4905);
#11=SHAPE_REPRESENTATION_RELATIONSHIP('SRR','None',#4912,#12);
#12=ADVANCED_BREP_SHAPE_REPRESENTATION('',(#15,#16),#4904);
#13=STYLED_ITEM('',(#4921),#15);
#14=STYLED_ITEM('',(#4921),#16);
#15=MANIFOLD_SOLID_BREP('Body1',#2919);
#16=MANIFOLD_SOLID_BREP('Body24',#2920);
#17=CONICAL_SURFACE('',#3079,1.675,0.785398163397455);
#18=CONICAL_SURFACE('',#3086,1.675,0.785398163397447);
#19=(
BOUNDED_SURFACE()
B_SPLINE_SURFACE(2,2,((#4282,#4283,#4284),(#4285,#4286,#4287),(#4288,#4289,
#4290)),.UNSPECIFIED.,.F.,.F.,.F.)
B_SPLINE_SURFACE_WITH_KNOTS((3,3),(3,3),(-1.5707963267949,0.),(-1.5707963267949,
0.),.UNSPECIFIED.)
GEOMETRIC_REPRESENTATION_ITEM()
RATIONAL_B_SPLINE_SURFACE(((1.,0.707106781186548,1.),(0.707106781186546,
0.499999999999999,0.707106781186546),(1.,0.707106781186548,1.)))
REPRESENTATION_ITEM('')
SURFACE()
);
#20=(
BOUNDED_SURFACE()
B_SPLINE_SURFACE(2,2,((#4298,#4299,#4300),(#4301,#4302,#4303),(#4304,#4305,
#4306)),.UNSPECIFIED.,.F.,.F.,.F.)
B_SPLINE_SURFACE_WITH_KNOTS((3,3),(3,3),(-1.5707963267949,0.),(-3.14159265358979,
-1.5707963267949),.UNSPECIFIED.)
GEOMETRIC_REPRESENTATION_ITEM()
RATIONAL_B_SPLINE_SURFACE(((1.,0.707106781186548,1.),(0.707106781186543,
0.499999999999997,0.707106781186543),(1.,0.707106781186548,1.)))
REPRESENTATION_ITEM('')
SURFACE()
);
#21=(
BOUNDED_SURFACE()
B_SPLINE_SURFACE(2,2,((#4314,#4315,#4316),(#4317,#4318,#4319),(#4320,#4321,
#4322)),.UNSPECIFIED.,.F.,.F.,.F.)
B_SPLINE_SURFACE_WITH_KNOTS((3,3),(3,3),(-1.5707963267949,0.),(0.,1.5707963267949),
 .UNSPECIFIED.)
GEOMETRIC_REPRESENTATION_ITEM()
RATIONAL_B_SPLINE_SURFACE(((1.,0.707106781186548,1.),(0.707106781186547,
0.5,0.707106781186547),(1.,0.707106781186548,1.)))
REPRESENTATION_ITEM('')
SURFACE()
);
#22=(
BOUNDED_SURFACE()
B_SPLINE_SURFACE(2,2,((#4334,#4335,#4336),(#4337,#4338,#4339),(#4340,#4341,
#4342)),.UNSPECIFIED.,.F.,.F.,.F.)
B_SPLINE_SURFACE_WITH_KNOTS((3,3),(3,3),(-1.5707963267949,0.),(1.5707963267949,
3.14159265358979),.UNSPECIFIED.)
GEOMETRIC_REPRESENTATION_ITEM()
RATIONAL_B_SPLINE_SURFACE(((1.,0.707106781186548,1.),(0.707106781186543,
0.499999999999997,0.707106781186543),(1.,0.707106781186548,1.)))
REPRESENTATION_ITEM('')
SURFACE()
);
#23=ELLIPSE('',#2981,2.54950975679639,2.5);
#24=ELLIPSE('',#2982,2.54950975679639,2.5);
#25=ELLIPSE('',#2984,2.54950975679639,2.5);
#26=ELLIPSE('',#2985,2.54950975679639,2.5);
#27=B_SPLINE_SURFACE_WITH_KNOTS('',3,3,((#4190,#4191,#4192,#4193,#4194,
#4195,#4196),(#4197,#4198,#4199,#4200,#4201,#4202,#4203),(#4204,#4205,#4206,
#4207,#4208,#4209,#4210),(#4211,#4212,#4213,#4214,#4215,#4216,#4217),(#4218,
#4219,#4220,#4221,#4222,#4223,#4224)),.UNSPECIFIED.,.F.,.F.,.F.,(4,1,4),
(4,1,1,1,4),(0.,0.571428571428571,1.),(0.,0.224399475256414,0.673198425769241,
1.12199737628207,1.5707963267949),.UNSPECIFIED.);
#28=B_SPLINE_SURFACE_WITH_KNOTS('',3,3,((#4230,#4231,#4232,#4233,#4234,
#4235,#4236),(#4237,#4238,#4239,#4240,#4241,#4242,#4243),(#4244,#4245,#4246,
#4247,#4248,#4249,#4250),(#4251,#4252,#4253,#4254,#4255,#4256,#4257),(#4258,
#4259,#4260,#4261,#4262,#4263,#4264)),.UNSPECIFIED.,.F.,.F.,.F.,(4,1,4),
(4,1,1,1,4),(0.,0.571428571428571,1.),(0.,0.224399475256414,0.673198425769241,
1.12199737628207,1.5707963267949),.UNSPECIFIED.);
#29=TOROIDAL_SURFACE('',#2964,4.5,2.5);
#30=TOROIDAL_SURFACE('',#2968,4.5,2.5);
#31=B_SPLINE_CURVE_WITH_KNOTS('',3,(#4036,#4037,#4038,#4039,#4040,#4041,
#4042,#4043,#4044,#4045),.UNSPECIFIED.,.F.,.F.,(4,2,2,2,4),(0.,0.133057629620758,
0.266115259241517,0.356796605518158,0.447477951794799),.UNSPECIFIED.);
#32=B_SPLINE_CURVE_WITH_KNOTS('',3,(#4077,#4078,#4079,#4080,#4081,#4082,
#4083,#4084,#4085,#4086),.UNSPECIFIED.,.F.,.F.,(4,2,2,2,4),(1.06889088882415,
1.15957223510079,1.25025358137743,1.38331121099819,1.51636884061895),
 .UNSPECIFIED.);
#33=FACE_BOUND('',#318,.T.);
#34=FACE_BOUND('',#319,.T.);
#35=FACE_BOUND('',#361,.T.);
#36=FACE_BOUND('',#363,.T.);
#37=FACE_BOUND('',#385,.T.);
#38=FACE_BOUND('',#401,.T.);
#39=FACE_BOUND('',#412,.T.);
#40=FACE_BOUND('',#416,.T.);
#41=FACE_BOUND('',#451,.T.);
#42=FACE_BOUND('',#462,.T.);
#43=PLANE('',#2937);
#44=PLANE('',#2938);
#45=PLANE('',#2948);
#46=PLANE('',#2957);
#47=PLANE('',#2960);
#48=PLANE('',#2963);
#49=PLANE('',#2972);
#50=PLANE('',#2973);
#51=PLANE('',#2974);
#52=PLANE('',#2975);
#53=PLANE('',#2976);
#54=PLANE('',#2977);
#55=PLANE('',#2978);
#56=PLANE('',#2979);
#57=PLANE('',#2980);
#58=PLANE('',#3012);
#59=PLANE('',#3015);
#60=PLANE('',#3016);
#61=PLANE('',#3017);
#62=PLANE('',#3022);
#63=PLANE('',#3027);
#64=PLANE('',#3028);
#65=PLANE('',#3029);
#66=PLANE('',#3030);
#67=PLANE('',#3031);
#68=PLANE('',#3032);
#69=PLANE('',#3035);
#70=PLANE('',#3040);
#71=PLANE('',#3041);
#72=PLANE('',#3044);
#73=PLANE('',#3045);
#74=PLANE('',#3048);
#75=PLANE('',#3051);
#76=PLANE('',#3054);
#77=PLANE('',#3056);
#78=PLANE('',#3058);
#79=PLANE('',#3059);
#80=PLANE('',#3061);
#81=PLANE('',#3062);
#82=PLANE('',#3063);
#83=PLANE('',#3064);
#84=PLANE('',#3065);
#85=PLANE('',#3066);
#86=PLANE('',#3067);
#87=PLANE('',#3068);
#88=PLANE('',#3069);
#89=PLANE('',#3072);
#90=PLANE('',#3073);
#91=PLANE('',#3074);
#92=PLANE('',#3075);
#93=PLANE('',#3076);
#94=PLANE('',#3077);
#95=PLANE('',#3078);
#96=PLANE('',#3082);
#97=PLANE('',#3089);
#98=PLANE('',#3093);
#99=PLANE('',#3094);
#100=PLANE('',#3095);
#101=PLANE('',#3096);
#102=PLANE('',#3097);
#103=PLANE('',#3098);
#104=PLANE('',#3099);
#105=PLANE('',#3100);
#106=PLANE('',#3101);
#107=PLANE('',#3102);
#108=PLANE('',#3105);
#109=PLANE('',#3109);
#110=PLANE('',#3110);
#111=PLANE('',#3112);
#112=PLANE('',#3115);
#113=PLANE('',#3116);
#114=PLANE('',#3117);
#115=PLANE('',#3118);
#116=PLANE('',#3119);
#117=PLANE('',#3120);
#118=PLANE('',#3121);
#119=PLANE('',#3122);
#120=PLANE('',#3123);
#121=PLANE('',#3124);
#122=PLANE('',#3125);
#123=PLANE('',#3126);
#124=PLANE('',#3127);
#125=PLANE('',#3128);
#126=PLANE('',#3129);
#127=PLANE('',#3130);
#128=PLANE('',#3131);
#129=PLANE('',#3132);
#130=PLANE('',#3133);
#131=PLANE('',#3134);
#132=PLANE('',#3135);
#133=PLANE('',#3136);
#134=PLANE('',#3137);
#135=PLANE('',#3138);
#136=PLANE('',#3139);
#137=PLANE('',#3140);
#138=PLANE('',#3141);
#139=PLANE('',#3142);
#140=PLANE('',#3143);
#141=PLANE('',#3144);
#142=PLANE('',#3145);
#143=PLANE('',#3146);
#144=PLANE('',#3147);
#145=PLANE('',#3148);
#146=PLANE('',#3149);
#147=PLANE('',#3150);
#148=PLANE('',#3151);
#149=PLANE('',#3152);
#150=PLANE('',#3153);
#151=PLANE('',#3154);
#152=PLANE('',#3155);
#153=PLANE('',#3156);
#154=PLANE('',#3157);
#155=PLANE('',#3158);
#156=PLANE('',#3159);
#157=FACE_OUTER_BOUND('',#315,.T.);
#158=FACE_OUTER_BOUND('',#316,.T.);
#159=FACE_OUTER_BOUND('',#317,.T.);
#160=FACE_OUTER_BOUND('',#320,.T.);
#161=FACE_OUTER_BOUND('',#321,.T.);
#162=FACE_OUTER_BOUND('',#322,.T.);
#163=FACE_OUTER_BOUND('',#323,.T.);
#164=FACE_OUTER_BOUND('',#324,.T.);
#165=FACE_OUTER_BOUND('',#325,.T.);
#166=FACE_OUTER_BOUND('',#326,.T.);
#167=FACE_OUTER_BOUND('',#327,.T.);
#168=FACE_OUTER_BOUND('',#328,.T.);
#169=FACE_OUTER_BOUND('',#329,.T.);
#170=FACE_OUTER_BOUND('',#330,.T.);
#171=FACE_OUTER_BOUND('',#331,.T.);
#172=FACE_OUTER_BOUND('',#332,.T.);
#173=FACE_OUTER_BOUND('',#333,.T.);
#174=FACE_OUTER_BOUND('',#334,.T.);
#175=FACE_OUTER_BOUND('',#335,.T.);
#176=FACE_OUTER_BOUND('',#336,.T.);
#177=FACE_OUTER_BOUND('',#337,.T.);
#178=FACE_OUTER_BOUND('',#338,.T.);
#179=FACE_OUTER_BOUND('',#339,.T.);
#180=FACE_OUTER_BOUND('',#340,.T.);
#181=FACE_OUTER_BOUND('',#341,.T.);
#182=FACE_OUTER_BOUND('',#342,.T.);
#183=FACE_OUTER_BOUND('',#343,.T.);
#184=FACE_OUTER_BOUND('',#344,.T.);
#185=FACE_OUTER_BOUND('',#345,.T.);
#186=FACE_OUTER_BOUND('',#346,.T.);
#187=FACE_OUTER_BOUND('',#347,.T.);
#188=FACE_OUTER_BOUND('',#348,.T.);
#189=FACE_OUTER_BOUND('',#349,.T.);
#190=FACE_OUTER_BOUND('',#350,.T.);
#191=FACE_OUTER_BOUND('',#351,.T.);
#192=FACE_OUTER_BOUND('',#352,.T.);
#193=FACE_OUTER_BOUND('',#353,.T.);
#194=FACE_OUTER_BOUND('',#354,.T.);
#195=FACE_OUTER_BOUND('',#355,.T.);
#196=FACE_OUTER_BOUND('',#356,.T.);
#197=FACE_OUTER_BOUND('',#357,.T.);
#198=FACE_OUTER_BOUND('',#358,.T.);
#199=FACE_OUTER_BOUND('',#359,.T.);
#200=FACE_OUTER_BOUND('',#360,.T.);
#201=FACE_OUTER_BOUND('',#362,.T.);
#202=FACE_OUTER_BOUND('',#364,.T.);
#203=FACE_OUTER_BOUND('',#365,.T.);
#204=FACE_OUTER_BOUND('',#366,.T.);
#205=FACE_OUTER_BOUND('',#367,.T.);
#206=FACE_OUTER_BOUND('',#368,.T.);
#207=FACE_OUTER_BOUND('',#369,.T.);
#208=FACE_OUTER_BOUND('',#370,.T.);
#209=FACE_OUTER_BOUND('',#371,.T.);
#210=FACE_OUTER_BOUND('',#372,.T.);
#211=FACE_OUTER_BOUND('',#373,.T.);
#212=FACE_OUTER_BOUND('',#374,.T.);
#213=FACE_OUTER_BOUND('',#375,.T.);
#214=FACE_OUTER_BOUND('',#376,.T.);
#215=FACE_OUTER_BOUND('',#377,.T.);
#216=FACE_OUTER_BOUND('',#378,.T.);
#217=FACE_OUTER_BOUND('',#379,.T.);
#218=FACE_OUTER_BOUND('',#380,.T.);
#219=FACE_OUTER_BOUND('',#381,.T.);
#220=FACE_OUTER_BOUND('',#382,.T.);
#221=FACE_OUTER_BOUND('',#383,.T.);
#222=FACE_OUTER_BOUND('',#384,.T.);
#223=FACE_OUTER_BOUND('',#386,.T.);
#224=FACE_OUTER_BOUND('',#387,.T.);
#225=FACE_OUTER_BOUND('',#388,.T.);
#226=FACE_OUTER_BOUND('',#389,.T.);
#227=FACE_OUTER_BOUND('',#390,.T.);
#228=FACE_OUTER_BOUND('',#391,.T.);
#229=FACE_OUTER_BOUND('',#392,.T.);
#230=FACE_OUTER_BOUND('',#393,.T.);
#231=FACE_OUTER_BOUND('',#394,.T.);
#232=FACE_OUTER_BOUND('',#395,.T.);
#233=FACE_OUTER_BOUND('',#396,.T.);
#234=FACE_OUTER_BOUND('',#397,.T.);
#235=FACE_OUTER_BOUND('',#398,.T.);
#236=FACE_OUTER_BOUND('',#399,.T.);
#237=FACE_OUTER_BOUND('',#400,.T.);
#238=FACE_OUTER_BOUND('',#402,.T.);
#239=FACE_OUTER_BOUND('',#403,.T.);
#240=FACE_OUTER_BOUND('',#404,.T.);
#241=FACE_OUTER_BOUND('',#405,.T.);
#242=FACE_OUTER_BOUND('',#406,.T.);
#243=FACE_OUTER_BOUND('',#407,.T.);
#244=FACE_OUTER_BOUND('',#408,.T.);
#245=FACE_OUTER_BOUND('',#409,.T.);
#246=FACE_OUTER_BOUND('',#410,.T.);
#247=FACE_OUTER_BOUND('',#411,.T.);
#248=FACE_OUTER_BOUND('',#413,.T.);
#249=FACE_OUTER_BOUND('',#414,.T.);
#250=FACE_OUTER_BOUND('',#415,.T.);
#251=FACE_OUTER_BOUND('',#417,.T.);
#252=FACE_OUTER_BOUND('',#418,.T.);
#253=FACE_OUTER_BOUND('',#419,.T.);
#254=FACE_OUTER_BOUND('',#420,.T.);
#255=FACE_OUTER_BOUND('',#421,.T.);
#256=FACE_OUTER_BOUND('',#422,.T.);
#257=FACE_OUTER_BOUND('',#423,.T.);
#258=FACE_OUTER_BOUND('',#424,.T.);
#259=FACE_OUTER_BOUND('',#425,.T.);
#260=FACE_OUTER_BOUND('',#426,.T.);
#261=FACE_OUTER_BOUND('',#427,.T.);
#262=FACE_OUTER_BOUND('',#428,.T.);
#263=FACE_OUTER_BOUND('',#429,.T.);
#264=FACE_OUTER_BOUND('',#430,.T.);
#265=FACE_OUTER_BOUND('',#431,.T.);
#266=FACE_OUTER_BOUND('',#432,.T.);
#267=FACE_OUTER_BOUND('',#433,.T.);
#268=FACE_OUTER_BOUND('',#434,.T.);
#269=FACE_OUTER_BOUND('',#435,.T.);
#270=FACE_OUTER_BOUND('',#436,.T.);
#271=FACE_OUTER_BOUND('',#437,.T.);
#272=FACE_OUTER_BOUND('',#438,.T.);
#273=FACE_OUTER_BOUND('',#439,.T.);
#274=FACE_OUTER_BOUND('',#440,.T.);
#275=FACE_OUTER_BOUND('',#441,.T.);
#276=FACE_OUTER_BOUND('',#442,.T.);
#277=FACE_OUTER_BOUND('',#443,.T.);
#278=FACE_OUTER_BOUND('',#444,.T.);
#279=FACE_OUTER_BOUND('',#445,.T.);
#280=FACE_OUTER_BOUND('',#446,.T.);
#281=FACE_OUTER_BOUND('',#447,.T.);
#282=FACE_OUTER_BOUND('',#448,.T.);
#283=FACE_OUTER_BOUND('',#449,.T.);
#284=FACE_OUTER_BOUND('',#450,.T.);
#285=FACE_OUTER_BOUND('',#452,.T.);
#286=FACE_OUTER_BOUND('',#453,.T.);
#287=FACE_OUTER_BOUND('',#454,.T.);
#288=FACE_OUTER_BOUND('',#455,.T.);
#289=FACE_OUTER_BOUND('',#456,.T.);
#290=FACE_OUTER_BOUND('',#457,.T.);
#291=FACE_OUTER_BOUND('',#458,.T.);
#292=FACE_OUTER_BOUND('',#459,.T.);
#293=FACE_OUTER_BOUND('',#460,.T.);
#294=FACE_OUTER_BOUND('',#461,.T.);
#295=FACE_OUTER_BOUND('',#463,.T.);
#296=FACE_OUTER_BOUND('',#464,.T.);
#297=FACE_OUTER_BOUND('',#465,.T.);
#298=FACE_OUTER_BOUND('',#466,.T.);
#299=FACE_OUTER_BOUND('',#467,.T.);
#300=FACE_OUTER_BOUND('',#468,.T.);
#301=FACE_OUTER_BOUND('',#469,.T.);
#302=FACE_OUTER_BOUND('',#470,.T.);
#303=FACE_OUTER_BOUND('',#471,.T.);
#304=FACE_OUTER_BOUND('',#472,.T.);
#305=FACE_OUTER_BOUND('',#473,.T.);
#306=FACE_OUTER_BOUND('',#474,.T.);
#307=FACE_OUTER_BOUND('',#475,.T.);
#308=FACE_OUTER_BOUND('',#476,.T.);
#309=FACE_OUTER_BOUND('',#477,.T.);
#310=FACE_OUTER_BOUND('',#478,.T.);
#311=FACE_OUTER_BOUND('',#479,.T.);
#312=FACE_OUTER_BOUND('',#480,.T.);
#313=FACE_OUTER_BOUND('',#481,.T.);
#314=FACE_OUTER_BOUND('',#482,.T.);
#315=EDGE_LOOP('',(#1901,#1902,#1903,#1904));
#316=EDGE_LOOP('',(#1905,#1906,#1907,#1908,#1909,#1910,#1911,#1912,#1913,
#1914,#1915,#1916,#1917,#1918));
#317=EDGE_LOOP('',(#1919,#1920,#1921,#1922,#1923,#1924));
#318=EDGE_LOOP('',(#1925,#1926,#1927,#1928,#1929,#1930));
#319=EDGE_LOOP('',(#1931,#1932,#1933,#1934,#1935,#1936,#1937,#1938));
#320=EDGE_LOOP('',(#1939,#1940,#1941,#1942));
#321=EDGE_LOOP('',(#1943,#1944,#1945,#1946));
#322=EDGE_LOOP('',(#1947,#1948,#1949,#1950,#1951,#1952,#1953,#1954,#1955,
#1956,#1957,#1958,#1959,#1960));
#323=EDGE_LOOP('',(#1961,#1962,#1963,#1964));
#324=EDGE_LOOP('',(#1965,#1966,#1967,#1968,#1969,#1970,#1971,#1972,#1973,
#1974,#1975,#1976,#1977,#1978,#1979,#1980));
#325=EDGE_LOOP('',(#1981,#1982,#1983,#1984,#1985));
#326=EDGE_LOOP('',(#1986,#1987,#1988,#1989));
#327=EDGE_LOOP('',(#1990,#1991,#1992,#1993,#1994));
#328=EDGE_LOOP('',(#1995,#1996,#1997,#1998));
#329=EDGE_LOOP('',(#1999,#2000,#2001,#2002));
#330=EDGE_LOOP('',(#2003,#2004,#2005,#2006));
#331=EDGE_LOOP('',(#2007,#2008,#2009));
#332=EDGE_LOOP('',(#2010,#2011,#2012,#2013));
#333=EDGE_LOOP('',(#2014,#2015,#2016,#2017,#2018));
#334=EDGE_LOOP('',(#2019,#2020,#2021,#2022,#2023));
#335=EDGE_LOOP('',(#2024,#2025,#2026,#2027));
#336=EDGE_LOOP('',(#2028,#2029,#2030));
#337=EDGE_LOOP('',(#2031,#2032,#2033));
#338=EDGE_LOOP('',(#2034,#2035,#2036,#2037));
#339=EDGE_LOOP('',(#2038,#2039,#2040));
#340=EDGE_LOOP('',(#2041,#2042,#2043));
#341=EDGE_LOOP('',(#2044,#2045,#2046));
#342=EDGE_LOOP('',(#2047,#2048,#2049,#2050));
#343=EDGE_LOOP('',(#2051,#2052,#2053,#2054));
#344=EDGE_LOOP('',(#2055,#2056,#2057,#2058));
#345=EDGE_LOOP('',(#2059,#2060,#2061,#2062));
#346=EDGE_LOOP('',(#2063,#2064,#2065,#2066));
#347=EDGE_LOOP('',(#2067,#2068,#2069,#2070));
#348=EDGE_LOOP('',(#2071,#2072,#2073,#2074));
#349=EDGE_LOOP('',(#2075,#2076,#2077,#2078));
#350=EDGE_LOOP('',(#2079,#2080,#2081,#2082));
#351=EDGE_LOOP('',(#2083,#2084,#2085,#2086));
#352=EDGE_LOOP('',(#2087,#2088,#2089,#2090));
#353=EDGE_LOOP('',(#2091,#2092,#2093,#2094));
#354=EDGE_LOOP('',(#2095,#2096,#2097,#2098));
#355=EDGE_LOOP('',(#2099,#2100,#2101,#2102));
#356=EDGE_LOOP('',(#2103,#2104,#2105,#2106,#2107,#2108,#2109));
#357=EDGE_LOOP('',(#2110,#2111,#2112,#2113));
#358=EDGE_LOOP('',(#2114,#2115,#2116,#2117));
#359=EDGE_LOOP('',(#2118,#2119,#2120,#2121,#2122,#2123,#2124));
#360=EDGE_LOOP('',(#2125,#2126,#2127,#2128));
#361=EDGE_LOOP('',(#2129,#2130,#2131,#2132,#2133,#2134,#2135,#2136));
#362=EDGE_LOOP('',(#2137,#2138,#2139,#2140,#2141,#2142,#2143,#2144));
#363=EDGE_LOOP('',(#2145,#2146,#2147,#2148,#2149,#2150));
#364=EDGE_LOOP('',(#2151,#2152,#2153,#2154));
#365=EDGE_LOOP('',(#2155,#2156,#2157,#2158));
#366=EDGE_LOOP('',(#2159,#2160,#2161,#2162));
#367=EDGE_LOOP('',(#2163,#2164,#2165,#2166));
#368=EDGE_LOOP('',(#2167,#2168,#2169));
#369=EDGE_LOOP('',(#2170,#2171,#2172,#2173,#2174));
#370=EDGE_LOOP('',(#2175,#2176,#2177,#2178));
#371=EDGE_LOOP('',(#2179,#2180,#2181,#2182));
#372=EDGE_LOOP('',(#2183,#2184,#2185,#2186));
#373=EDGE_LOOP('',(#2187,#2188,#2189,#2190));
#374=EDGE_LOOP('',(#2191,#2192,#2193,#2194));
#375=EDGE_LOOP('',(#2195,#2196,#2197,#2198));
#376=EDGE_LOOP('',(#2199,#2200,#2201,#2202));
#377=EDGE_LOOP('',(#2203,#2204,#2205,#2206));
#378=EDGE_LOOP('',(#2207,#2208,#2209,#2210));
#379=EDGE_LOOP('',(#2211,#2212,#2213,#2214,#2215,#2216,#2217,#2218,#2219,
#2220));
#380=EDGE_LOOP('',(#2221,#2222,#2223,#2224));
#381=EDGE_LOOP('',(#2225,#2226,#2227,#2228));
#382=EDGE_LOOP('',(#2229,#2230,#2231,#2232));
#383=EDGE_LOOP('',(#2233,#2234,#2235,#2236));
#384=EDGE_LOOP('',(#2237,#2238,#2239,#2240,#2241,#2242,#2243,#2244));
#385=EDGE_LOOP('',(#2245,#2246,#2247,#2248,#2249,#2250,#2251,#2252));
#386=EDGE_LOOP('',(#2253,#2254,#2255,#2256));
#387=EDGE_LOOP('',(#2257,#2258,#2259,#2260));
#388=EDGE_LOOP('',(#2261,#2262,#2263,#2264));
#389=EDGE_LOOP('',(#2265,#2266,#2267,#2268));
#390=EDGE_LOOP('',(#2269,#2270,#2271,#2272));
#391=EDGE_LOOP('',(#2273,#2274,#2275,#2276,#2277,#2278,#2279,#2280,#2281,
#2282,#2283,#2284));
#392=EDGE_LOOP('',(#2285,#2286,#2287,#2288,#2289));
#393=EDGE_LOOP('',(#2290,#2291,#2292,#2293,#2294,#2295,#2296,#2297));
#394=EDGE_LOOP('',(#2298,#2299,#2300,#2301,#2302,#2303,#2304,#2305,#2306));
#395=EDGE_LOOP('',(#2307,#2308,#2309,#2310));
#396=EDGE_LOOP('',(#2311,#2312,#2313,#2314,#2315,#2316));
#397=EDGE_LOOP('',(#2317,#2318,#2319,#2320));
#398=EDGE_LOOP('',(#2321,#2322,#2323));
#399=EDGE_LOOP('',(#2324,#2325,#2326,#2327,#2328));
#400=EDGE_LOOP('',(#2329,#2330,#2331,#2332,#2333,#2334));
#401=EDGE_LOOP('',(#2335,#2336,#2337,#2338,#2339,#2340));
#402=EDGE_LOOP('',(#2341,#2342,#2343,#2344));
#403=EDGE_LOOP('',(#2345,#2346,#2347,#2348));
#404=EDGE_LOOP('',(#2349,#2350,#2351,#2352,#2353,#2354,#2355));
#405=EDGE_LOOP('',(#2356,#2357,#2358,#2359));
#406=EDGE_LOOP('',(#2360,#2361,#2362,#2363,#2364,#2365,#2366));
#407=EDGE_LOOP('',(#2367,#2368,#2369,#2370));
#408=EDGE_LOOP('',(#2371,#2372,#2373,#2374));
#409=EDGE_LOOP('',(#2375,#2376,#2377,#2378,#2379));
#410=EDGE_LOOP('',(#2380,#2381,#2382,#2383));
#411=EDGE_LOOP('',(#2384,#2385,#2386,#2387,#2388));
#412=EDGE_LOOP('',(#2389));
#413=EDGE_LOOP('',(#2390,#2391,#2392,#2393));
#414=EDGE_LOOP('',(#2394,#2395,#2396,#2397));
#415=EDGE_LOOP('',(#2398,#2399,#2400,#2401,#2402));
#416=EDGE_LOOP('',(#2403));
#417=EDGE_LOOP('',(#2404,#2405,#2406,#2407));
#418=EDGE_LOOP('',(#2408,#2409,#2410,#2411));
#419=EDGE_LOOP('',(#2412,#2413,#2414,#2415,#2416,#2417));
#420=EDGE_LOOP('',(#2418,#2419,#2420,#2421,#2422,#2423,#2424,#2425,#2426,
#2427));
#421=EDGE_LOOP('',(#2428,#2429,#2430,#2431,#2432,#2433,#2434,#2435,#2436,
#2437,#2438));
#422=EDGE_LOOP('',(#2439,#2440,#2441,#2442));
#423=EDGE_LOOP('',(#2443,#2444,#2445,#2446,#2447,#2448,#2449,#2450));
#424=EDGE_LOOP('',(#2451));
#425=EDGE_LOOP('',(#2452));
#426=EDGE_LOOP('',(#2453,#2454,#2455,#2456));
#427=EDGE_LOOP('',(#2457,#2458,#2459,#2460));
#428=EDGE_LOOP('',(#2461,#2462,#2463,#2464));
#429=EDGE_LOOP('',(#2465,#2466,#2467,#2468,#2469,#2470,#2471,#2472,#2473,
#2474,#2475,#2476,#2477,#2478,#2479,#2480,#2481,#2482));
#430=EDGE_LOOP('',(#2483,#2484,#2485,#2486));
#431=EDGE_LOOP('',(#2487,#2488,#2489,#2490));
#432=EDGE_LOOP('',(#2491,#2492,#2493,#2494));
#433=EDGE_LOOP('',(#2495,#2496,#2497,#2498,#2499,#2500,#2501,#2502,#2503,
#2504,#2505,#2506,#2507,#2508,#2509,#2510,#2511));
#434=EDGE_LOOP('',(#2512,#2513,#2514,#2515));
#435=EDGE_LOOP('',(#2516,#2517,#2518,#2519));
#436=EDGE_LOOP('',(#2520,#2521,#2522));
#437=EDGE_LOOP('',(#2523,#2524,#2525,#2526,#2527));
#438=EDGE_LOOP('',(#2528,#2529,#2530,#2531,#2532,#2533));
#439=EDGE_LOOP('',(#2534,#2535,#2536,#2537,#2538,#2539));
#440=EDGE_LOOP('',(#2540,#2541,#2542,#2543,#2544,#2545,#2546,#2547));
#441=EDGE_LOOP('',(#2548,#2549,#2550,#2551));
#442=EDGE_LOOP('',(#2552,#2553,#2554,#2555));
#443=EDGE_LOOP('',(#2556,#2557,#2558,#2559));
#444=EDGE_LOOP('',(#2560,#2561,#2562,#2563));
#445=EDGE_LOOP('',(#2564,#2565,#2566,#2567));
#446=EDGE_LOOP('',(#2568,#2569,#2570,#2571));
#447=EDGE_LOOP('',(#2572,#2573,#2574,#2575));
#448=EDGE_LOOP('',(#2576,#2577,#2578,#2579));
#449=EDGE_LOOP('',(#2580,#2581,#2582,#2583));
#450=EDGE_LOOP('',(#2584,#2585,#2586,#2587));
#451=EDGE_LOOP('',(#2588,#2589,#2590,#2591,#2592,#2593));
#452=EDGE_LOOP('',(#2594,#2595,#2596,#2597));
#453=EDGE_LOOP('',(#2598,#2599,#2600,#2601));
#454=EDGE_LOOP('',(#2602,#2603,#2604,#2605));
#455=EDGE_LOOP('',(#2606,#2607,#2608,#2609));
#456=EDGE_LOOP('',(#2610,#2611,#2612,#2613));
#457=EDGE_LOOP('',(#2614,#2615,#2616,#2617));
#458=EDGE_LOOP('',(#2618,#2619,#2620,#2621));
#459=EDGE_LOOP('',(#2622,#2623,#2624,#2625));
#460=EDGE_LOOP('',(#2626,#2627,#2628,#2629));
#461=EDGE_LOOP('',(#2630,#2631,#2632,#2633));
#462=EDGE_LOOP('',(#2634,#2635,#2636,#2637,#2638,#2639));
#463=EDGE_LOOP('',(#2640,#2641,#2642,#2643,#2644,#2645));
#464=EDGE_LOOP('',(#2646,#2647,#2648,#2649));
#465=EDGE_LOOP('',(#2650,#2651,#2652,#2653));
#466=EDGE_LOOP('',(#2654,#2655,#2656,#2657));
#467=EDGE_LOOP('',(#2658,#2659,#2660,#2661));
#468=EDGE_LOOP('',(#2662,#2663,#2664,#2665,#2666));
#469=EDGE_LOOP('',(#2667,#2668,#2669,#2670,#2671,#2672));
#470=EDGE_LOOP('',(#2673,#2674,#2675,#2676,#2677));
#471=EDGE_LOOP('',(#2678,#2679,#2680,#2681,#2682));
#472=EDGE_LOOP('',(#2683,#2684,#2685,#2686));
#473=EDGE_LOOP('',(#2687,#2688,#2689,#2690));
#474=EDGE_LOOP('',(#2691,#2692,#2693,#2694));
#475=EDGE_LOOP('',(#2695,#2696,#2697,#2698));
#476=EDGE_LOOP('',(#2699,#2700,#2701,#2702));
#477=EDGE_LOOP('',(#2703,#2704,#2705,#2706));
#478=EDGE_LOOP('',(#2707,#2708,#2709,#2710));
#479=EDGE_LOOP('',(#2711,#2712,#2713,#2714));
#480=EDGE_LOOP('',(#2715,#2716,#2717,#2718));
#481=EDGE_LOOP('',(#2719,#2720,#2721,#2722));
#482=EDGE_LOOP('',(#2723,#2724,#2725,#2726));
#483=LINE('',#3957,#820);
#484=LINE('',#3960,#821);
#485=LINE('',#3963,#822);
#486=LINE('',#3965,#823);
#487=LINE('',#3967,#824);
#488=LINE('',#3969,#825);
#489=LINE('',#3971,#826);
#490=LINE('',#3973,#827);
#491=LINE('',#3975,#828);
#492=LINE('',#3977,#829);
#493=LINE('',#3979,#830);
#494=LINE('',#3981,#831);
#495=LINE('',#3983,#832);
#496=LINE('',#3985,#833);
#497=LINE('',#3986,#834);
#498=LINE('',#3989,#835);
#499=LINE('',#3991,#836);
#500=LINE('',#3993,#837);
#501=LINE('',#3994,#838);
#502=LINE('',#3997,#839);
#503=LINE('',#3999,#840);
#504=LINE('',#4001,#841);
#505=LINE('',#4003,#842);
#506=LINE('',#4005,#843);
#507=LINE('',#4006,#844);
#508=LINE('',#4009,#845);
#509=LINE('',#4013,#846);
#510=LINE('',#4017,#847);
#511=LINE('',#4021,#848);
#512=LINE('',#4028,#849);
#513=LINE('',#4034,#850);
#514=LINE('',#4046,#851);
#515=LINE('',#4051,#852);
#516=LINE('',#4055,#853);
#517=LINE('',#4059,#854);
#518=LINE('',#4063,#855);
#519=LINE('',#4065,#856);
#520=LINE('',#4069,#857);
#521=LINE('',#4072,#858);
#522=LINE('',#4087,#859);
#523=LINE('',#4090,#860);
#524=LINE('',#4092,#861);
#525=LINE('',#4093,#862);
#526=LINE('',#4095,#863);
#527=LINE('',#4097,#864);
#528=LINE('',#4099,#865);
#529=LINE('',#4101,#866);
#530=LINE('',#4103,#867);
#531=LINE('',#4105,#868);
#532=LINE('',#4107,#869);
#533=LINE('',#4109,#870);
#534=LINE('',#4111,#871);
#535=LINE('',#4113,#872);
#536=LINE('',#4114,#873);
#537=LINE('',#4117,#874);
#538=LINE('',#4121,#875);
#539=LINE('',#4122,#876);
#540=LINE('',#4126,#877);
#541=LINE('',#4129,#878);
#542=LINE('',#4130,#879);
#543=LINE('',#4145,#880);
#544=LINE('',#4146,#881);
#545=LINE('',#4149,#882);
#546=LINE('',#4150,#883);
#547=LINE('',#4153,#884);
#548=LINE('',#4155,#885);
#549=LINE('',#4157,#886);
#550=LINE('',#4158,#887);
#551=LINE('',#4162,#888);
#552=LINE('',#4164,#889);
#553=LINE('',#4166,#890);
#554=LINE('',#4168,#891);
#555=LINE('',#4169,#892);
#556=LINE('',#4173,#893);
#557=LINE('',#4174,#894);
#558=LINE('',#4175,#895);
#559=LINE('',#4177,#896);
#560=LINE('',#4180,#897);
#561=LINE('',#4181,#898);
#562=LINE('',#4184,#899);
#563=LINE('',#4186,#900);
#564=LINE('',#4187,#901);
#565=LINE('',#4189,#902);
#566=LINE('',#4271,#903);
#567=LINE('',#4275,#904);
#568=LINE('',#4281,#905);
#569=LINE('',#4295,#906);
#570=LINE('',#4297,#907);
#571=LINE('',#4310,#908);
#572=LINE('',#4313,#909);
#573=LINE('',#4332,#910);
#574=LINE('',#4333,#911);
#575=LINE('',#4349,#912);
#576=LINE('',#4350,#913);
#577=LINE('',#4352,#914);
#578=LINE('',#4355,#915);
#579=LINE('',#4358,#916);
#580=LINE('',#4361,#917);
#581=LINE('',#4362,#918);
#582=LINE('',#4365,#919);
#583=LINE('',#4369,#920);
#584=LINE('',#4370,#921);
#585=LINE('',#4373,#922);
#586=LINE('',#4375,#923);
#587=LINE('',#4376,#924);
#588=LINE('',#4379,#925);
#589=LINE('',#4380,#926);
#590=LINE('',#4383,#927);
#591=LINE('',#4387,#928);
#592=LINE('',#4391,#929);
#593=LINE('',#4395,#930);
#594=LINE('',#4401,#931);
#595=LINE('',#4403,#932);
#596=LINE('',#4404,#933);
#597=LINE('',#4409,#934);
#598=LINE('',#4410,#935);
#599=LINE('',#4411,#936);
#600=LINE('',#4414,#937);
#601=LINE('',#4417,#938);
#602=LINE('',#4419,#939);
#603=LINE('',#4420,#940);
#604=LINE('',#4424,#941);
#605=LINE('',#4426,#942);
#606=LINE('',#4427,#943);
#607=LINE('',#4430,#944);
#608=LINE('',#4434,#945);
#609=LINE('',#4435,#946);
#610=LINE('',#4438,#947);
#611=LINE('',#4442,#948);
#612=LINE('',#4446,#949);
#613=LINE('',#4447,#950);
#614=LINE('',#4450,#951);
#615=LINE('',#4451,#952);
#616=LINE('',#4456,#953);
#617=LINE('',#4457,#954);
#618=LINE('',#4459,#955);
#619=LINE('',#4461,#956);
#620=LINE('',#4463,#957);
#621=LINE('',#4464,#958);
#622=LINE('',#4467,#959);
#623=LINE('',#4469,#960);
#624=LINE('',#4470,#961);
#625=LINE('',#4473,#962);
#626=LINE('',#4477,#963);
#627=LINE('',#4478,#964);
#628=LINE('',#4481,#965);
#629=LINE('',#4488,#966);
#630=LINE('',#4490,#967);
#631=LINE('',#4492,#968);
#632=LINE('',#4494,#969);
#633=LINE('',#4496,#970);
#634=LINE('',#4501,#971);
#635=LINE('',#4503,#972);
#636=LINE('',#4505,#973);
#637=LINE('',#4506,#974);
#638=LINE('',#4509,#975);
#639=LINE('',#4511,#976);
#640=LINE('',#4512,#977);
#641=LINE('',#4514,#978);
#642=LINE('',#4516,#979);
#643=LINE('',#4520,#980);
#644=LINE('',#4522,#981);
#645=LINE('',#4524,#982);
#646=LINE('',#4525,#983);
#647=LINE('',#4527,#984);
#648=LINE('',#4531,#985);
#649=LINE('',#4532,#986);
#650=LINE('',#4534,#987);
#651=LINE('',#4536,#988);
#652=LINE('',#4537,#989);
#653=LINE('',#4540,#990);
#654=LINE('',#4542,#991);
#655=LINE('',#4543,#992);
#656=LINE('',#4544,#993);
#657=LINE('',#4546,#994);
#658=LINE('',#4548,#995);
#659=LINE('',#4550,#996);
#660=LINE('',#4551,#997);
#661=LINE('',#4555,#998);
#662=LINE('',#4556,#999);
#663=LINE('',#4557,#1000);
#664=LINE('',#4558,#1001);
#665=LINE('',#4561,#1002);
#666=LINE('',#4562,#1003);
#667=LINE('',#4565,#1004);
#668=LINE('',#4567,#1005);
#669=LINE('',#4568,#1006);
#670=LINE('',#4572,#1007);
#671=LINE('',#4575,#1008);
#672=LINE('',#4578,#1009);
#673=LINE('',#4579,#1010);
#674=LINE('',#4580,#1011);
#675=LINE('',#4584,#1012);
#676=LINE('',#4586,#1013);
#677=LINE('',#4587,#1014);
#678=LINE('',#4591,#1015);
#679=LINE('',#4593,#1016);
#680=LINE('',#4595,#1017);
#681=LINE('',#4596,#1018);
#682=LINE('',#4599,#1019);
#683=LINE('',#4601,#1020);
#684=LINE('',#4602,#1021);
#685=LINE('',#4605,#1022);
#686=LINE('',#4607,#1023);
#687=LINE('',#4608,#1024);
#688=LINE('',#4613,#1025);
#689=LINE('',#4618,#1026);
#690=LINE('',#4620,#1027);
#691=LINE('',#4622,#1028);
#692=LINE('',#4625,#1029);
#693=LINE('',#4629,#1030);
#694=LINE('',#4634,#1031);
#695=LINE('',#4638,#1032);
#696=LINE('',#4640,#1033);
#697=LINE('',#4643,#1034);
#698=LINE('',#4647,#1035);
#699=LINE('',#4649,#1036);
#700=LINE('',#4651,#1037);
#701=LINE('',#4652,#1038);
#702=LINE('',#4655,#1039);
#703=LINE('',#4657,#1040);
#704=LINE('',#4658,#1041);
#705=LINE('',#4661,#1042);
#706=LINE('',#4663,#1043);
#707=LINE('',#4665,#1044);
#708=LINE('',#4667,#1045);
#709=LINE('',#4669,#1046);
#710=LINE('',#4670,#1047);
#711=LINE('',#4672,#1048);
#712=LINE('',#4675,#1049);
#713=LINE('',#4677,#1050);
#714=LINE('',#4678,#1051);
#715=LINE('',#4679,#1052);
#716=LINE('',#4684,#1053);
#717=LINE('',#4685,#1054);
#718=LINE('',#4688,#1055);
#719=LINE('',#4689,#1056);
#720=LINE('',#4696,#1057);
#721=LINE('',#4699,#1058);
#722=LINE('',#4701,#1059);
#723=LINE('',#4704,#1060);
#724=LINE('',#4706,#1061);
#725=LINE('',#4708,#1062);
#726=LINE('',#4709,#1063);
#727=LINE('',#4713,#1064);
#728=LINE('',#4714,#1065);
#729=LINE('',#4715,#1066);
#730=LINE('',#4716,#1067);
#731=LINE('',#4718,#1068);
#732=LINE('',#4720,#1069);
#733=LINE('',#4723,#1070);
#734=LINE('',#4724,#1071);
#735=LINE('',#4727,#1072);
#736=LINE('',#4729,#1073);
#737=LINE('',#4730,#1074);
#738=LINE('',#4732,#1075);
#739=LINE('',#4733,#1076);
#740=LINE('',#4734,#1077);
#741=LINE('',#4737,#1078);
#742=LINE('',#4738,#1079);
#743=LINE('',#4741,#1080);
#744=LINE('',#4742,#1081);
#745=LINE('',#4743,#1082);
#746=LINE('',#4747,#1083);
#747=LINE('',#4749,#1084);
#748=LINE('',#4751,#1085);
#749=LINE('',#4752,#1086);
#750=LINE('',#4755,#1087);
#751=LINE('',#4757,#1088);
#752=LINE('',#4758,#1089);
#753=LINE('',#4761,#1090);
#754=LINE('',#4763,#1091);
#755=LINE('',#4764,#1092);
#756=LINE('',#4767,#1093);
#757=LINE('',#4769,#1094);
#758=LINE('',#4770,#1095);
#759=LINE('',#4773,#1096);
#760=LINE('',#4775,#1097);
#761=LINE('',#4776,#1098);
#762=LINE('',#4778,#1099);
#763=LINE('',#4779,#1100);
#764=LINE('',#4782,#1101);
#765=LINE('',#4784,#1102);
#766=LINE('',#4785,#1103);
#767=LINE('',#4788,#1104);
#768=LINE('',#4789,#1105);
#769=LINE('',#4792,#1106);
#770=LINE('',#4793,#1107);
#771=LINE('',#4795,#1108);
#772=LINE('',#4799,#1109);
#773=LINE('',#4801,#1110);
#774=LINE('',#4803,#1111);
#775=LINE('',#4804,#1112);
#776=LINE('',#4807,#1113);
#777=LINE('',#4809,#1114);
#778=LINE('',#4810,#1115);
#779=LINE('',#4813,#1116);
#780=LINE('',#4815,#1117);
#781=LINE('',#4816,#1118);
#782=LINE('',#4819,#1119);
#783=LINE('',#4821,#1120);
#784=LINE('',#4822,#1121);
#785=LINE('',#4825,#1122);
#786=LINE('',#4827,#1123);
#787=LINE('',#4828,#1124);
#788=LINE('',#4830,#1125);
#789=LINE('',#4831,#1126);
#790=LINE('',#4834,#1127);
#791=LINE('',#4836,#1128);
#792=LINE('',#4837,#1129);
#793=LINE('',#4840,#1130);
#794=LINE('',#4841,#1131);
#795=LINE('',#4844,#1132);
#796=LINE('',#4845,#1133);
#797=LINE('',#4847,#1134);
#798=LINE('',#4850,#1135);
#799=LINE('',#4852,#1136);
#800=LINE('',#4853,#1137);
#801=LINE('',#4855,#1138);
#802=LINE('',#4858,#1139);
#803=LINE('',#4859,#1140);
#804=LINE('',#4862,#1141);
#805=LINE('',#4863,#1142);
#806=LINE('',#4865,#1143);
#807=LINE('',#4871,#1144);
#808=LINE('',#4879,#1145);
#809=LINE('',#4881,#1146);
#810=LINE('',#4883,#1147);
#811=LINE('',#4884,#1148);
#812=LINE('',#4887,#1149);
#813=LINE('',#4889,#1150);
#814=LINE('',#4890,#1151);
#815=LINE('',#4893,#1152);
#816=LINE('',#4895,#1153);
#817=LINE('',#4896,#1154);
#818=LINE('',#4898,#1155);
#819=LINE('',#4899,#1156);
#820=VECTOR('',#3166,10.);
#821=VECTOR('',#3169,10.);
#822=VECTOR('',#3172,10.);
#823=VECTOR('',#3173,10.);
#824=VECTOR('',#3174,10.);
#825=VECTOR('',#3175,10.);
#826=VECTOR('',#3176,10.);
#827=VECTOR('',#3177,10.);
#828=VECTOR('',#3178,10.);
#829=VECTOR('',#3179,10.);
#830=VECTOR('',#3180,10.);
#831=VECTOR('',#3181,10.);
#832=VECTOR('',#3182,10.);
#833=VECTOR('',#3183,10.);
#834=VECTOR('',#3184,10.);
#835=VECTOR('',#3187,10.);
#836=VECTOR('',#3188,10.);
#837=VECTOR('',#3189,10.);
#838=VECTOR('',#3190,10.);
#839=VECTOR('',#3191,10.);
#840=VECTOR('',#3192,10.);
#841=VECTOR('',#3193,10.);
#842=VECTOR('',#3194,10.);
#843=VECTOR('',#3195,10.);
#844=VECTOR('',#3196,10.);
#845=VECTOR('',#3197,10.);
#846=VECTOR('',#3200,10.);
#847=VECTOR('',#3203,10.);
#848=VECTOR('',#3206,10.);
#849=VECTOR('',#3215,10.);
#850=VECTOR('',#3220,10.);
#851=VECTOR('',#3221,10.);
#852=VECTOR('',#3226,10.);
#853=VECTOR('',#3229,10.);
#854=VECTOR('',#3232,10.);
#855=VECTOR('',#3235,10.);
#856=VECTOR('',#3236,10.);
#857=VECTOR('',#3239,10.);
#858=VECTOR('',#3242,10.);
#859=VECTOR('',#3247,10.);
#860=VECTOR('',#3250,10.);
#861=VECTOR('',#3251,10.);
#862=VECTOR('',#3252,10.);
#863=VECTOR('',#3253,10.);
#864=VECTOR('',#3254,10.);
#865=VECTOR('',#3255,10.);
#866=VECTOR('',#3256,10.);
#867=VECTOR('',#3257,10.);
#868=VECTOR('',#3258,10.);
#869=VECTOR('',#3259,10.);
#870=VECTOR('',#3260,10.);
#871=VECTOR('',#3261,10.);
#872=VECTOR('',#3262,10.);
#873=VECTOR('',#3263,10.);
#874=VECTOR('',#3266,10.);
#875=VECTOR('',#3271,10.);
#876=VECTOR('',#3272,10.);
#877=VECTOR('',#3277,10.);
#878=VECTOR('',#3280,10.);
#879=VECTOR('',#3281,10.);
#880=VECTOR('',#3300,10.);
#881=VECTOR('',#3301,10.);
#882=VECTOR('',#3304,10.);
#883=VECTOR('',#3305,10.);
#884=VECTOR('',#3308,10.);
#885=VECTOR('',#3309,10.);
#886=VECTOR('',#3310,10.);
#887=VECTOR('',#3311,10.);
#888=VECTOR('',#3314,10.);
#889=VECTOR('',#3315,10.);
#890=VECTOR('',#3316,10.);
#891=VECTOR('',#3317,10.);
#892=VECTOR('',#3318,10.);
#893=VECTOR('',#3321,10.);
#894=VECTOR('',#3322,10.);
#895=VECTOR('',#3323,10.);
#896=VECTOR('',#3326,10.);
#897=VECTOR('',#3329,10.);
#898=VECTOR('',#3330,10.);
#899=VECTOR('',#3333,10.);
#900=VECTOR('',#3334,10.);
#901=VECTOR('',#3335,10.);
#902=VECTOR('',#3338,10.);
#903=VECTOR('',#3353,10.);
#904=VECTOR('',#3358,10.);
#905=VECTOR('',#3365,10.);
#906=VECTOR('',#3372,10.);
#907=VECTOR('',#3375,10.);
#908=VECTOR('',#3380,10.);
#909=VECTOR('',#3383,10.);
#910=VECTOR('',#3394,10.);
#911=VECTOR('',#3395,10.);
#912=VECTOR('',#3404,10.);
#913=VECTOR('',#3405,10.);
#914=VECTOR('',#3408,10.);
#915=VECTOR('',#3411,10.);
#916=VECTOR('',#3414,10.);
#917=VECTOR('',#3417,10.);
#918=VECTOR('',#3418,10.);
#919=VECTOR('',#3421,10.);
#920=VECTOR('',#3426,10.);
#921=VECTOR('',#3427,10.);
#922=VECTOR('',#3430,10.);
#923=VECTOR('',#3431,10.);
#924=VECTOR('',#3432,10.);
#925=VECTOR('',#3435,10.);
#926=VECTOR('',#3436,10.);
#927=VECTOR('',#3437,10.);
#928=VECTOR('',#3440,10.);
#929=VECTOR('',#3443,10.);
#930=VECTOR('',#3446,10.);
#931=VECTOR('',#3455,10.);
#932=VECTOR('',#3456,10.);
#933=VECTOR('',#3457,10.);
#934=VECTOR('',#3464,10.);
#935=VECTOR('',#3465,10.);
#936=VECTOR('',#3466,10.);
#937=VECTOR('',#3471,10.);
#938=VECTOR('',#3474,10.);
#939=VECTOR('',#3475,10.);
#940=VECTOR('',#3476,10.);
#941=VECTOR('',#3481,10.);
#942=VECTOR('',#3482,10.);
#943=VECTOR('',#3483,10.);
#944=VECTOR('',#3486,10.);
#945=VECTOR('',#3491,10.);
#946=VECTOR('',#3492,10.);
#947=VECTOR('',#3495,10.);
#948=VECTOR('',#3500,10.);
#949=VECTOR('',#3505,10.);
#950=VECTOR('',#3506,10.);
#951=VECTOR('',#3509,10.);
#952=VECTOR('',#3510,10.);
#953=VECTOR('',#3517,10.);
#954=VECTOR('',#3518,10.);
#955=VECTOR('',#3519,10.);
#956=VECTOR('',#3520,10.);
#957=VECTOR('',#3521,10.);
#958=VECTOR('',#3522,10.);
#959=VECTOR('',#3525,10.);
#960=VECTOR('',#3526,10.);
#961=VECTOR('',#3527,10.);
#962=VECTOR('',#3530,10.);
#963=VECTOR('',#3535,10.);
#964=VECTOR('',#3536,10.);
#965=VECTOR('',#3539,10.);
#966=VECTOR('',#3546,10.);
#967=VECTOR('',#3549,10.);
#968=VECTOR('',#3552,10.);
#969=VECTOR('',#3555,10.);
#970=VECTOR('',#3558,10.);
#971=VECTOR('',#3563,10.);
#972=VECTOR('',#3564,10.);
#973=VECTOR('',#3565,10.);
#974=VECTOR('',#3566,10.);
#975=VECTOR('',#3569,10.);
#976=VECTOR('',#3570,10.);
#977=VECTOR('',#3571,10.);
#978=VECTOR('',#3572,10.);
#979=VECTOR('',#3573,10.);
#980=VECTOR('',#3576,10.);
#981=VECTOR('',#3577,10.);
#982=VECTOR('',#3578,10.);
#983=VECTOR('',#3579,10.);
#984=VECTOR('',#3582,10.);
#985=VECTOR('',#3585,10.);
#986=VECTOR('',#3586,10.);
#987=VECTOR('',#3587,10.);
#988=VECTOR('',#3588,10.);
#989=VECTOR('',#3589,10.);
#990=VECTOR('',#3592,10.);
#991=VECTOR('',#3593,10.);
#992=VECTOR('',#3594,10.);
#993=VECTOR('',#3595,10.);
#994=VECTOR('',#3598,10.);
#995=VECTOR('',#3601,10.);
#996=VECTOR('',#3602,10.);
#997=VECTOR('',#3603,10.);
#998=VECTOR('',#3606,10.);
#999=VECTOR('',#3607,10.);
#1000=VECTOR('',#3608,10.);
#1001=VECTOR('',#3609,10.);
#1002=VECTOR('',#3612,10.);
#1003=VECTOR('',#3613,10.);
#1004=VECTOR('',#3616,10.);
#1005=VECTOR('',#3617,10.);
#1006=VECTOR('',#3618,10.);
#1007=VECTOR('',#3623,10.);
#1008=VECTOR('',#3628,10.);
#1009=VECTOR('',#3631,10.);
#1010=VECTOR('',#3632,10.);
#1011=VECTOR('',#3633,10.);
#1012=VECTOR('',#3638,10.);
#1013=VECTOR('',#3639,10.);
#1014=VECTOR('',#3640,10.);
#1015=VECTOR('',#3643,10.);
#1016=VECTOR('',#3644,10.);
#1017=VECTOR('',#3645,10.);
#1018=VECTOR('',#3646,10.);
#1019=VECTOR('',#3649,10.);
#1020=VECTOR('',#3650,10.);
#1021=VECTOR('',#3651,10.);
#1022=VECTOR('',#3654,10.);
#1023=VECTOR('',#3655,10.);
#1024=VECTOR('',#3656,10.);
#1025=VECTOR('',#3661,1.675);
#1026=VECTOR('',#3666,10.);
#1027=VECTOR('',#3667,10.);
#1028=VECTOR('',#3668,10.);
#1029=VECTOR('',#3671,10.);
#1030=VECTOR('',#3676,1.54999999999999);
#1031=VECTOR('',#3681,1.675);
#1032=VECTOR('',#3686,10.);
#1033=VECTOR('',#3687,10.);
#1034=VECTOR('',#3690,10.);
#1035=VECTOR('',#3695,1.55);
#1036=VECTOR('',#3698,10.);
#1037=VECTOR('',#3701,10.);
#1038=VECTOR('',#3702,10.);
#1039=VECTOR('',#3705,10.);
#1040=VECTOR('',#3706,10.);
#1041=VECTOR('',#3707,10.);
#1042=VECTOR('',#3710,10.);
#1043=VECTOR('',#3711,10.);
#1044=VECTOR('',#3712,10.);
#1045=VECTOR('',#3713,10.);
#1046=VECTOR('',#3714,10.);
#1047=VECTOR('',#3715,10.);
#1048=VECTOR('',#3718,10.);
#1049=VECTOR('',#3721,10.);
#1050=VECTOR('',#3722,10.);
#1051=VECTOR('',#3723,10.);
#1052=VECTOR('',#3724,10.);
#1053=VECTOR('',#3731,10.);
#1054=VECTOR('',#3732,10.);
#1055=VECTOR('',#3735,10.);
#1056=VECTOR('',#3736,10.);
#1057=VECTOR('',#3745,10.);
#1058=VECTOR('',#3748,10.);
#1059=VECTOR('',#3749,10.);
#1060=VECTOR('',#3752,10.);
#1061=VECTOR('',#3755,10.);
#1062=VECTOR('',#3758,10.);
#1063=VECTOR('',#3759,10.);
#1064=VECTOR('',#3764,10.);
#1065=VECTOR('',#3765,10.);
#1066=VECTOR('',#3766,10.);
#1067=VECTOR('',#3767,10.);
#1068=VECTOR('',#3770,10.);
#1069=VECTOR('',#3773,10.);
#1070=VECTOR('',#3776,10.);
#1071=VECTOR('',#3777,10.);
#1072=VECTOR('',#3780,10.);
#1073=VECTOR('',#3781,10.);
#1074=VECTOR('',#3782,10.);
#1075=VECTOR('',#3785,10.);
#1076=VECTOR('',#3786,10.);
#1077=VECTOR('',#3787,10.);
#1078=VECTOR('',#3790,10.);
#1079=VECTOR('',#3791,10.);
#1080=VECTOR('',#3794,10.);
#1081=VECTOR('',#3795,10.);
#1082=VECTOR('',#3796,10.);
#1083=VECTOR('',#3799,10.);
#1084=VECTOR('',#3800,10.);
#1085=VECTOR('',#3801,10.);
#1086=VECTOR('',#3802,10.);
#1087=VECTOR('',#3805,10.);
#1088=VECTOR('',#3806,10.);
#1089=VECTOR('',#3807,10.);
#1090=VECTOR('',#3810,10.);
#1091=VECTOR('',#3811,10.);
#1092=VECTOR('',#3812,10.);
#1093=VECTOR('',#3815,10.);
#1094=VECTOR('',#3816,10.);
#1095=VECTOR('',#3817,10.);
#1096=VECTOR('',#3820,10.);
#1097=VECTOR('',#3821,10.);
#1098=VECTOR('',#3822,10.);
#1099=VECTOR('',#3825,10.);
#1100=VECTOR('',#3826,10.);
#1101=VECTOR('',#3829,10.);
#1102=VECTOR('',#3830,10.);
#1103=VECTOR('',#3831,10.);
#1104=VECTOR('',#3834,10.);
#1105=VECTOR('',#3835,10.);
#1106=VECTOR('',#3838,10.);
#1107=VECTOR('',#3839,10.);
#1108=VECTOR('',#3842,10.);
#1109=VECTOR('',#3845,10.);
#1110=VECTOR('',#3846,10.);
#1111=VECTOR('',#3847,10.);
#1112=VECTOR('',#3848,10.);
#1113=VECTOR('',#3851,10.);
#1114=VECTOR('',#3852,10.);
#1115=VECTOR('',#3853,10.);
#1116=VECTOR('',#3856,10.);
#1117=VECTOR('',#3857,10.);
#1118=VECTOR('',#3858,10.);
#1119=VECTOR('',#3861,10.);
#1120=VECTOR('',#3862,10.);
#1121=VECTOR('',#3863,10.);
#1122=VECTOR('',#3866,10.);
#1123=VECTOR('',#3867,10.);
#1124=VECTOR('',#3868,10.);
#1125=VECTOR('',#3871,10.);
#1126=VECTOR('',#3872,10.);
#1127=VECTOR('',#3875,10.);
#1128=VECTOR('',#3876,10.);
#1129=VECTOR('',#3877,10.);
#1130=VECTOR('',#3880,10.);
#1131=VECTOR('',#3881,10.);
#1132=VECTOR('',#3884,10.);
#1133=VECTOR('',#3885,10.);
#1134=VECTOR('',#3888,10.);
#1135=VECTOR('',#3891,10.);
#1136=VECTOR('',#3892,10.);
#1137=VECTOR('',#3893,10.);
#1138=VECTOR('',#3896,10.);
#1139=VECTOR('',#3899,10.);
#1140=VECTOR('',#3900,10.);
#1141=VECTOR('',#3903,10.);
#1142=VECTOR('',#3904,10.);
#1143=VECTOR('',#3907,10.);
#1144=VECTOR('',#3918,10.);
#1145=VECTOR('',#3929,10.);
#1146=VECTOR('',#3930,10.);
#1147=VECTOR('',#3931,10.);
#1148=VECTOR('',#3932,10.);
#1149=VECTOR('',#3935,10.);
#1150=VECTOR('',#3936,10.);
#1151=VECTOR('',#3937,10.);
#1152=VECTOR('',#3940,10.);
#1153=VECTOR('',#3941,10.);
#1154=VECTOR('',#3942,10.);
#1155=VECTOR('',#3945,10.);
#1156=VECTOR('',#3946,10.);
#1157=CIRCLE('',#2935,4.);
#1158=CIRCLE('',#2936,4.);
#1159=CIRCLE('',#2939,4.5);
#1160=CIRCLE('',#2940,4.5);
#1161=CIRCLE('',#2941,4.5);
#1162=CIRCLE('',#2942,4.5);
#1163=CIRCLE('',#2944,4.);
#1164=CIRCLE('',#2945,4.);
#1165=CIRCLE('',#2947,2.);
#1166=CIRCLE('',#2949,4.);
#1167=CIRCLE('',#2950,6.);
#1168=CIRCLE('',#2951,6.);
#1169=CIRCLE('',#2952,4.);
#1170=CIRCLE('',#2953,1.5);
#1171=CIRCLE('',#2954,1.5);
#1172=CIRCLE('',#2956,2.);
#1173=CIRCLE('',#2959,4.);
#1174=CIRCLE('',#2962,4.);
#1175=CIRCLE('',#2965,2.5);
#1176=CIRCLE('',#2966,4.5);
#1177=CIRCLE('',#2967,2.5);
#1178=CIRCLE('',#2969,2.5);
#1179=CIRCLE('',#2970,4.5);
#1180=CIRCLE('',#2971,2.5);
#1181=CIRCLE('',#2983,2.);
#1182=CIRCLE('',#2986,1.99999999999999);
#1183=CIRCLE('',#2989,2.5);
#1184=CIRCLE('',#2991,2.5);
#1185=CIRCLE('',#2992,2.5);
#1186=CIRCLE('',#2993,2.5);
#1187=CIRCLE('',#2994,4.);
#1188=CIRCLE('',#2997,4.);
#1189=CIRCLE('',#2999,2.5);
#1190=CIRCLE('',#3000,2.5);
#1191=CIRCLE('',#3001,4.);
#1192=CIRCLE('',#3002,1.5);
#1193=CIRCLE('',#3004,2.5);
#1194=CIRCLE('',#3005,2.5);
#1195=CIRCLE('',#3006,4.);
#1196=CIRCLE('',#3007,1.5);
#1197=CIRCLE('',#3011,4.);
#1198=CIRCLE('',#3014,4.);
#1199=CIRCLE('',#3018,2.5);
#1200=CIRCLE('',#3019,2.5);
#1201=CIRCLE('',#3020,2.5);
#1202=CIRCLE('',#3021,2.5);
#1203=CIRCLE('',#3023,4.);
#1204=CIRCLE('',#3024,4.);
#1205=CIRCLE('',#3034,2.5);
#1206=CIRCLE('',#3037,2.5);
#1207=CIRCLE('',#3039,2.5);
#1208=CIRCLE('',#3043,2.5);
#1209=CIRCLE('',#3047,4.5);
#1210=CIRCLE('',#3050,4.5);
#1211=CIRCLE('',#3052,4.5);
#1212=CIRCLE('',#3053,4.5);
#1213=CIRCLE('',#3060,2.5);
#1214=CIRCLE('',#3071,2.5);
#1215=CIRCLE('',#3080,1.8);
#1216=CIRCLE('',#3081,1.54999999999999);
#1217=CIRCLE('',#3083,2.25);
#1218=CIRCLE('',#3085,1.54999999999999);
#1219=CIRCLE('',#3087,1.8);
#1220=CIRCLE('',#3088,1.55);
#1221=CIRCLE('',#3090,2.25);
#1222=CIRCLE('',#3092,1.55);
#1223=CIRCLE('',#3104,2.25);
#1224=CIRCLE('',#3106,6.);
#1225=CIRCLE('',#3107,6.);
#1226=CIRCLE('',#3108,2.25);
#1227=VERTEX_POINT('',#3953);
#1228=VERTEX_POINT('',#3954);
#1229=VERTEX_POINT('',#3956);
#1230=VERTEX_POINT('',#3958);
#1231=VERTEX_POINT('',#3962);
#1232=VERTEX_POINT('',#3964);
#1233=VERTEX_POINT('',#3966);
#1234=VERTEX_POINT('',#3968);
#1235=VERTEX_POINT('',#3970);
#1236=VERTEX_POINT('',#3972);
#1237=VERTEX_POINT('',#3974);
#1238=VERTEX_POINT('',#3976);
#1239=VERTEX_POINT('',#3978);
#1240=VERTEX_POINT('',#3980);
#1241=VERTEX_POINT('',#3982);
#1242=VERTEX_POINT('',#3984);
#1243=VERTEX_POINT('',#3988);
#1244=VERTEX_POINT('',#3990);
#1245=VERTEX_POINT('',#3992);
#1246=VERTEX_POINT('',#3995);
#1247=VERTEX_POINT('',#3996);
#1248=VERTEX_POINT('',#3998);
#1249=VERTEX_POINT('',#4000);
#1250=VERTEX_POINT('',#4002);
#1251=VERTEX_POINT('',#4004);
#1252=VERTEX_POINT('',#4007);
#1253=VERTEX_POINT('',#4008);
#1254=VERTEX_POINT('',#4010);
#1255=VERTEX_POINT('',#4012);
#1256=VERTEX_POINT('',#4014);
#1257=VERTEX_POINT('',#4016);
#1258=VERTEX_POINT('',#4018);
#1259=VERTEX_POINT('',#4020);
#1260=VERTEX_POINT('',#4024);
#1261=VERTEX_POINT('',#4026);
#1262=VERTEX_POINT('',#4030);
#1263=VERTEX_POINT('',#4031);
#1264=VERTEX_POINT('',#4033);
#1265=VERTEX_POINT('',#4035);
#1266=VERTEX_POINT('',#4048);
#1267=VERTEX_POINT('',#4050);
#1268=VERTEX_POINT('',#4052);
#1269=VERTEX_POINT('',#4054);
#1270=VERTEX_POINT('',#4056);
#1271=VERTEX_POINT('',#4058);
#1272=VERTEX_POINT('',#4060);
#1273=VERTEX_POINT('',#4062);
#1274=VERTEX_POINT('',#4064);
#1275=VERTEX_POINT('',#4066);
#1276=VERTEX_POINT('',#4068);
#1277=VERTEX_POINT('',#4070);
#1278=VERTEX_POINT('',#4074);
#1279=VERTEX_POINT('',#4076);
#1280=VERTEX_POINT('',#4089);
#1281=VERTEX_POINT('',#4091);
#1282=VERTEX_POINT('',#4094);
#1283=VERTEX_POINT('',#4096);
#1284=VERTEX_POINT('',#4098);
#1285=VERTEX_POINT('',#4100);
#1286=VERTEX_POINT('',#4102);
#1287=VERTEX_POINT('',#4104);
#1288=VERTEX_POINT('',#4106);
#1289=VERTEX_POINT('',#4108);
#1290=VERTEX_POINT('',#4110);
#1291=VERTEX_POINT('',#4112);
#1292=VERTEX_POINT('',#4116);
#1293=VERTEX_POINT('',#4120);
#1294=VERTEX_POINT('',#4124);
#1295=VERTEX_POINT('',#4128);
#1296=VERTEX_POINT('',#4132);
#1297=VERTEX_POINT('',#4134);
#1298=VERTEX_POINT('',#4138);
#1299=VERTEX_POINT('',#4140);
#1300=VERTEX_POINT('',#4144);
#1301=VERTEX_POINT('',#4148);
#1302=VERTEX_POINT('',#4152);
#1303=VERTEX_POINT('',#4154);
#1304=VERTEX_POINT('',#4156);
#1305=VERTEX_POINT('',#4160);
#1306=VERTEX_POINT('',#4161);
#1307=VERTEX_POINT('',#4163);
#1308=VERTEX_POINT('',#4165);
#1309=VERTEX_POINT('',#4167);
#1310=VERTEX_POINT('',#4171);
#1311=VERTEX_POINT('',#4172);
#1312=VERTEX_POINT('',#4179);
#1313=VERTEX_POINT('',#4183);
#1314=VERTEX_POINT('',#4185);
#1315=VERTEX_POINT('',#4225);
#1316=VERTEX_POINT('',#4227);
#1317=VERTEX_POINT('',#4265);
#1318=VERTEX_POINT('',#4266);
#1319=VERTEX_POINT('',#4273);
#1320=VERTEX_POINT('',#4277);
#1321=VERTEX_POINT('',#4279);
#1322=VERTEX_POINT('',#4291);
#1323=VERTEX_POINT('',#4309);
#1324=VERTEX_POINT('',#4311);
#1325=VERTEX_POINT('',#4323);
#1326=VERTEX_POINT('',#4324);
#1327=VERTEX_POINT('',#4329);
#1328=VERTEX_POINT('',#4330);
#1329=VERTEX_POINT('',#4343);
#1330=VERTEX_POINT('',#4344);
#1331=VERTEX_POINT('',#4354);
#1332=VERTEX_POINT('',#4356);
#1333=VERTEX_POINT('',#4360);
#1334=VERTEX_POINT('',#4364);
#1335=VERTEX_POINT('',#4368);
#1336=VERTEX_POINT('',#4372);
#1337=VERTEX_POINT('',#4374);
#1338=VERTEX_POINT('',#4378);
#1339=VERTEX_POINT('',#4381);
#1340=VERTEX_POINT('',#4382);
#1341=VERTEX_POINT('',#4384);
#1342=VERTEX_POINT('',#4386);
#1343=VERTEX_POINT('',#4388);
#1344=VERTEX_POINT('',#4390);
#1345=VERTEX_POINT('',#4392);
#1346=VERTEX_POINT('',#4394);
#1347=VERTEX_POINT('',#4400);
#1348=VERTEX_POINT('',#4402);
#1349=VERTEX_POINT('',#4408);
#1350=VERTEX_POINT('',#4416);
#1351=VERTEX_POINT('',#4418);
#1352=VERTEX_POINT('',#4423);
#1353=VERTEX_POINT('',#4425);
#1354=VERTEX_POINT('',#4429);
#1355=VERTEX_POINT('',#4433);
#1356=VERTEX_POINT('',#4437);
#1357=VERTEX_POINT('',#4441);
#1358=VERTEX_POINT('',#4445);
#1359=VERTEX_POINT('',#4449);
#1360=VERTEX_POINT('',#4455);
#1361=VERTEX_POINT('',#4458);
#1362=VERTEX_POINT('',#4460);
#1363=VERTEX_POINT('',#4462);
#1364=VERTEX_POINT('',#4466);
#1365=VERTEX_POINT('',#4468);
#1366=VERTEX_POINT('',#4472);
#1367=VERTEX_POINT('',#4476);
#1368=VERTEX_POINT('',#4480);
#1369=VERTEX_POINT('',#4484);
#1370=VERTEX_POINT('',#4485);
#1371=VERTEX_POINT('',#4487);
#1372=VERTEX_POINT('',#4499);
#1373=VERTEX_POINT('',#4500);
#1374=VERTEX_POINT('',#4502);
#1375=VERTEX_POINT('',#4504);
#1376=VERTEX_POINT('',#4508);
#1377=VERTEX_POINT('',#4510);
#1378=VERTEX_POINT('',#4513);
#1379=VERTEX_POINT('',#4515);
#1380=VERTEX_POINT('',#4517);
#1381=VERTEX_POINT('',#4519);
#1382=VERTEX_POINT('',#4521);
#1383=VERTEX_POINT('',#4523);
#1384=VERTEX_POINT('',#4529);
#1385=VERTEX_POINT('',#4530);
#1386=VERTEX_POINT('',#4533);
#1387=VERTEX_POINT('',#4535);
#1388=VERTEX_POINT('',#4539);
#1389=VERTEX_POINT('',#4541);
#1390=VERTEX_POINT('',#4549);
#1391=VERTEX_POINT('',#4553);
#1392=VERTEX_POINT('',#4554);
#1393=VERTEX_POINT('',#4560);
#1394=VERTEX_POINT('',#4564);
#1395=VERTEX_POINT('',#4566);
#1396=VERTEX_POINT('',#4571);
#1397=VERTEX_POINT('',#4577);
#1398=VERTEX_POINT('',#4583);
#1399=VERTEX_POINT('',#4585);
#1400=VERTEX_POINT('',#4589);
#1401=VERTEX_POINT('',#4590);
#1402=VERTEX_POINT('',#4592);
#1403=VERTEX_POINT('',#4594);
#1404=VERTEX_POINT('',#4598);
#1405=VERTEX_POINT('',#4600);
#1406=VERTEX_POINT('',#4604);
#1407=VERTEX_POINT('',#4606);
#1408=VERTEX_POINT('',#4610);
#1409=VERTEX_POINT('',#4612);
#1410=VERTEX_POINT('',#4616);
#1411=VERTEX_POINT('',#4617);
#1412=VERTEX_POINT('',#4619);
#1413=VERTEX_POINT('',#4621);
#1414=VERTEX_POINT('',#4623);
#1415=VERTEX_POINT('',#4627);
#1416=VERTEX_POINT('',#4631);
#1417=VERTEX_POINT('',#4633);
#1418=VERTEX_POINT('',#4637);
#1419=VERTEX_POINT('',#4639);
#1420=VERTEX_POINT('',#4641);
#1421=VERTEX_POINT('',#4645);
#1422=VERTEX_POINT('',#4654);
#1423=VERTEX_POINT('',#4656);
#1424=VERTEX_POINT('',#4660);
#1425=VERTEX_POINT('',#4662);
#1426=VERTEX_POINT('',#4664);
#1427=VERTEX_POINT('',#4666);
#1428=VERTEX_POINT('',#4668);
#1429=VERTEX_POINT('',#4674);
#1430=VERTEX_POINT('',#4676);
#1431=VERTEX_POINT('',#4683);
#1432=VERTEX_POINT('',#4687);
#1433=VERTEX_POINT('',#4693);
#1434=VERTEX_POINT('',#4695);
#1435=VERTEX_POINT('',#4698);
#1436=VERTEX_POINT('',#4700);
#1437=VERTEX_POINT('',#4702);
#1438=VERTEX_POINT('',#4712);
#1439=VERTEX_POINT('',#4722);
#1440=VERTEX_POINT('',#4726);
#1441=VERTEX_POINT('',#4728);
#1442=VERTEX_POINT('',#4736);
#1443=VERTEX_POINT('',#4740);
#1444=VERTEX_POINT('',#4745);
#1445=VERTEX_POINT('',#4746);
#1446=VERTEX_POINT('',#4748);
#1447=VERTEX_POINT('',#4750);
#1448=VERTEX_POINT('',#4754);
#1449=VERTEX_POINT('',#4756);
#1450=VERTEX_POINT('',#4760);
#1451=VERTEX_POINT('',#4762);
#1452=VERTEX_POINT('',#4766);
#1453=VERTEX_POINT('',#4768);
#1454=VERTEX_POINT('',#4772);
#1455=VERTEX_POINT('',#4774);
#1456=VERTEX_POINT('',#4781);
#1457=VERTEX_POINT('',#4783);
#1458=VERTEX_POINT('',#4787);
#1459=VERTEX_POINT('',#4791);
#1460=VERTEX_POINT('',#4797);
#1461=VERTEX_POINT('',#4798);
#1462=VERTEX_POINT('',#4800);
#1463=VERTEX_POINT('',#4802);
#1464=VERTEX_POINT('',#4806);
#1465=VERTEX_POINT('',#4808);
#1466=VERTEX_POINT('',#4812);
#1467=VERTEX_POINT('',#4814);
#1468=VERTEX_POINT('',#4818);
#1469=VERTEX_POINT('',#4820);
#1470=VERTEX_POINT('',#4824);
#1471=VERTEX_POINT('',#4826);
#1472=VERTEX_POINT('',#4833);
#1473=VERTEX_POINT('',#4835);
#1474=VERTEX_POINT('',#4839);
#1475=VERTEX_POINT('',#4843);
#1476=VERTEX_POINT('',#4849);
#1477=VERTEX_POINT('',#4851);
#1478=VERTEX_POINT('',#4857);
#1479=VERTEX_POINT('',#4861);
#1480=VERTEX_POINT('',#4877);
#1481=VERTEX_POINT('',#4878);
#1482=VERTEX_POINT('',#4880);
#1483=VERTEX_POINT('',#4882);
#1484=VERTEX_POINT('',#4886);
#1485=VERTEX_POINT('',#4888);
#1486=VERTEX_POINT('',#4892);
#1487=VERTEX_POINT('',#4894);
#1488=EDGE_CURVE('',#1227,#1228,#1157,.T.);
#1489=EDGE_CURVE('',#1227,#1229,#483,.T.);
#1490=EDGE_CURVE('',#1229,#1230,#1158,.T.);
#1491=EDGE_CURVE('',#1230,#1228,#484,.T.);
#1492=EDGE_CURVE('',#1231,#1228,#485,.T.);
#1493=EDGE_CURVE('',#1232,#1231,#486,.T.);
#1494=EDGE_CURVE('',#1233,#1232,#487,.T.);
#1495=EDGE_CURVE('',#1234,#1233,#488,.T.);
#1496=EDGE_CURVE('',#1235,#1234,#489,.T.);
#1497=EDGE_CURVE('',#1236,#1235,#490,.T.);
#1498=EDGE_CURVE('',#1237,#1236,#491,.T.);
#1499=EDGE_CURVE('',#1238,#1237,#492,.T.);
#1500=EDGE_CURVE('',#1239,#1238,#493,.T.);
#1501=EDGE_CURVE('',#1240,#1239,#494,.T.);
#1502=EDGE_CURVE('',#1241,#1240,#495,.T.);
#1503=EDGE_CURVE('',#1242,#1241,#496,.T.);
#1504=EDGE_CURVE('',#1227,#1242,#497,.T.);
#1505=EDGE_CURVE('',#1230,#1243,#498,.T.);
#1506=EDGE_CURVE('',#1244,#1243,#499,.T.);
#1507=EDGE_CURVE('',#1244,#1245,#500,.T.);
#1508=EDGE_CURVE('',#1231,#1245,#501,.T.);
#1509=EDGE_CURVE('',#1246,#1247,#502,.T.);
#1510=EDGE_CURVE('',#1248,#1246,#503,.T.);
#1511=EDGE_CURVE('',#1248,#1249,#504,.T.);
#1512=EDGE_CURVE('',#1250,#1249,#505,.T.);
#1513=EDGE_CURVE('',#1251,#1250,#506,.T.);
#1514=EDGE_CURVE('',#1251,#1247,#507,.T.);
#1515=EDGE_CURVE('',#1252,#1253,#508,.T.);
#1516=EDGE_CURVE('',#1254,#1252,#1159,.T.);
#1517=EDGE_CURVE('',#1255,#1254,#509,.T.);
#1518=EDGE_CURVE('',#1256,#1255,#1160,.T.);
#1519=EDGE_CURVE('',#1257,#1256,#510,.T.);
#1520=EDGE_CURVE('',#1258,#1257,#1161,.T.);
#1521=EDGE_CURVE('',#1259,#1258,#511,.T.);
#1522=EDGE_CURVE('',#1253,#1259,#1162,.T.);
#1523=EDGE_CURVE('',#1260,#1244,#1163,.T.);
#1524=EDGE_CURVE('',#1243,#1261,#1164,.T.);
#1525=EDGE_CURVE('',#1261,#1260,#512,.T.);
#1526=EDGE_CURVE('',#1262,#1263,#1165,.T.);
#1527=EDGE_CURVE('',#1262,#1264,#513,.T.);
#1528=EDGE_CURVE('',#1264,#1265,#31,.T.);
#1529=EDGE_CURVE('',#1265,#1263,#514,.T.);
#1530=EDGE_CURVE('',#1266,#1265,#1166,.T.);
#1531=EDGE_CURVE('',#1267,#1266,#515,.T.);
#1532=EDGE_CURVE('',#1268,#1267,#1167,.T.);
#1533=EDGE_CURVE('',#1269,#1268,#516,.T.);
#1534=EDGE_CURVE('',#1270,#1269,#1168,.T.);
#1535=EDGE_CURVE('',#1271,#1270,#517,.T.);
#1536=EDGE_CURVE('',#1272,#1271,#1169,.T.);
#1537=EDGE_CURVE('',#1273,#1272,#518,.T.);
#1538=EDGE_CURVE('',#1274,#1273,#519,.T.);
#1539=EDGE_CURVE('',#1275,#1274,#1170,.T.);
#1540=EDGE_CURVE('',#1276,#1275,#520,.T.);
#1541=EDGE_CURVE('',#1277,#1276,#1171,.T.);
#1542=EDGE_CURVE('',#1263,#1277,#521,.T.);
#1543=EDGE_CURVE('',#1273,#1278,#1172,.T.);
#1544=EDGE_CURVE('',#1272,#1279,#32,.T.);
#1545=EDGE_CURVE('',#1279,#1278,#522,.T.);
#1546=EDGE_CURVE('',#1280,#1262,#523,.T.);
#1547=EDGE_CURVE('',#1281,#1280,#524,.T.);
#1548=EDGE_CURVE('',#1278,#1281,#525,.T.);
#1549=EDGE_CURVE('',#1282,#1279,#526,.T.);
#1550=EDGE_CURVE('',#1282,#1283,#527,.T.);
#1551=EDGE_CURVE('',#1284,#1283,#528,.T.);
#1552=EDGE_CURVE('',#1284,#1285,#529,.T.);
#1553=EDGE_CURVE('',#1285,#1286,#530,.T.);
#1554=EDGE_CURVE('',#1287,#1286,#531,.T.);
#1555=EDGE_CURVE('',#1288,#1287,#532,.T.);
#1556=EDGE_CURVE('',#1288,#1289,#533,.T.);
#1557=EDGE_CURVE('',#1290,#1289,#534,.T.);
#1558=EDGE_CURVE('',#1290,#1291,#535,.T.);
#1559=EDGE_CURVE('',#1264,#1291,#536,.T.);
#1560=EDGE_CURVE('',#1271,#1292,#537,.T.);
#1561=EDGE_CURVE('',#1292,#1282,#1173,.T.);
#1562=EDGE_CURVE('',#1293,#1270,#538,.T.);
#1563=EDGE_CURVE('',#1293,#1292,#539,.T.);
#1564=EDGE_CURVE('',#1291,#1294,#1174,.T.);
#1565=EDGE_CURVE('',#1294,#1266,#540,.T.);
#1566=EDGE_CURVE('',#1294,#1295,#541,.T.);
#1567=EDGE_CURVE('',#1295,#1267,#542,.T.);
#1568=EDGE_CURVE('',#1263,#1296,#1175,.T.);
#1569=EDGE_CURVE('',#1296,#1297,#1176,.T.);
#1570=EDGE_CURVE('',#1262,#1297,#1177,.T.);
#1571=EDGE_CURVE('',#1278,#1298,#1178,.T.);
#1572=EDGE_CURVE('',#1298,#1299,#1179,.T.);
#1573=EDGE_CURVE('',#1273,#1299,#1180,.T.);
#1574=EDGE_CURVE('',#1300,#1236,#543,.T.);
#1575=EDGE_CURVE('',#1300,#1237,#544,.T.);
#1576=EDGE_CURVE('',#1300,#1301,#545,.T.);
#1577=EDGE_CURVE('',#1301,#1238,#546,.T.);
#1578=EDGE_CURVE('',#1235,#1302,#547,.T.);
#1579=EDGE_CURVE('',#1303,#1302,#548,.T.);
#1580=EDGE_CURVE('',#1304,#1303,#549,.T.);
#1581=EDGE_CURVE('',#1236,#1304,#550,.T.);
#1582=EDGE_CURVE('',#1305,#1306,#551,.T.);
#1583=EDGE_CURVE('',#1307,#1306,#552,.T.);
#1584=EDGE_CURVE('',#1308,#1307,#553,.T.);
#1585=EDGE_CURVE('',#1309,#1308,#554,.T.);
#1586=EDGE_CURVE('',#1305,#1309,#555,.T.);
#1587=EDGE_CURVE('',#1310,#1311,#556,.T.);
#1588=EDGE_CURVE('',#1247,#1311,#557,.T.);
#1589=EDGE_CURVE('',#1310,#1251,#558,.T.);
#1590=EDGE_CURVE('',#1311,#1246,#559,.T.);
#1591=EDGE_CURVE('',#1312,#1249,#560,.T.);
#1592=EDGE_CURVE('',#1312,#1250,#561,.T.);
#1593=EDGE_CURVE('',#1233,#1313,#562,.T.);
#1594=EDGE_CURVE('',#1314,#1313,#563,.T.);
#1595=EDGE_CURVE('',#1314,#1234,#564,.T.);
#1596=EDGE_CURVE('',#1250,#1310,#565,.T.);
#1597=EDGE_CURVE('',#1280,#1315,#23,.T.);
#1598=EDGE_CURVE('',#1315,#1316,#24,.T.);
#1599=EDGE_CURVE('',#1316,#1280,#1181,.T.);
#1600=EDGE_CURVE('',#1317,#1318,#25,.T.);
#1601=EDGE_CURVE('',#1318,#1281,#26,.T.);
#1602=EDGE_CURVE('',#1281,#1317,#1182,.T.);
#1603=EDGE_CURVE('',#1297,#1315,#566,.T.);
#1604=EDGE_CURVE('',#1277,#1319,#1183,.T.);
#1605=EDGE_CURVE('',#1319,#1296,#567,.T.);
#1606=EDGE_CURVE('',#1320,#1276,#1184,.T.);
#1607=EDGE_CURVE('',#1275,#1321,#1185,.T.);
#1608=EDGE_CURVE('',#1321,#1320,#568,.T.);
#1609=EDGE_CURVE('',#1274,#1322,#1186,.T.);
#1610=EDGE_CURVE('',#1322,#1321,#1187,.T.);
#1611=EDGE_CURVE('',#1299,#1322,#569,.T.);
#1612=EDGE_CURVE('',#1318,#1298,#570,.T.);
#1613=EDGE_CURVE('',#1320,#1319,#1188,.T.);
#1614=EDGE_CURVE('',#1317,#1323,#571,.T.);
#1615=EDGE_CURVE('',#1323,#1324,#1189,.T.);
#1616=EDGE_CURVE('',#1324,#1318,#572,.T.);
#1617=EDGE_CURVE('',#1325,#1326,#1190,.T.);
#1618=EDGE_CURVE('',#1326,#1324,#1191,.T.);
#1619=EDGE_CURVE('',#1323,#1325,#1192,.T.);
#1620=EDGE_CURVE('',#1327,#1328,#1193,.T.);
#1621=EDGE_CURVE('',#1328,#1326,#573,.T.);
#1622=EDGE_CURVE('',#1325,#1327,#574,.T.);
#1623=EDGE_CURVE('',#1329,#1330,#1194,.T.);
#1624=EDGE_CURVE('',#1330,#1328,#1195,.T.);
#1625=EDGE_CURVE('',#1327,#1329,#1196,.T.);
#1626=EDGE_CURVE('',#1315,#1330,#575,.T.);
#1627=EDGE_CURVE('',#1329,#1316,#576,.T.);
#1628=EDGE_CURVE('',#1316,#1317,#577,.T.);
#1629=EDGE_CURVE('',#1330,#1331,#578,.T.);
#1630=EDGE_CURVE('',#1331,#1332,#1197,.T.);
#1631=EDGE_CURVE('',#1332,#1328,#579,.T.);
#1632=EDGE_CURVE('',#1333,#1319,#580,.T.);
#1633=EDGE_CURVE('',#1331,#1333,#581,.T.);
#1634=EDGE_CURVE('',#1320,#1334,#582,.T.);
#1635=EDGE_CURVE('',#1334,#1333,#1198,.T.);
#1636=EDGE_CURVE('',#1335,#1321,#583,.T.);
#1637=EDGE_CURVE('',#1334,#1335,#584,.T.);
#1638=EDGE_CURVE('',#1336,#1324,#585,.T.);
#1639=EDGE_CURVE('',#1337,#1336,#586,.T.);
#1640=EDGE_CURVE('',#1322,#1337,#587,.T.);
#1641=EDGE_CURVE('',#1338,#1332,#588,.T.);
#1642=EDGE_CURVE('',#1326,#1338,#589,.T.);
#1643=EDGE_CURVE('',#1339,#1340,#590,.T.);
#1644=EDGE_CURVE('',#1341,#1339,#1199,.T.);
#1645=EDGE_CURVE('',#1342,#1341,#591,.T.);
#1646=EDGE_CURVE('',#1343,#1342,#1200,.T.);
#1647=EDGE_CURVE('',#1344,#1343,#592,.T.);
#1648=EDGE_CURVE('',#1345,#1344,#1201,.T.);
#1649=EDGE_CURVE('',#1346,#1345,#593,.T.);
#1650=EDGE_CURVE('',#1340,#1346,#1202,.T.);
#1651=EDGE_CURVE('',#1337,#1335,#1203,.T.);
#1652=EDGE_CURVE('',#1338,#1336,#1204,.T.);
#1653=EDGE_CURVE('',#1229,#1347,#594,.T.);
#1654=EDGE_CURVE('',#1347,#1348,#595,.T.);
#1655=EDGE_CURVE('',#1348,#1261,#596,.T.);
#1656=EDGE_CURVE('',#1349,#1312,#597,.T.);
#1657=EDGE_CURVE('',#1246,#1349,#598,.T.);
#1658=EDGE_CURVE('',#1246,#1250,#599,.T.);
#1659=EDGE_CURVE('',#1349,#1248,#600,.T.);
#1660=EDGE_CURVE('',#1350,#1245,#601,.T.);
#1661=EDGE_CURVE('',#1351,#1260,#602,.T.);
#1662=EDGE_CURVE('',#1350,#1351,#603,.T.);
#1663=EDGE_CURVE('',#1345,#1352,#604,.T.);
#1664=EDGE_CURVE('',#1353,#1352,#605,.T.);
#1665=EDGE_CURVE('',#1346,#1353,#606,.T.);
#1666=EDGE_CURVE('',#1340,#1354,#607,.T.);
#1667=EDGE_CURVE('',#1354,#1353,#1205,.T.);
#1668=EDGE_CURVE('',#1339,#1355,#608,.T.);
#1669=EDGE_CURVE('',#1355,#1354,#609,.T.);
#1670=EDGE_CURVE('',#1344,#1356,#610,.T.);
#1671=EDGE_CURVE('',#1352,#1356,#1206,.T.);
#1672=EDGE_CURVE('',#1341,#1357,#611,.T.);
#1673=EDGE_CURVE('',#1357,#1355,#1207,.T.);
#1674=EDGE_CURVE('',#1343,#1358,#612,.T.);
#1675=EDGE_CURVE('',#1356,#1358,#613,.T.);
#1676=EDGE_CURVE('',#1342,#1359,#614,.T.);
#1677=EDGE_CURVE('',#1359,#1357,#615,.T.);
#1678=EDGE_CURVE('',#1358,#1359,#1208,.T.);
#1679=EDGE_CURVE('',#1242,#1360,#616,.T.);
#1680=EDGE_CURVE('',#1360,#1284,#617,.T.);
#1681=EDGE_CURVE('',#1283,#1361,#618,.T.);
#1682=EDGE_CURVE('',#1361,#1362,#619,.T.);
#1683=EDGE_CURVE('',#1362,#1363,#620,.T.);
#1684=EDGE_CURVE('',#1363,#1347,#621,.T.);
#1685=EDGE_CURVE('',#1256,#1364,#622,.T.);
#1686=EDGE_CURVE('',#1365,#1364,#623,.T.);
#1687=EDGE_CURVE('',#1257,#1365,#624,.T.);
#1688=EDGE_CURVE('',#1255,#1366,#625,.T.);
#1689=EDGE_CURVE('',#1364,#1366,#1209,.T.);
#1690=EDGE_CURVE('',#1254,#1367,#626,.T.);
#1691=EDGE_CURVE('',#1366,#1367,#627,.T.);
#1692=EDGE_CURVE('',#1252,#1368,#628,.T.);
#1693=EDGE_CURVE('',#1367,#1368,#1210,.T.);
#1694=EDGE_CURVE('',#1369,#1370,#1211,.T.);
#1695=EDGE_CURVE('',#1370,#1371,#629,.T.);
#1696=EDGE_CURVE('',#1371,#1365,#1212,.T.);
#1697=EDGE_CURVE('',#1368,#1369,#630,.T.);
#1698=EDGE_CURVE('',#1253,#1369,#631,.T.);
#1699=EDGE_CURVE('',#1258,#1371,#632,.T.);
#1700=EDGE_CURVE('',#1259,#1370,#633,.T.);
#1701=EDGE_CURVE('',#1372,#1373,#634,.T.);
#1702=EDGE_CURVE('',#1374,#1372,#635,.T.);
#1703=EDGE_CURVE('',#1375,#1374,#636,.T.);
#1704=EDGE_CURVE('',#1373,#1375,#637,.T.);
#1705=EDGE_CURVE('',#1373,#1376,#638,.T.);
#1706=EDGE_CURVE('',#1375,#1377,#639,.T.);
#1707=EDGE_CURVE('',#1377,#1314,#640,.T.);
#1708=EDGE_CURVE('',#1313,#1378,#641,.T.);
#1709=EDGE_CURVE('',#1378,#1379,#642,.T.);
#1710=EDGE_CURVE('',#1380,#1379,#1213,.T.);
#1711=EDGE_CURVE('',#1381,#1380,#643,.T.);
#1712=EDGE_CURVE('',#1382,#1381,#644,.T.);
#1713=EDGE_CURVE('',#1383,#1382,#645,.T.);
#1714=EDGE_CURVE('',#1376,#1383,#646,.T.);
#1715=EDGE_CURVE('',#1302,#1377,#647,.T.);
#1716=EDGE_CURVE('',#1384,#1385,#648,.T.);
#1717=EDGE_CURVE('',#1376,#1385,#649,.T.);
#1718=EDGE_CURVE('',#1386,#1381,#650,.T.);
#1719=EDGE_CURVE('',#1386,#1387,#651,.T.);
#1720=EDGE_CURVE('',#1387,#1384,#652,.T.);
#1721=EDGE_CURVE('',#1388,#1380,#653,.T.);
#1722=EDGE_CURVE('',#1389,#1388,#654,.T.);
#1723=EDGE_CURVE('',#1302,#1389,#655,.T.);
#1724=EDGE_CURVE('',#1386,#1374,#656,.T.);
#1725=EDGE_CURVE('',#1372,#1385,#657,.T.);
#1726=EDGE_CURVE('',#1232,#1389,#658,.T.);
#1727=EDGE_CURVE('',#1389,#1390,#659,.T.);
#1728=EDGE_CURVE('',#1390,#1378,#660,.T.);
#1729=EDGE_CURVE('',#1391,#1392,#661,.T.);
#1730=EDGE_CURVE('',#1308,#1391,#662,.T.);
#1731=EDGE_CURVE('',#1309,#1308,#663,.T.);
#1732=EDGE_CURVE('',#1309,#1392,#664,.T.);
#1733=EDGE_CURVE('',#1391,#1393,#665,.T.);
#1734=EDGE_CURVE('',#1393,#1308,#666,.T.);
#1735=EDGE_CURVE('',#1392,#1394,#667,.T.);
#1736=EDGE_CURVE('',#1394,#1395,#668,.T.);
#1737=EDGE_CURVE('',#1395,#1393,#669,.T.);
#1738=EDGE_CURVE('',#1379,#1396,#670,.T.);
#1739=EDGE_CURVE('',#1388,#1396,#1214,.F.);
#1740=EDGE_CURVE('',#1396,#1390,#671,.T.);
#1741=EDGE_CURVE('',#1350,#1397,#672,.T.);
#1742=EDGE_CURVE('',#1388,#1397,#673,.T.);
#1743=EDGE_CURVE('',#1389,#1388,#674,.T.);
#1744=EDGE_CURVE('',#1397,#1398,#675,.T.);
#1745=EDGE_CURVE('',#1398,#1399,#676,.T.);
#1746=EDGE_CURVE('',#1303,#1399,#677,.T.);
#1747=EDGE_CURVE('',#1400,#1401,#678,.T.);
#1748=EDGE_CURVE('',#1401,#1402,#679,.T.);
#1749=EDGE_CURVE('',#1402,#1403,#680,.T.);
#1750=EDGE_CURVE('',#1403,#1400,#681,.T.);
#1751=EDGE_CURVE('',#1401,#1404,#682,.T.);
#1752=EDGE_CURVE('',#1405,#1404,#683,.T.);
#1753=EDGE_CURVE('',#1405,#1402,#684,.T.);
#1754=EDGE_CURVE('',#1406,#1400,#685,.T.);
#1755=EDGE_CURVE('',#1407,#1406,#686,.T.);
#1756=EDGE_CURVE('',#1404,#1407,#687,.T.);
#1757=EDGE_CURVE('',#1408,#1408,#1215,.T.);
#1758=EDGE_CURVE('',#1408,#1409,#688,.T.);
#1759=EDGE_CURVE('',#1409,#1409,#1216,.T.);
#1760=EDGE_CURVE('',#1410,#1411,#689,.T.);
#1761=EDGE_CURVE('',#1412,#1410,#690,.T.);
#1762=EDGE_CURVE('',#1412,#1413,#691,.T.);
#1763=EDGE_CURVE('',#1413,#1414,#1217,.T.);
#1764=EDGE_CURVE('',#1414,#1411,#692,.T.);
#1765=EDGE_CURVE('',#1415,#1415,#1218,.T.);
#1766=EDGE_CURVE('',#1415,#1409,#693,.T.);
#1767=EDGE_CURVE('',#1416,#1416,#1219,.T.);
#1768=EDGE_CURVE('',#1416,#1417,#694,.T.);
#1769=EDGE_CURVE('',#1417,#1417,#1220,.T.);
#1770=EDGE_CURVE('',#1363,#1418,#695,.T.);
#1771=EDGE_CURVE('',#1362,#1419,#696,.T.);
#1772=EDGE_CURVE('',#1419,#1420,#1221,.T.);
#1773=EDGE_CURVE('',#1420,#1418,#697,.T.);
#1774=EDGE_CURVE('',#1421,#1421,#1222,.T.);
#1775=EDGE_CURVE('',#1421,#1417,#698,.T.);
#1776=EDGE_CURVE('',#1395,#1309,#699,.T.);
#1777=EDGE_CURVE('',#1301,#1305,#700,.T.);
#1778=EDGE_CURVE('',#1395,#1239,#701,.T.);
#1779=EDGE_CURVE('',#1422,#1307,#702,.T.);
#1780=EDGE_CURVE('',#1423,#1422,#703,.T.);
#1781=EDGE_CURVE('',#1423,#1240,#704,.T.);
#1782=EDGE_CURVE('',#1424,#1304,#705,.T.);
#1783=EDGE_CURVE('',#1424,#1425,#706,.T.);
#1784=EDGE_CURVE('',#1426,#1425,#707,.T.);
#1785=EDGE_CURVE('',#1427,#1426,#708,.T.);
#1786=EDGE_CURVE('',#1428,#1427,#709,.T.);
#1787=EDGE_CURVE('',#1306,#1428,#710,.T.);
#1788=EDGE_CURVE('',#1399,#1424,#711,.T.);
#1789=EDGE_CURVE('',#1418,#1429,#712,.T.);
#1790=EDGE_CURVE('',#1429,#1430,#713,.T.);
#1791=EDGE_CURVE('',#1430,#1412,#714,.T.);
#1792=EDGE_CURVE('',#1348,#1410,#715,.T.);
#1793=EDGE_CURVE('',#1431,#1361,#716,.T.);
#1794=EDGE_CURVE('',#1419,#1431,#717,.T.);
#1795=EDGE_CURVE('',#1432,#1420,#718,.T.);
#1796=EDGE_CURVE('',#1429,#1432,#719,.T.);
#1797=EDGE_CURVE('',#1432,#1431,#1223,.T.);
#1798=EDGE_CURVE('',#1433,#1293,#1224,.T.);
#1799=EDGE_CURVE('',#1434,#1433,#720,.T.);
#1800=EDGE_CURVE('',#1295,#1434,#1225,.T.);
#1801=EDGE_CURVE('',#1435,#1290,#721,.T.);
#1802=EDGE_CURVE('',#1435,#1436,#722,.T.);
#1803=EDGE_CURVE('',#1436,#1437,#1226,.T.);
#1804=EDGE_CURVE('',#1437,#1430,#723,.T.);
#1805=EDGE_CURVE('',#1413,#1437,#724,.T.);
#1806=EDGE_CURVE('',#1411,#1435,#725,.T.);
#1807=EDGE_CURVE('',#1436,#1414,#726,.T.);
#1808=EDGE_CURVE('',#1289,#1438,#727,.T.);
#1809=EDGE_CURVE('',#1438,#1405,#728,.T.);
#1810=EDGE_CURVE('',#1425,#1407,#729,.T.);
#1811=EDGE_CURVE('',#1351,#1398,#730,.T.);
#1812=EDGE_CURVE('',#1434,#1268,#731,.T.);
#1813=EDGE_CURVE('',#1269,#1433,#732,.T.);
#1814=EDGE_CURVE('',#1426,#1439,#733,.T.);
#1815=EDGE_CURVE('',#1427,#1439,#734,.T.);
#1816=EDGE_CURVE('',#1440,#1439,#735,.T.);
#1817=EDGE_CURVE('',#1441,#1440,#736,.T.);
#1818=EDGE_CURVE('',#1428,#1441,#737,.T.);
#1819=EDGE_CURVE('',#1422,#1441,#738,.T.);
#1820=EDGE_CURVE('',#1287,#1440,#739,.T.);
#1821=EDGE_CURVE('',#1423,#1286,#740,.T.);
#1822=EDGE_CURVE('',#1285,#1442,#741,.T.);
#1823=EDGE_CURVE('',#1442,#1241,#742,.T.);
#1824=EDGE_CURVE('',#1443,#1403,#743,.T.);
#1825=EDGE_CURVE('',#1443,#1288,#744,.T.);
#1826=EDGE_CURVE('',#1439,#1406,#745,.T.);
#1827=EDGE_CURVE('',#1444,#1445,#746,.T.);
#1828=EDGE_CURVE('',#1445,#1446,#747,.T.);
#1829=EDGE_CURVE('',#1446,#1447,#748,.T.);
#1830=EDGE_CURVE('',#1444,#1447,#749,.T.);
#1831=EDGE_CURVE('',#1445,#1448,#750,.T.);
#1832=EDGE_CURVE('',#1448,#1449,#751,.T.);
#1833=EDGE_CURVE('',#1449,#1446,#752,.T.);
#1834=EDGE_CURVE('',#1450,#1449,#753,.T.);
#1835=EDGE_CURVE('',#1448,#1451,#754,.T.);
#1836=EDGE_CURVE('',#1451,#1450,#755,.T.);
#1837=EDGE_CURVE('',#1452,#1450,#756,.T.);
#1838=EDGE_CURVE('',#1451,#1453,#757,.T.);
#1839=EDGE_CURVE('',#1453,#1452,#758,.T.);
#1840=EDGE_CURVE('',#1454,#1452,#759,.T.);
#1841=EDGE_CURVE('',#1453,#1455,#760,.T.);
#1842=EDGE_CURVE('',#1455,#1454,#761,.T.);
#1843=EDGE_CURVE('',#1447,#1454,#762,.T.);
#1844=EDGE_CURVE('',#1455,#1444,#763,.T.);
#1845=EDGE_CURVE('',#1454,#1456,#764,.T.);
#1846=EDGE_CURVE('',#1456,#1457,#765,.T.);
#1847=EDGE_CURVE('',#1452,#1457,#766,.T.);
#1848=EDGE_CURVE('',#1447,#1458,#767,.T.);
#1849=EDGE_CURVE('',#1458,#1456,#768,.T.);
#1850=EDGE_CURVE('',#1446,#1459,#769,.T.);
#1851=EDGE_CURVE('',#1459,#1458,#770,.T.);
#1852=EDGE_CURVE('',#1438,#1443,#771,.T.);
#1853=EDGE_CURVE('',#1460,#1461,#772,.T.);
#1854=EDGE_CURVE('',#1461,#1462,#773,.T.);
#1855=EDGE_CURVE('',#1462,#1463,#774,.T.);
#1856=EDGE_CURVE('',#1460,#1463,#775,.T.);
#1857=EDGE_CURVE('',#1461,#1464,#776,.T.);
#1858=EDGE_CURVE('',#1464,#1465,#777,.T.);
#1859=EDGE_CURVE('',#1465,#1462,#778,.T.);
#1860=EDGE_CURVE('',#1466,#1465,#779,.T.);
#1861=EDGE_CURVE('',#1464,#1467,#780,.T.);
#1862=EDGE_CURVE('',#1467,#1466,#781,.T.);
#1863=EDGE_CURVE('',#1468,#1466,#782,.T.);
#1864=EDGE_CURVE('',#1467,#1469,#783,.T.);
#1865=EDGE_CURVE('',#1469,#1468,#784,.T.);
#1866=EDGE_CURVE('',#1470,#1468,#785,.T.);
#1867=EDGE_CURVE('',#1469,#1471,#786,.T.);
#1868=EDGE_CURVE('',#1471,#1470,#787,.T.);
#1869=EDGE_CURVE('',#1463,#1470,#788,.T.);
#1870=EDGE_CURVE('',#1471,#1460,#789,.T.);
#1871=EDGE_CURVE('',#1470,#1472,#790,.T.);
#1872=EDGE_CURVE('',#1472,#1473,#791,.T.);
#1873=EDGE_CURVE('',#1468,#1473,#792,.T.);
#1874=EDGE_CURVE('',#1463,#1474,#793,.T.);
#1875=EDGE_CURVE('',#1474,#1472,#794,.T.);
#1876=EDGE_CURVE('',#1462,#1475,#795,.T.);
#1877=EDGE_CURVE('',#1475,#1474,#796,.T.);
#1878=EDGE_CURVE('',#1442,#1360,#797,.T.);
#1879=EDGE_CURVE('',#1476,#1475,#798,.T.);
#1880=EDGE_CURVE('',#1477,#1476,#799,.T.);
#1881=EDGE_CURVE('',#1473,#1477,#800,.T.);
#1882=EDGE_CURVE('',#1465,#1476,#801,.T.);
#1883=EDGE_CURVE('',#1449,#1478,#802,.T.);
#1884=EDGE_CURVE('',#1478,#1459,#803,.T.);
#1885=EDGE_CURVE('',#1450,#1479,#804,.T.);
#1886=EDGE_CURVE('',#1479,#1478,#805,.T.);
#1887=EDGE_CURVE('',#1457,#1479,#806,.T.);
#1888=EDGE_CURVE('',#1466,#1477,#807,.T.);
#1889=EDGE_CURVE('',#1480,#1481,#808,.T.);
#1890=EDGE_CURVE('',#1481,#1482,#809,.T.);
#1891=EDGE_CURVE('',#1483,#1482,#810,.T.);
#1892=EDGE_CURVE('',#1480,#1483,#811,.T.);
#1893=EDGE_CURVE('',#1484,#1480,#812,.T.);
#1894=EDGE_CURVE('',#1485,#1483,#813,.T.);
#1895=EDGE_CURVE('',#1484,#1485,#814,.T.);
#1896=EDGE_CURVE('',#1486,#1484,#815,.T.);
#1897=EDGE_CURVE('',#1487,#1485,#816,.T.);
#1898=EDGE_CURVE('',#1486,#1487,#817,.T.);
#1899=EDGE_CURVE('',#1481,#1486,#818,.T.);
#1900=EDGE_CURVE('',#1482,#1487,#819,.T.);
#1901=ORIENTED_EDGE('',*,*,#1488,.F.);
#1902=ORIENTED_EDGE('',*,*,#1489,.T.);
#1903=ORIENTED_EDGE('',*,*,#1490,.T.);
#1904=ORIENTED_EDGE('',*,*,#1491,.T.);
#1905=ORIENTED_EDGE('',*,*,#1488,.T.);
#1906=ORIENTED_EDGE('',*,*,#1492,.F.);
#1907=ORIENTED_EDGE('',*,*,#1493,.F.);
#1908=ORIENTED_EDGE('',*,*,#1494,.F.);
#1909=ORIENTED_EDGE('',*,*,#1495,.F.);
#1910=ORIENTED_EDGE('',*,*,#1496,.F.);
#1911=ORIENTED_EDGE('',*,*,#1497,.F.);
#1912=ORIENTED_EDGE('',*,*,#1498,.F.);
#1913=ORIENTED_EDGE('',*,*,#1499,.F.);
#1914=ORIENTED_EDGE('',*,*,#1500,.F.);
#1915=ORIENTED_EDGE('',*,*,#1501,.F.);
#1916=ORIENTED_EDGE('',*,*,#1502,.F.);
#1917=ORIENTED_EDGE('',*,*,#1503,.F.);
#1918=ORIENTED_EDGE('',*,*,#1504,.F.);
#1919=ORIENTED_EDGE('',*,*,#1491,.F.);
#1920=ORIENTED_EDGE('',*,*,#1505,.T.);
#1921=ORIENTED_EDGE('',*,*,#1506,.F.);
#1922=ORIENTED_EDGE('',*,*,#1507,.T.);
#1923=ORIENTED_EDGE('',*,*,#1508,.F.);
#1924=ORIENTED_EDGE('',*,*,#1492,.T.);
#1925=ORIENTED_EDGE('',*,*,#1509,.F.);
#1926=ORIENTED_EDGE('',*,*,#1510,.F.);
#1927=ORIENTED_EDGE('',*,*,#1511,.T.);
#1928=ORIENTED_EDGE('',*,*,#1512,.F.);
#1929=ORIENTED_EDGE('',*,*,#1513,.F.);
#1930=ORIENTED_EDGE('',*,*,#1514,.T.);
#1931=ORIENTED_EDGE('',*,*,#1515,.F.);
#1932=ORIENTED_EDGE('',*,*,#1516,.F.);
#1933=ORIENTED_EDGE('',*,*,#1517,.F.);
#1934=ORIENTED_EDGE('',*,*,#1518,.F.);
#1935=ORIENTED_EDGE('',*,*,#1519,.F.);
#1936=ORIENTED_EDGE('',*,*,#1520,.F.);
#1937=ORIENTED_EDGE('',*,*,#1521,.F.);
#1938=ORIENTED_EDGE('',*,*,#1522,.F.);
#1939=ORIENTED_EDGE('',*,*,#1523,.T.);
#1940=ORIENTED_EDGE('',*,*,#1506,.T.);
#1941=ORIENTED_EDGE('',*,*,#1524,.T.);
#1942=ORIENTED_EDGE('',*,*,#1525,.T.);
#1943=ORIENTED_EDGE('',*,*,#1526,.F.);
#1944=ORIENTED_EDGE('',*,*,#1527,.T.);
#1945=ORIENTED_EDGE('',*,*,#1528,.T.);
#1946=ORIENTED_EDGE('',*,*,#1529,.T.);
#1947=ORIENTED_EDGE('',*,*,#1529,.F.);
#1948=ORIENTED_EDGE('',*,*,#1530,.F.);
#1949=ORIENTED_EDGE('',*,*,#1531,.F.);
#1950=ORIENTED_EDGE('',*,*,#1532,.F.);
#1951=ORIENTED_EDGE('',*,*,#1533,.F.);
#1952=ORIENTED_EDGE('',*,*,#1534,.F.);
#1953=ORIENTED_EDGE('',*,*,#1535,.F.);
#1954=ORIENTED_EDGE('',*,*,#1536,.F.);
#1955=ORIENTED_EDGE('',*,*,#1537,.F.);
#1956=ORIENTED_EDGE('',*,*,#1538,.F.);
#1957=ORIENTED_EDGE('',*,*,#1539,.F.);
#1958=ORIENTED_EDGE('',*,*,#1540,.F.);
#1959=ORIENTED_EDGE('',*,*,#1541,.F.);
#1960=ORIENTED_EDGE('',*,*,#1542,.F.);
#1961=ORIENTED_EDGE('',*,*,#1543,.F.);
#1962=ORIENTED_EDGE('',*,*,#1537,.T.);
#1963=ORIENTED_EDGE('',*,*,#1544,.T.);
#1964=ORIENTED_EDGE('',*,*,#1545,.T.);
#1965=ORIENTED_EDGE('',*,*,#1527,.F.);
#1966=ORIENTED_EDGE('',*,*,#1546,.F.);
#1967=ORIENTED_EDGE('',*,*,#1547,.F.);
#1968=ORIENTED_EDGE('',*,*,#1548,.F.);
#1969=ORIENTED_EDGE('',*,*,#1545,.F.);
#1970=ORIENTED_EDGE('',*,*,#1549,.F.);
#1971=ORIENTED_EDGE('',*,*,#1550,.T.);
#1972=ORIENTED_EDGE('',*,*,#1551,.F.);
#1973=ORIENTED_EDGE('',*,*,#1552,.T.);
#1974=ORIENTED_EDGE('',*,*,#1553,.T.);
#1975=ORIENTED_EDGE('',*,*,#1554,.F.);
#1976=ORIENTED_EDGE('',*,*,#1555,.F.);
#1977=ORIENTED_EDGE('',*,*,#1556,.T.);
#1978=ORIENTED_EDGE('',*,*,#1557,.F.);
#1979=ORIENTED_EDGE('',*,*,#1558,.T.);
#1980=ORIENTED_EDGE('',*,*,#1559,.F.);
#1981=ORIENTED_EDGE('',*,*,#1536,.T.);
#1982=ORIENTED_EDGE('',*,*,#1560,.T.);
#1983=ORIENTED_EDGE('',*,*,#1561,.T.);
#1984=ORIENTED_EDGE('',*,*,#1549,.T.);
#1985=ORIENTED_EDGE('',*,*,#1544,.F.);
#1986=ORIENTED_EDGE('',*,*,#1560,.F.);
#1987=ORIENTED_EDGE('',*,*,#1535,.T.);
#1988=ORIENTED_EDGE('',*,*,#1562,.F.);
#1989=ORIENTED_EDGE('',*,*,#1563,.T.);
#1990=ORIENTED_EDGE('',*,*,#1564,.T.);
#1991=ORIENTED_EDGE('',*,*,#1565,.T.);
#1992=ORIENTED_EDGE('',*,*,#1530,.T.);
#1993=ORIENTED_EDGE('',*,*,#1528,.F.);
#1994=ORIENTED_EDGE('',*,*,#1559,.T.);
#1995=ORIENTED_EDGE('',*,*,#1565,.F.);
#1996=ORIENTED_EDGE('',*,*,#1566,.T.);
#1997=ORIENTED_EDGE('',*,*,#1567,.T.);
#1998=ORIENTED_EDGE('',*,*,#1531,.T.);
#1999=ORIENTED_EDGE('',*,*,#1526,.T.);
#2000=ORIENTED_EDGE('',*,*,#1568,.T.);
#2001=ORIENTED_EDGE('',*,*,#1569,.T.);
#2002=ORIENTED_EDGE('',*,*,#1570,.F.);
#2003=ORIENTED_EDGE('',*,*,#1543,.T.);
#2004=ORIENTED_EDGE('',*,*,#1571,.T.);
#2005=ORIENTED_EDGE('',*,*,#1572,.T.);
#2006=ORIENTED_EDGE('',*,*,#1573,.F.);
#2007=ORIENTED_EDGE('',*,*,#1574,.F.);
#2008=ORIENTED_EDGE('',*,*,#1575,.T.);
#2009=ORIENTED_EDGE('',*,*,#1498,.T.);
#2010=ORIENTED_EDGE('',*,*,#1576,.T.);
#2011=ORIENTED_EDGE('',*,*,#1577,.T.);
#2012=ORIENTED_EDGE('',*,*,#1499,.T.);
#2013=ORIENTED_EDGE('',*,*,#1575,.F.);
#2014=ORIENTED_EDGE('',*,*,#1497,.T.);
#2015=ORIENTED_EDGE('',*,*,#1578,.T.);
#2016=ORIENTED_EDGE('',*,*,#1579,.F.);
#2017=ORIENTED_EDGE('',*,*,#1580,.F.);
#2018=ORIENTED_EDGE('',*,*,#1581,.F.);
#2019=ORIENTED_EDGE('',*,*,#1582,.T.);
#2020=ORIENTED_EDGE('',*,*,#1583,.F.);
#2021=ORIENTED_EDGE('',*,*,#1584,.F.);
#2022=ORIENTED_EDGE('',*,*,#1585,.F.);
#2023=ORIENTED_EDGE('',*,*,#1586,.F.);
#2024=ORIENTED_EDGE('',*,*,#1587,.T.);
#2025=ORIENTED_EDGE('',*,*,#1588,.F.);
#2026=ORIENTED_EDGE('',*,*,#1514,.F.);
#2027=ORIENTED_EDGE('',*,*,#1589,.F.);
#2028=ORIENTED_EDGE('',*,*,#1588,.T.);
#2029=ORIENTED_EDGE('',*,*,#1590,.T.);
#2030=ORIENTED_EDGE('',*,*,#1509,.T.);
#2031=ORIENTED_EDGE('',*,*,#1512,.T.);
#2032=ORIENTED_EDGE('',*,*,#1591,.F.);
#2033=ORIENTED_EDGE('',*,*,#1592,.T.);
#2034=ORIENTED_EDGE('',*,*,#1495,.T.);
#2035=ORIENTED_EDGE('',*,*,#1593,.T.);
#2036=ORIENTED_EDGE('',*,*,#1594,.F.);
#2037=ORIENTED_EDGE('',*,*,#1595,.T.);
#2038=ORIENTED_EDGE('',*,*,#1589,.T.);
#2039=ORIENTED_EDGE('',*,*,#1513,.T.);
#2040=ORIENTED_EDGE('',*,*,#1596,.T.);
#2041=ORIENTED_EDGE('',*,*,#1597,.T.);
#2042=ORIENTED_EDGE('',*,*,#1598,.T.);
#2043=ORIENTED_EDGE('',*,*,#1599,.T.);
#2044=ORIENTED_EDGE('',*,*,#1600,.T.);
#2045=ORIENTED_EDGE('',*,*,#1601,.T.);
#2046=ORIENTED_EDGE('',*,*,#1602,.T.);
#2047=ORIENTED_EDGE('',*,*,#1597,.F.);
#2048=ORIENTED_EDGE('',*,*,#1546,.T.);
#2049=ORIENTED_EDGE('',*,*,#1570,.T.);
#2050=ORIENTED_EDGE('',*,*,#1603,.T.);
#2051=ORIENTED_EDGE('',*,*,#1604,.T.);
#2052=ORIENTED_EDGE('',*,*,#1605,.T.);
#2053=ORIENTED_EDGE('',*,*,#1568,.F.);
#2054=ORIENTED_EDGE('',*,*,#1542,.T.);
#2055=ORIENTED_EDGE('',*,*,#1606,.T.);
#2056=ORIENTED_EDGE('',*,*,#1540,.T.);
#2057=ORIENTED_EDGE('',*,*,#1607,.T.);
#2058=ORIENTED_EDGE('',*,*,#1608,.T.);
#2059=ORIENTED_EDGE('',*,*,#1609,.T.);
#2060=ORIENTED_EDGE('',*,*,#1610,.T.);
#2061=ORIENTED_EDGE('',*,*,#1607,.F.);
#2062=ORIENTED_EDGE('',*,*,#1539,.T.);
#2063=ORIENTED_EDGE('',*,*,#1573,.T.);
#2064=ORIENTED_EDGE('',*,*,#1611,.T.);
#2065=ORIENTED_EDGE('',*,*,#1609,.F.);
#2066=ORIENTED_EDGE('',*,*,#1538,.T.);
#2067=ORIENTED_EDGE('',*,*,#1601,.F.);
#2068=ORIENTED_EDGE('',*,*,#1612,.T.);
#2069=ORIENTED_EDGE('',*,*,#1571,.F.);
#2070=ORIENTED_EDGE('',*,*,#1548,.T.);
#2071=ORIENTED_EDGE('',*,*,#1606,.F.);
#2072=ORIENTED_EDGE('',*,*,#1613,.T.);
#2073=ORIENTED_EDGE('',*,*,#1604,.F.);
#2074=ORIENTED_EDGE('',*,*,#1541,.T.);
#2075=ORIENTED_EDGE('',*,*,#1600,.F.);
#2076=ORIENTED_EDGE('',*,*,#1614,.T.);
#2077=ORIENTED_EDGE('',*,*,#1615,.T.);
#2078=ORIENTED_EDGE('',*,*,#1616,.T.);
#2079=ORIENTED_EDGE('',*,*,#1617,.T.);
#2080=ORIENTED_EDGE('',*,*,#1618,.T.);
#2081=ORIENTED_EDGE('',*,*,#1615,.F.);
#2082=ORIENTED_EDGE('',*,*,#1619,.T.);
#2083=ORIENTED_EDGE('',*,*,#1620,.T.);
#2084=ORIENTED_EDGE('',*,*,#1621,.T.);
#2085=ORIENTED_EDGE('',*,*,#1617,.F.);
#2086=ORIENTED_EDGE('',*,*,#1622,.T.);
#2087=ORIENTED_EDGE('',*,*,#1623,.T.);
#2088=ORIENTED_EDGE('',*,*,#1624,.T.);
#2089=ORIENTED_EDGE('',*,*,#1620,.F.);
#2090=ORIENTED_EDGE('',*,*,#1625,.T.);
#2091=ORIENTED_EDGE('',*,*,#1598,.F.);
#2092=ORIENTED_EDGE('',*,*,#1626,.T.);
#2093=ORIENTED_EDGE('',*,*,#1623,.F.);
#2094=ORIENTED_EDGE('',*,*,#1627,.T.);
#2095=ORIENTED_EDGE('',*,*,#1602,.F.);
#2096=ORIENTED_EDGE('',*,*,#1547,.T.);
#2097=ORIENTED_EDGE('',*,*,#1599,.F.);
#2098=ORIENTED_EDGE('',*,*,#1628,.T.);
#2099=ORIENTED_EDGE('',*,*,#1624,.F.);
#2100=ORIENTED_EDGE('',*,*,#1629,.T.);
#2101=ORIENTED_EDGE('',*,*,#1630,.T.);
#2102=ORIENTED_EDGE('',*,*,#1631,.T.);
#2103=ORIENTED_EDGE('',*,*,#1626,.F.);
#2104=ORIENTED_EDGE('',*,*,#1603,.F.);
#2105=ORIENTED_EDGE('',*,*,#1569,.F.);
#2106=ORIENTED_EDGE('',*,*,#1605,.F.);
#2107=ORIENTED_EDGE('',*,*,#1632,.F.);
#2108=ORIENTED_EDGE('',*,*,#1633,.F.);
#2109=ORIENTED_EDGE('',*,*,#1629,.F.);
#2110=ORIENTED_EDGE('',*,*,#1613,.F.);
#2111=ORIENTED_EDGE('',*,*,#1634,.T.);
#2112=ORIENTED_EDGE('',*,*,#1635,.T.);
#2113=ORIENTED_EDGE('',*,*,#1632,.T.);
#2114=ORIENTED_EDGE('',*,*,#1608,.F.);
#2115=ORIENTED_EDGE('',*,*,#1636,.F.);
#2116=ORIENTED_EDGE('',*,*,#1637,.F.);
#2117=ORIENTED_EDGE('',*,*,#1634,.F.);
#2118=ORIENTED_EDGE('',*,*,#1616,.F.);
#2119=ORIENTED_EDGE('',*,*,#1638,.F.);
#2120=ORIENTED_EDGE('',*,*,#1639,.F.);
#2121=ORIENTED_EDGE('',*,*,#1640,.F.);
#2122=ORIENTED_EDGE('',*,*,#1611,.F.);
#2123=ORIENTED_EDGE('',*,*,#1572,.F.);
#2124=ORIENTED_EDGE('',*,*,#1612,.F.);
#2125=ORIENTED_EDGE('',*,*,#1621,.F.);
#2126=ORIENTED_EDGE('',*,*,#1631,.F.);
#2127=ORIENTED_EDGE('',*,*,#1641,.F.);
#2128=ORIENTED_EDGE('',*,*,#1642,.F.);
#2129=ORIENTED_EDGE('',*,*,#1643,.F.);
#2130=ORIENTED_EDGE('',*,*,#1644,.F.);
#2131=ORIENTED_EDGE('',*,*,#1645,.F.);
#2132=ORIENTED_EDGE('',*,*,#1646,.F.);
#2133=ORIENTED_EDGE('',*,*,#1647,.F.);
#2134=ORIENTED_EDGE('',*,*,#1648,.F.);
#2135=ORIENTED_EDGE('',*,*,#1649,.F.);
#2136=ORIENTED_EDGE('',*,*,#1650,.F.);
#2137=ORIENTED_EDGE('',*,*,#1630,.F.);
#2138=ORIENTED_EDGE('',*,*,#1633,.T.);
#2139=ORIENTED_EDGE('',*,*,#1635,.F.);
#2140=ORIENTED_EDGE('',*,*,#1637,.T.);
#2141=ORIENTED_EDGE('',*,*,#1651,.F.);
#2142=ORIENTED_EDGE('',*,*,#1639,.T.);
#2143=ORIENTED_EDGE('',*,*,#1652,.F.);
#2144=ORIENTED_EDGE('',*,*,#1641,.T.);
#2145=ORIENTED_EDGE('',*,*,#1653,.T.);
#2146=ORIENTED_EDGE('',*,*,#1654,.T.);
#2147=ORIENTED_EDGE('',*,*,#1655,.T.);
#2148=ORIENTED_EDGE('',*,*,#1524,.F.);
#2149=ORIENTED_EDGE('',*,*,#1505,.F.);
#2150=ORIENTED_EDGE('',*,*,#1490,.F.);
#2151=ORIENTED_EDGE('',*,*,#1618,.F.);
#2152=ORIENTED_EDGE('',*,*,#1642,.T.);
#2153=ORIENTED_EDGE('',*,*,#1652,.T.);
#2154=ORIENTED_EDGE('',*,*,#1638,.T.);
#2155=ORIENTED_EDGE('',*,*,#1610,.F.);
#2156=ORIENTED_EDGE('',*,*,#1640,.T.);
#2157=ORIENTED_EDGE('',*,*,#1651,.T.);
#2158=ORIENTED_EDGE('',*,*,#1636,.T.);
#2159=ORIENTED_EDGE('',*,*,#1656,.F.);
#2160=ORIENTED_EDGE('',*,*,#1657,.F.);
#2161=ORIENTED_EDGE('',*,*,#1658,.T.);
#2162=ORIENTED_EDGE('',*,*,#1592,.F.);
#2163=ORIENTED_EDGE('',*,*,#1587,.F.);
#2164=ORIENTED_EDGE('',*,*,#1596,.F.);
#2165=ORIENTED_EDGE('',*,*,#1658,.F.);
#2166=ORIENTED_EDGE('',*,*,#1590,.F.);
#2167=ORIENTED_EDGE('',*,*,#1510,.T.);
#2168=ORIENTED_EDGE('',*,*,#1657,.T.);
#2169=ORIENTED_EDGE('',*,*,#1659,.T.);
#2170=ORIENTED_EDGE('',*,*,#1660,.T.);
#2171=ORIENTED_EDGE('',*,*,#1507,.F.);
#2172=ORIENTED_EDGE('',*,*,#1523,.F.);
#2173=ORIENTED_EDGE('',*,*,#1661,.F.);
#2174=ORIENTED_EDGE('',*,*,#1662,.F.);
#2175=ORIENTED_EDGE('',*,*,#1656,.T.);
#2176=ORIENTED_EDGE('',*,*,#1591,.T.);
#2177=ORIENTED_EDGE('',*,*,#1511,.F.);
#2178=ORIENTED_EDGE('',*,*,#1659,.F.);
#2179=ORIENTED_EDGE('',*,*,#1663,.T.);
#2180=ORIENTED_EDGE('',*,*,#1664,.F.);
#2181=ORIENTED_EDGE('',*,*,#1665,.F.);
#2182=ORIENTED_EDGE('',*,*,#1649,.T.);
#2183=ORIENTED_EDGE('',*,*,#1666,.F.);
#2184=ORIENTED_EDGE('',*,*,#1650,.T.);
#2185=ORIENTED_EDGE('',*,*,#1665,.T.);
#2186=ORIENTED_EDGE('',*,*,#1667,.F.);
#2187=ORIENTED_EDGE('',*,*,#1668,.F.);
#2188=ORIENTED_EDGE('',*,*,#1643,.T.);
#2189=ORIENTED_EDGE('',*,*,#1666,.T.);
#2190=ORIENTED_EDGE('',*,*,#1669,.F.);
#2191=ORIENTED_EDGE('',*,*,#1670,.T.);
#2192=ORIENTED_EDGE('',*,*,#1671,.F.);
#2193=ORIENTED_EDGE('',*,*,#1663,.F.);
#2194=ORIENTED_EDGE('',*,*,#1648,.T.);
#2195=ORIENTED_EDGE('',*,*,#1672,.F.);
#2196=ORIENTED_EDGE('',*,*,#1644,.T.);
#2197=ORIENTED_EDGE('',*,*,#1668,.T.);
#2198=ORIENTED_EDGE('',*,*,#1673,.F.);
#2199=ORIENTED_EDGE('',*,*,#1674,.T.);
#2200=ORIENTED_EDGE('',*,*,#1675,.F.);
#2201=ORIENTED_EDGE('',*,*,#1670,.F.);
#2202=ORIENTED_EDGE('',*,*,#1647,.T.);
#2203=ORIENTED_EDGE('',*,*,#1676,.F.);
#2204=ORIENTED_EDGE('',*,*,#1645,.T.);
#2205=ORIENTED_EDGE('',*,*,#1672,.T.);
#2206=ORIENTED_EDGE('',*,*,#1677,.F.);
#2207=ORIENTED_EDGE('',*,*,#1676,.T.);
#2208=ORIENTED_EDGE('',*,*,#1678,.F.);
#2209=ORIENTED_EDGE('',*,*,#1674,.F.);
#2210=ORIENTED_EDGE('',*,*,#1646,.T.);
#2211=ORIENTED_EDGE('',*,*,#1489,.F.);
#2212=ORIENTED_EDGE('',*,*,#1504,.T.);
#2213=ORIENTED_EDGE('',*,*,#1679,.T.);
#2214=ORIENTED_EDGE('',*,*,#1680,.T.);
#2215=ORIENTED_EDGE('',*,*,#1551,.T.);
#2216=ORIENTED_EDGE('',*,*,#1681,.T.);
#2217=ORIENTED_EDGE('',*,*,#1682,.T.);
#2218=ORIENTED_EDGE('',*,*,#1683,.T.);
#2219=ORIENTED_EDGE('',*,*,#1684,.T.);
#2220=ORIENTED_EDGE('',*,*,#1653,.F.);
#2221=ORIENTED_EDGE('',*,*,#1519,.T.);
#2222=ORIENTED_EDGE('',*,*,#1685,.T.);
#2223=ORIENTED_EDGE('',*,*,#1686,.F.);
#2224=ORIENTED_EDGE('',*,*,#1687,.F.);
#2225=ORIENTED_EDGE('',*,*,#1518,.T.);
#2226=ORIENTED_EDGE('',*,*,#1688,.T.);
#2227=ORIENTED_EDGE('',*,*,#1689,.F.);
#2228=ORIENTED_EDGE('',*,*,#1685,.F.);
#2229=ORIENTED_EDGE('',*,*,#1517,.T.);
#2230=ORIENTED_EDGE('',*,*,#1690,.T.);
#2231=ORIENTED_EDGE('',*,*,#1691,.F.);
#2232=ORIENTED_EDGE('',*,*,#1688,.F.);
#2233=ORIENTED_EDGE('',*,*,#1516,.T.);
#2234=ORIENTED_EDGE('',*,*,#1692,.T.);
#2235=ORIENTED_EDGE('',*,*,#1693,.F.);
#2236=ORIENTED_EDGE('',*,*,#1690,.F.);
#2237=ORIENTED_EDGE('',*,*,#1694,.T.);
#2238=ORIENTED_EDGE('',*,*,#1695,.T.);
#2239=ORIENTED_EDGE('',*,*,#1696,.T.);
#2240=ORIENTED_EDGE('',*,*,#1686,.T.);
#2241=ORIENTED_EDGE('',*,*,#1689,.T.);
#2242=ORIENTED_EDGE('',*,*,#1691,.T.);
#2243=ORIENTED_EDGE('',*,*,#1693,.T.);
#2244=ORIENTED_EDGE('',*,*,#1697,.T.);
#2245=ORIENTED_EDGE('',*,*,#1673,.T.);
#2246=ORIENTED_EDGE('',*,*,#1669,.T.);
#2247=ORIENTED_EDGE('',*,*,#1667,.T.);
#2248=ORIENTED_EDGE('',*,*,#1664,.T.);
#2249=ORIENTED_EDGE('',*,*,#1671,.T.);
#2250=ORIENTED_EDGE('',*,*,#1675,.T.);
#2251=ORIENTED_EDGE('',*,*,#1678,.T.);
#2252=ORIENTED_EDGE('',*,*,#1677,.T.);
#2253=ORIENTED_EDGE('',*,*,#1515,.T.);
#2254=ORIENTED_EDGE('',*,*,#1698,.T.);
#2255=ORIENTED_EDGE('',*,*,#1697,.F.);
#2256=ORIENTED_EDGE('',*,*,#1692,.F.);
#2257=ORIENTED_EDGE('',*,*,#1520,.T.);
#2258=ORIENTED_EDGE('',*,*,#1687,.T.);
#2259=ORIENTED_EDGE('',*,*,#1696,.F.);
#2260=ORIENTED_EDGE('',*,*,#1699,.F.);
#2261=ORIENTED_EDGE('',*,*,#1521,.T.);
#2262=ORIENTED_EDGE('',*,*,#1699,.T.);
#2263=ORIENTED_EDGE('',*,*,#1695,.F.);
#2264=ORIENTED_EDGE('',*,*,#1700,.F.);
#2265=ORIENTED_EDGE('',*,*,#1522,.T.);
#2266=ORIENTED_EDGE('',*,*,#1700,.T.);
#2267=ORIENTED_EDGE('',*,*,#1694,.F.);
#2268=ORIENTED_EDGE('',*,*,#1698,.F.);
#2269=ORIENTED_EDGE('',*,*,#1701,.F.);
#2270=ORIENTED_EDGE('',*,*,#1702,.F.);
#2271=ORIENTED_EDGE('',*,*,#1703,.F.);
#2272=ORIENTED_EDGE('',*,*,#1704,.F.);
#2273=ORIENTED_EDGE('',*,*,#1705,.F.);
#2274=ORIENTED_EDGE('',*,*,#1704,.T.);
#2275=ORIENTED_EDGE('',*,*,#1706,.T.);
#2276=ORIENTED_EDGE('',*,*,#1707,.T.);
#2277=ORIENTED_EDGE('',*,*,#1594,.T.);
#2278=ORIENTED_EDGE('',*,*,#1708,.T.);
#2279=ORIENTED_EDGE('',*,*,#1709,.T.);
#2280=ORIENTED_EDGE('',*,*,#1710,.F.);
#2281=ORIENTED_EDGE('',*,*,#1711,.F.);
#2282=ORIENTED_EDGE('',*,*,#1712,.F.);
#2283=ORIENTED_EDGE('',*,*,#1713,.F.);
#2284=ORIENTED_EDGE('',*,*,#1714,.F.);
#2285=ORIENTED_EDGE('',*,*,#1496,.T.);
#2286=ORIENTED_EDGE('',*,*,#1595,.F.);
#2287=ORIENTED_EDGE('',*,*,#1707,.F.);
#2288=ORIENTED_EDGE('',*,*,#1715,.F.);
#2289=ORIENTED_EDGE('',*,*,#1578,.F.);
#2290=ORIENTED_EDGE('',*,*,#1716,.T.);
#2291=ORIENTED_EDGE('',*,*,#1717,.F.);
#2292=ORIENTED_EDGE('',*,*,#1714,.T.);
#2293=ORIENTED_EDGE('',*,*,#1713,.T.);
#2294=ORIENTED_EDGE('',*,*,#1712,.T.);
#2295=ORIENTED_EDGE('',*,*,#1718,.F.);
#2296=ORIENTED_EDGE('',*,*,#1719,.T.);
#2297=ORIENTED_EDGE('',*,*,#1720,.T.);
#2298=ORIENTED_EDGE('',*,*,#1718,.T.);
#2299=ORIENTED_EDGE('',*,*,#1711,.T.);
#2300=ORIENTED_EDGE('',*,*,#1721,.F.);
#2301=ORIENTED_EDGE('',*,*,#1722,.F.);
#2302=ORIENTED_EDGE('',*,*,#1723,.F.);
#2303=ORIENTED_EDGE('',*,*,#1715,.T.);
#2304=ORIENTED_EDGE('',*,*,#1706,.F.);
#2305=ORIENTED_EDGE('',*,*,#1703,.T.);
#2306=ORIENTED_EDGE('',*,*,#1724,.F.);
#2307=ORIENTED_EDGE('',*,*,#1717,.T.);
#2308=ORIENTED_EDGE('',*,*,#1725,.F.);
#2309=ORIENTED_EDGE('',*,*,#1701,.T.);
#2310=ORIENTED_EDGE('',*,*,#1705,.T.);
#2311=ORIENTED_EDGE('',*,*,#1494,.T.);
#2312=ORIENTED_EDGE('',*,*,#1726,.T.);
#2313=ORIENTED_EDGE('',*,*,#1727,.T.);
#2314=ORIENTED_EDGE('',*,*,#1728,.T.);
#2315=ORIENTED_EDGE('',*,*,#1708,.F.);
#2316=ORIENTED_EDGE('',*,*,#1593,.F.);
#2317=ORIENTED_EDGE('',*,*,#1729,.F.);
#2318=ORIENTED_EDGE('',*,*,#1730,.F.);
#2319=ORIENTED_EDGE('',*,*,#1731,.F.);
#2320=ORIENTED_EDGE('',*,*,#1732,.T.);
#2321=ORIENTED_EDGE('',*,*,#1730,.T.);
#2322=ORIENTED_EDGE('',*,*,#1733,.T.);
#2323=ORIENTED_EDGE('',*,*,#1734,.T.);
#2324=ORIENTED_EDGE('',*,*,#1729,.T.);
#2325=ORIENTED_EDGE('',*,*,#1735,.T.);
#2326=ORIENTED_EDGE('',*,*,#1736,.T.);
#2327=ORIENTED_EDGE('',*,*,#1737,.T.);
#2328=ORIENTED_EDGE('',*,*,#1733,.F.);
#2329=ORIENTED_EDGE('',*,*,#1614,.F.);
#2330=ORIENTED_EDGE('',*,*,#1628,.F.);
#2331=ORIENTED_EDGE('',*,*,#1627,.F.);
#2332=ORIENTED_EDGE('',*,*,#1625,.F.);
#2333=ORIENTED_EDGE('',*,*,#1622,.F.);
#2334=ORIENTED_EDGE('',*,*,#1619,.F.);
#2335=ORIENTED_EDGE('',*,*,#1725,.T.);
#2336=ORIENTED_EDGE('',*,*,#1716,.F.);
#2337=ORIENTED_EDGE('',*,*,#1720,.F.);
#2338=ORIENTED_EDGE('',*,*,#1719,.F.);
#2339=ORIENTED_EDGE('',*,*,#1724,.T.);
#2340=ORIENTED_EDGE('',*,*,#1702,.T.);
#2341=ORIENTED_EDGE('',*,*,#1710,.T.);
#2342=ORIENTED_EDGE('',*,*,#1738,.T.);
#2343=ORIENTED_EDGE('',*,*,#1739,.F.);
#2344=ORIENTED_EDGE('',*,*,#1721,.T.);
#2345=ORIENTED_EDGE('',*,*,#1709,.F.);
#2346=ORIENTED_EDGE('',*,*,#1728,.F.);
#2347=ORIENTED_EDGE('',*,*,#1740,.F.);
#2348=ORIENTED_EDGE('',*,*,#1738,.F.);
#2349=ORIENTED_EDGE('',*,*,#1508,.T.);
#2350=ORIENTED_EDGE('',*,*,#1660,.F.);
#2351=ORIENTED_EDGE('',*,*,#1741,.T.);
#2352=ORIENTED_EDGE('',*,*,#1742,.F.);
#2353=ORIENTED_EDGE('',*,*,#1743,.F.);
#2354=ORIENTED_EDGE('',*,*,#1726,.F.);
#2355=ORIENTED_EDGE('',*,*,#1493,.T.);
#2356=ORIENTED_EDGE('',*,*,#1739,.T.);
#2357=ORIENTED_EDGE('',*,*,#1740,.T.);
#2358=ORIENTED_EDGE('',*,*,#1727,.F.);
#2359=ORIENTED_EDGE('',*,*,#1743,.T.);
#2360=ORIENTED_EDGE('',*,*,#1742,.T.);
#2361=ORIENTED_EDGE('',*,*,#1744,.T.);
#2362=ORIENTED_EDGE('',*,*,#1745,.T.);
#2363=ORIENTED_EDGE('',*,*,#1746,.F.);
#2364=ORIENTED_EDGE('',*,*,#1579,.T.);
#2365=ORIENTED_EDGE('',*,*,#1723,.T.);
#2366=ORIENTED_EDGE('',*,*,#1722,.T.);
#2367=ORIENTED_EDGE('',*,*,#1747,.T.);
#2368=ORIENTED_EDGE('',*,*,#1748,.T.);
#2369=ORIENTED_EDGE('',*,*,#1749,.T.);
#2370=ORIENTED_EDGE('',*,*,#1750,.T.);
#2371=ORIENTED_EDGE('',*,*,#1748,.F.);
#2372=ORIENTED_EDGE('',*,*,#1751,.T.);
#2373=ORIENTED_EDGE('',*,*,#1752,.F.);
#2374=ORIENTED_EDGE('',*,*,#1753,.T.);
#2375=ORIENTED_EDGE('',*,*,#1747,.F.);
#2376=ORIENTED_EDGE('',*,*,#1754,.F.);
#2377=ORIENTED_EDGE('',*,*,#1755,.F.);
#2378=ORIENTED_EDGE('',*,*,#1756,.F.);
#2379=ORIENTED_EDGE('',*,*,#1751,.F.);
#2380=ORIENTED_EDGE('',*,*,#1757,.T.);
#2381=ORIENTED_EDGE('',*,*,#1758,.T.);
#2382=ORIENTED_EDGE('',*,*,#1759,.T.);
#2383=ORIENTED_EDGE('',*,*,#1758,.F.);
#2384=ORIENTED_EDGE('',*,*,#1760,.F.);
#2385=ORIENTED_EDGE('',*,*,#1761,.F.);
#2386=ORIENTED_EDGE('',*,*,#1762,.T.);
#2387=ORIENTED_EDGE('',*,*,#1763,.T.);
#2388=ORIENTED_EDGE('',*,*,#1764,.T.);
#2389=ORIENTED_EDGE('',*,*,#1757,.F.);
#2390=ORIENTED_EDGE('',*,*,#1765,.T.);
#2391=ORIENTED_EDGE('',*,*,#1766,.T.);
#2392=ORIENTED_EDGE('',*,*,#1759,.F.);
#2393=ORIENTED_EDGE('',*,*,#1766,.F.);
#2394=ORIENTED_EDGE('',*,*,#1767,.T.);
#2395=ORIENTED_EDGE('',*,*,#1768,.T.);
#2396=ORIENTED_EDGE('',*,*,#1769,.T.);
#2397=ORIENTED_EDGE('',*,*,#1768,.F.);
#2398=ORIENTED_EDGE('',*,*,#1770,.F.);
#2399=ORIENTED_EDGE('',*,*,#1683,.F.);
#2400=ORIENTED_EDGE('',*,*,#1771,.T.);
#2401=ORIENTED_EDGE('',*,*,#1772,.T.);
#2402=ORIENTED_EDGE('',*,*,#1773,.T.);
#2403=ORIENTED_EDGE('',*,*,#1767,.F.);
#2404=ORIENTED_EDGE('',*,*,#1774,.T.);
#2405=ORIENTED_EDGE('',*,*,#1775,.T.);
#2406=ORIENTED_EDGE('',*,*,#1769,.F.);
#2407=ORIENTED_EDGE('',*,*,#1775,.F.);
#2408=ORIENTED_EDGE('',*,*,#1731,.T.);
#2409=ORIENTED_EDGE('',*,*,#1734,.F.);
#2410=ORIENTED_EDGE('',*,*,#1737,.F.);
#2411=ORIENTED_EDGE('',*,*,#1776,.T.);
#2412=ORIENTED_EDGE('',*,*,#1777,.T.);
#2413=ORIENTED_EDGE('',*,*,#1586,.T.);
#2414=ORIENTED_EDGE('',*,*,#1776,.F.);
#2415=ORIENTED_EDGE('',*,*,#1778,.T.);
#2416=ORIENTED_EDGE('',*,*,#1500,.T.);
#2417=ORIENTED_EDGE('',*,*,#1577,.F.);
#2418=ORIENTED_EDGE('',*,*,#1779,.F.);
#2419=ORIENTED_EDGE('',*,*,#1780,.F.);
#2420=ORIENTED_EDGE('',*,*,#1781,.T.);
#2421=ORIENTED_EDGE('',*,*,#1501,.T.);
#2422=ORIENTED_EDGE('',*,*,#1778,.F.);
#2423=ORIENTED_EDGE('',*,*,#1736,.F.);
#2424=ORIENTED_EDGE('',*,*,#1735,.F.);
#2425=ORIENTED_EDGE('',*,*,#1732,.F.);
#2426=ORIENTED_EDGE('',*,*,#1585,.T.);
#2427=ORIENTED_EDGE('',*,*,#1584,.T.);
#2428=ORIENTED_EDGE('',*,*,#1574,.T.);
#2429=ORIENTED_EDGE('',*,*,#1581,.T.);
#2430=ORIENTED_EDGE('',*,*,#1782,.F.);
#2431=ORIENTED_EDGE('',*,*,#1783,.T.);
#2432=ORIENTED_EDGE('',*,*,#1784,.F.);
#2433=ORIENTED_EDGE('',*,*,#1785,.F.);
#2434=ORIENTED_EDGE('',*,*,#1786,.F.);
#2435=ORIENTED_EDGE('',*,*,#1787,.F.);
#2436=ORIENTED_EDGE('',*,*,#1582,.F.);
#2437=ORIENTED_EDGE('',*,*,#1777,.F.);
#2438=ORIENTED_EDGE('',*,*,#1576,.F.);
#2439=ORIENTED_EDGE('',*,*,#1580,.T.);
#2440=ORIENTED_EDGE('',*,*,#1746,.T.);
#2441=ORIENTED_EDGE('',*,*,#1788,.T.);
#2442=ORIENTED_EDGE('',*,*,#1782,.T.);
#2443=ORIENTED_EDGE('',*,*,#1770,.T.);
#2444=ORIENTED_EDGE('',*,*,#1789,.T.);
#2445=ORIENTED_EDGE('',*,*,#1790,.T.);
#2446=ORIENTED_EDGE('',*,*,#1791,.T.);
#2447=ORIENTED_EDGE('',*,*,#1761,.T.);
#2448=ORIENTED_EDGE('',*,*,#1792,.F.);
#2449=ORIENTED_EDGE('',*,*,#1654,.F.);
#2450=ORIENTED_EDGE('',*,*,#1684,.F.);
#2451=ORIENTED_EDGE('',*,*,#1774,.F.);
#2452=ORIENTED_EDGE('',*,*,#1765,.F.);
#2453=ORIENTED_EDGE('',*,*,#1682,.F.);
#2454=ORIENTED_EDGE('',*,*,#1793,.F.);
#2455=ORIENTED_EDGE('',*,*,#1794,.F.);
#2456=ORIENTED_EDGE('',*,*,#1771,.F.);
#2457=ORIENTED_EDGE('',*,*,#1789,.F.);
#2458=ORIENTED_EDGE('',*,*,#1773,.F.);
#2459=ORIENTED_EDGE('',*,*,#1795,.F.);
#2460=ORIENTED_EDGE('',*,*,#1796,.F.);
#2461=ORIENTED_EDGE('',*,*,#1794,.T.);
#2462=ORIENTED_EDGE('',*,*,#1797,.F.);
#2463=ORIENTED_EDGE('',*,*,#1795,.T.);
#2464=ORIENTED_EDGE('',*,*,#1772,.F.);
#2465=ORIENTED_EDGE('',*,*,#1796,.T.);
#2466=ORIENTED_EDGE('',*,*,#1797,.T.);
#2467=ORIENTED_EDGE('',*,*,#1793,.T.);
#2468=ORIENTED_EDGE('',*,*,#1681,.F.);
#2469=ORIENTED_EDGE('',*,*,#1550,.F.);
#2470=ORIENTED_EDGE('',*,*,#1561,.F.);
#2471=ORIENTED_EDGE('',*,*,#1563,.F.);
#2472=ORIENTED_EDGE('',*,*,#1798,.F.);
#2473=ORIENTED_EDGE('',*,*,#1799,.F.);
#2474=ORIENTED_EDGE('',*,*,#1800,.F.);
#2475=ORIENTED_EDGE('',*,*,#1566,.F.);
#2476=ORIENTED_EDGE('',*,*,#1564,.F.);
#2477=ORIENTED_EDGE('',*,*,#1558,.F.);
#2478=ORIENTED_EDGE('',*,*,#1801,.F.);
#2479=ORIENTED_EDGE('',*,*,#1802,.T.);
#2480=ORIENTED_EDGE('',*,*,#1803,.T.);
#2481=ORIENTED_EDGE('',*,*,#1804,.T.);
#2482=ORIENTED_EDGE('',*,*,#1790,.F.);
#2483=ORIENTED_EDGE('',*,*,#1791,.F.);
#2484=ORIENTED_EDGE('',*,*,#1804,.F.);
#2485=ORIENTED_EDGE('',*,*,#1805,.F.);
#2486=ORIENTED_EDGE('',*,*,#1762,.F.);
#2487=ORIENTED_EDGE('',*,*,#1806,.F.);
#2488=ORIENTED_EDGE('',*,*,#1764,.F.);
#2489=ORIENTED_EDGE('',*,*,#1807,.F.);
#2490=ORIENTED_EDGE('',*,*,#1802,.F.);
#2491=ORIENTED_EDGE('',*,*,#1805,.T.);
#2492=ORIENTED_EDGE('',*,*,#1803,.F.);
#2493=ORIENTED_EDGE('',*,*,#1807,.T.);
#2494=ORIENTED_EDGE('',*,*,#1763,.F.);
#2495=ORIENTED_EDGE('',*,*,#1525,.F.);
#2496=ORIENTED_EDGE('',*,*,#1655,.F.);
#2497=ORIENTED_EDGE('',*,*,#1792,.T.);
#2498=ORIENTED_EDGE('',*,*,#1760,.T.);
#2499=ORIENTED_EDGE('',*,*,#1806,.T.);
#2500=ORIENTED_EDGE('',*,*,#1801,.T.);
#2501=ORIENTED_EDGE('',*,*,#1557,.T.);
#2502=ORIENTED_EDGE('',*,*,#1808,.T.);
#2503=ORIENTED_EDGE('',*,*,#1809,.T.);
#2504=ORIENTED_EDGE('',*,*,#1752,.T.);
#2505=ORIENTED_EDGE('',*,*,#1756,.T.);
#2506=ORIENTED_EDGE('',*,*,#1810,.F.);
#2507=ORIENTED_EDGE('',*,*,#1783,.F.);
#2508=ORIENTED_EDGE('',*,*,#1788,.F.);
#2509=ORIENTED_EDGE('',*,*,#1745,.F.);
#2510=ORIENTED_EDGE('',*,*,#1811,.F.);
#2511=ORIENTED_EDGE('',*,*,#1661,.T.);
#2512=ORIENTED_EDGE('',*,*,#1532,.T.);
#2513=ORIENTED_EDGE('',*,*,#1567,.F.);
#2514=ORIENTED_EDGE('',*,*,#1800,.T.);
#2515=ORIENTED_EDGE('',*,*,#1812,.T.);
#2516=ORIENTED_EDGE('',*,*,#1534,.T.);
#2517=ORIENTED_EDGE('',*,*,#1813,.T.);
#2518=ORIENTED_EDGE('',*,*,#1798,.T.);
#2519=ORIENTED_EDGE('',*,*,#1562,.T.);
#2520=ORIENTED_EDGE('',*,*,#1814,.T.);
#2521=ORIENTED_EDGE('',*,*,#1815,.F.);
#2522=ORIENTED_EDGE('',*,*,#1785,.T.);
#2523=ORIENTED_EDGE('',*,*,#1786,.T.);
#2524=ORIENTED_EDGE('',*,*,#1815,.T.);
#2525=ORIENTED_EDGE('',*,*,#1816,.F.);
#2526=ORIENTED_EDGE('',*,*,#1817,.F.);
#2527=ORIENTED_EDGE('',*,*,#1818,.F.);
#2528=ORIENTED_EDGE('',*,*,#1819,.T.);
#2529=ORIENTED_EDGE('',*,*,#1817,.T.);
#2530=ORIENTED_EDGE('',*,*,#1820,.F.);
#2531=ORIENTED_EDGE('',*,*,#1554,.T.);
#2532=ORIENTED_EDGE('',*,*,#1821,.F.);
#2533=ORIENTED_EDGE('',*,*,#1780,.T.);
#2534=ORIENTED_EDGE('',*,*,#1781,.F.);
#2535=ORIENTED_EDGE('',*,*,#1821,.T.);
#2536=ORIENTED_EDGE('',*,*,#1553,.F.);
#2537=ORIENTED_EDGE('',*,*,#1822,.T.);
#2538=ORIENTED_EDGE('',*,*,#1823,.T.);
#2539=ORIENTED_EDGE('',*,*,#1502,.T.);
#2540=ORIENTED_EDGE('',*,*,#1750,.F.);
#2541=ORIENTED_EDGE('',*,*,#1824,.F.);
#2542=ORIENTED_EDGE('',*,*,#1825,.T.);
#2543=ORIENTED_EDGE('',*,*,#1555,.T.);
#2544=ORIENTED_EDGE('',*,*,#1820,.T.);
#2545=ORIENTED_EDGE('',*,*,#1816,.T.);
#2546=ORIENTED_EDGE('',*,*,#1826,.T.);
#2547=ORIENTED_EDGE('',*,*,#1754,.T.);
#2548=ORIENTED_EDGE('',*,*,#1827,.T.);
#2549=ORIENTED_EDGE('',*,*,#1828,.T.);
#2550=ORIENTED_EDGE('',*,*,#1829,.T.);
#2551=ORIENTED_EDGE('',*,*,#1830,.F.);
#2552=ORIENTED_EDGE('',*,*,#1831,.T.);
#2553=ORIENTED_EDGE('',*,*,#1832,.T.);
#2554=ORIENTED_EDGE('',*,*,#1833,.T.);
#2555=ORIENTED_EDGE('',*,*,#1828,.F.);
#2556=ORIENTED_EDGE('',*,*,#1834,.T.);
#2557=ORIENTED_EDGE('',*,*,#1832,.F.);
#2558=ORIENTED_EDGE('',*,*,#1835,.T.);
#2559=ORIENTED_EDGE('',*,*,#1836,.T.);
#2560=ORIENTED_EDGE('',*,*,#1837,.T.);
#2561=ORIENTED_EDGE('',*,*,#1836,.F.);
#2562=ORIENTED_EDGE('',*,*,#1838,.T.);
#2563=ORIENTED_EDGE('',*,*,#1839,.T.);
#2564=ORIENTED_EDGE('',*,*,#1840,.T.);
#2565=ORIENTED_EDGE('',*,*,#1839,.F.);
#2566=ORIENTED_EDGE('',*,*,#1841,.T.);
#2567=ORIENTED_EDGE('',*,*,#1842,.T.);
#2568=ORIENTED_EDGE('',*,*,#1843,.T.);
#2569=ORIENTED_EDGE('',*,*,#1842,.F.);
#2570=ORIENTED_EDGE('',*,*,#1844,.T.);
#2571=ORIENTED_EDGE('',*,*,#1830,.T.);
#2572=ORIENTED_EDGE('',*,*,#1840,.F.);
#2573=ORIENTED_EDGE('',*,*,#1845,.T.);
#2574=ORIENTED_EDGE('',*,*,#1846,.T.);
#2575=ORIENTED_EDGE('',*,*,#1847,.F.);
#2576=ORIENTED_EDGE('',*,*,#1843,.F.);
#2577=ORIENTED_EDGE('',*,*,#1848,.T.);
#2578=ORIENTED_EDGE('',*,*,#1849,.T.);
#2579=ORIENTED_EDGE('',*,*,#1845,.F.);
#2580=ORIENTED_EDGE('',*,*,#1829,.F.);
#2581=ORIENTED_EDGE('',*,*,#1850,.T.);
#2582=ORIENTED_EDGE('',*,*,#1851,.T.);
#2583=ORIENTED_EDGE('',*,*,#1848,.F.);
#2584=ORIENTED_EDGE('',*,*,#1556,.F.);
#2585=ORIENTED_EDGE('',*,*,#1825,.F.);
#2586=ORIENTED_EDGE('',*,*,#1852,.F.);
#2587=ORIENTED_EDGE('',*,*,#1808,.F.);
#2588=ORIENTED_EDGE('',*,*,#1827,.F.);
#2589=ORIENTED_EDGE('',*,*,#1844,.F.);
#2590=ORIENTED_EDGE('',*,*,#1841,.F.);
#2591=ORIENTED_EDGE('',*,*,#1838,.F.);
#2592=ORIENTED_EDGE('',*,*,#1835,.F.);
#2593=ORIENTED_EDGE('',*,*,#1831,.F.);
#2594=ORIENTED_EDGE('',*,*,#1853,.T.);
#2595=ORIENTED_EDGE('',*,*,#1854,.T.);
#2596=ORIENTED_EDGE('',*,*,#1855,.T.);
#2597=ORIENTED_EDGE('',*,*,#1856,.F.);
#2598=ORIENTED_EDGE('',*,*,#1857,.T.);
#2599=ORIENTED_EDGE('',*,*,#1858,.T.);
#2600=ORIENTED_EDGE('',*,*,#1859,.T.);
#2601=ORIENTED_EDGE('',*,*,#1854,.F.);
#2602=ORIENTED_EDGE('',*,*,#1860,.T.);
#2603=ORIENTED_EDGE('',*,*,#1858,.F.);
#2604=ORIENTED_EDGE('',*,*,#1861,.T.);
#2605=ORIENTED_EDGE('',*,*,#1862,.T.);
#2606=ORIENTED_EDGE('',*,*,#1863,.T.);
#2607=ORIENTED_EDGE('',*,*,#1862,.F.);
#2608=ORIENTED_EDGE('',*,*,#1864,.T.);
#2609=ORIENTED_EDGE('',*,*,#1865,.T.);
#2610=ORIENTED_EDGE('',*,*,#1866,.T.);
#2611=ORIENTED_EDGE('',*,*,#1865,.F.);
#2612=ORIENTED_EDGE('',*,*,#1867,.T.);
#2613=ORIENTED_EDGE('',*,*,#1868,.T.);
#2614=ORIENTED_EDGE('',*,*,#1869,.T.);
#2615=ORIENTED_EDGE('',*,*,#1868,.F.);
#2616=ORIENTED_EDGE('',*,*,#1870,.T.);
#2617=ORIENTED_EDGE('',*,*,#1856,.T.);
#2618=ORIENTED_EDGE('',*,*,#1866,.F.);
#2619=ORIENTED_EDGE('',*,*,#1871,.T.);
#2620=ORIENTED_EDGE('',*,*,#1872,.T.);
#2621=ORIENTED_EDGE('',*,*,#1873,.F.);
#2622=ORIENTED_EDGE('',*,*,#1869,.F.);
#2623=ORIENTED_EDGE('',*,*,#1874,.T.);
#2624=ORIENTED_EDGE('',*,*,#1875,.T.);
#2625=ORIENTED_EDGE('',*,*,#1871,.F.);
#2626=ORIENTED_EDGE('',*,*,#1855,.F.);
#2627=ORIENTED_EDGE('',*,*,#1876,.T.);
#2628=ORIENTED_EDGE('',*,*,#1877,.T.);
#2629=ORIENTED_EDGE('',*,*,#1874,.F.);
#2630=ORIENTED_EDGE('',*,*,#1680,.F.);
#2631=ORIENTED_EDGE('',*,*,#1878,.F.);
#2632=ORIENTED_EDGE('',*,*,#1822,.F.);
#2633=ORIENTED_EDGE('',*,*,#1552,.F.);
#2634=ORIENTED_EDGE('',*,*,#1853,.F.);
#2635=ORIENTED_EDGE('',*,*,#1870,.F.);
#2636=ORIENTED_EDGE('',*,*,#1867,.F.);
#2637=ORIENTED_EDGE('',*,*,#1864,.F.);
#2638=ORIENTED_EDGE('',*,*,#1861,.F.);
#2639=ORIENTED_EDGE('',*,*,#1857,.F.);
#2640=ORIENTED_EDGE('',*,*,#1877,.F.);
#2641=ORIENTED_EDGE('',*,*,#1879,.F.);
#2642=ORIENTED_EDGE('',*,*,#1880,.F.);
#2643=ORIENTED_EDGE('',*,*,#1881,.F.);
#2644=ORIENTED_EDGE('',*,*,#1872,.F.);
#2645=ORIENTED_EDGE('',*,*,#1875,.F.);
#2646=ORIENTED_EDGE('',*,*,#1859,.F.);
#2647=ORIENTED_EDGE('',*,*,#1882,.T.);
#2648=ORIENTED_EDGE('',*,*,#1879,.T.);
#2649=ORIENTED_EDGE('',*,*,#1876,.F.);
#2650=ORIENTED_EDGE('',*,*,#1833,.F.);
#2651=ORIENTED_EDGE('',*,*,#1883,.T.);
#2652=ORIENTED_EDGE('',*,*,#1884,.T.);
#2653=ORIENTED_EDGE('',*,*,#1850,.F.);
#2654=ORIENTED_EDGE('',*,*,#1834,.F.);
#2655=ORIENTED_EDGE('',*,*,#1885,.T.);
#2656=ORIENTED_EDGE('',*,*,#1886,.T.);
#2657=ORIENTED_EDGE('',*,*,#1883,.F.);
#2658=ORIENTED_EDGE('',*,*,#1837,.F.);
#2659=ORIENTED_EDGE('',*,*,#1847,.T.);
#2660=ORIENTED_EDGE('',*,*,#1887,.T.);
#2661=ORIENTED_EDGE('',*,*,#1885,.F.);
#2662=ORIENTED_EDGE('',*,*,#1749,.F.);
#2663=ORIENTED_EDGE('',*,*,#1753,.F.);
#2664=ORIENTED_EDGE('',*,*,#1809,.F.);
#2665=ORIENTED_EDGE('',*,*,#1852,.T.);
#2666=ORIENTED_EDGE('',*,*,#1824,.T.);
#2667=ORIENTED_EDGE('',*,*,#1886,.F.);
#2668=ORIENTED_EDGE('',*,*,#1887,.F.);
#2669=ORIENTED_EDGE('',*,*,#1846,.F.);
#2670=ORIENTED_EDGE('',*,*,#1849,.F.);
#2671=ORIENTED_EDGE('',*,*,#1851,.F.);
#2672=ORIENTED_EDGE('',*,*,#1884,.F.);
#2673=ORIENTED_EDGE('',*,*,#1583,.T.);
#2674=ORIENTED_EDGE('',*,*,#1787,.T.);
#2675=ORIENTED_EDGE('',*,*,#1818,.T.);
#2676=ORIENTED_EDGE('',*,*,#1819,.F.);
#2677=ORIENTED_EDGE('',*,*,#1779,.T.);
#2678=ORIENTED_EDGE('',*,*,#1755,.T.);
#2679=ORIENTED_EDGE('',*,*,#1826,.F.);
#2680=ORIENTED_EDGE('',*,*,#1814,.F.);
#2681=ORIENTED_EDGE('',*,*,#1784,.T.);
#2682=ORIENTED_EDGE('',*,*,#1810,.T.);
#2683=ORIENTED_EDGE('',*,*,#1863,.F.);
#2684=ORIENTED_EDGE('',*,*,#1873,.T.);
#2685=ORIENTED_EDGE('',*,*,#1881,.T.);
#2686=ORIENTED_EDGE('',*,*,#1888,.F.);
#2687=ORIENTED_EDGE('',*,*,#1860,.F.);
#2688=ORIENTED_EDGE('',*,*,#1888,.T.);
#2689=ORIENTED_EDGE('',*,*,#1880,.T.);
#2690=ORIENTED_EDGE('',*,*,#1882,.F.);
#2691=ORIENTED_EDGE('',*,*,#1533,.T.);
#2692=ORIENTED_EDGE('',*,*,#1812,.F.);
#2693=ORIENTED_EDGE('',*,*,#1799,.T.);
#2694=ORIENTED_EDGE('',*,*,#1813,.F.);
#2695=ORIENTED_EDGE('',*,*,#1878,.T.);
#2696=ORIENTED_EDGE('',*,*,#1679,.F.);
#2697=ORIENTED_EDGE('',*,*,#1503,.T.);
#2698=ORIENTED_EDGE('',*,*,#1823,.F.);
#2699=ORIENTED_EDGE('',*,*,#1741,.F.);
#2700=ORIENTED_EDGE('',*,*,#1662,.T.);
#2701=ORIENTED_EDGE('',*,*,#1811,.T.);
#2702=ORIENTED_EDGE('',*,*,#1744,.F.);
#2703=ORIENTED_EDGE('',*,*,#1889,.T.);
#2704=ORIENTED_EDGE('',*,*,#1890,.T.);
#2705=ORIENTED_EDGE('',*,*,#1891,.F.);
#2706=ORIENTED_EDGE('',*,*,#1892,.F.);
#2707=ORIENTED_EDGE('',*,*,#1893,.T.);
#2708=ORIENTED_EDGE('',*,*,#1892,.T.);
#2709=ORIENTED_EDGE('',*,*,#1894,.F.);
#2710=ORIENTED_EDGE('',*,*,#1895,.F.);
#2711=ORIENTED_EDGE('',*,*,#1896,.T.);
#2712=ORIENTED_EDGE('',*,*,#1895,.T.);
#2713=ORIENTED_EDGE('',*,*,#1897,.F.);
#2714=ORIENTED_EDGE('',*,*,#1898,.F.);
#2715=ORIENTED_EDGE('',*,*,#1899,.T.);
#2716=ORIENTED_EDGE('',*,*,#1898,.T.);
#2717=ORIENTED_EDGE('',*,*,#1900,.F.);
#2718=ORIENTED_EDGE('',*,*,#1890,.F.);
#2719=ORIENTED_EDGE('',*,*,#1900,.T.);
#2720=ORIENTED_EDGE('',*,*,#1897,.T.);
#2721=ORIENTED_EDGE('',*,*,#1894,.T.);
#2722=ORIENTED_EDGE('',*,*,#1891,.T.);
#2723=ORIENTED_EDGE('',*,*,#1899,.F.);
#2724=ORIENTED_EDGE('',*,*,#1889,.F.);
#2725=ORIENTED_EDGE('',*,*,#1893,.F.);
#2726=ORIENTED_EDGE('',*,*,#1896,.F.);
#2727=CYLINDRICAL_SURFACE('',#2934,4.);
#2728=CYLINDRICAL_SURFACE('',#2943,4.);
#2729=CYLINDRICAL_SURFACE('',#2946,2.);
#2730=CYLINDRICAL_SURFACE('',#2955,2.);
#2731=CYLINDRICAL_SURFACE('',#2958,4.);
#2732=CYLINDRICAL_SURFACE('',#2961,4.);
#2733=CYLINDRICAL_SURFACE('',#2987,2.5);
#2734=CYLINDRICAL_SURFACE('',#2988,2.5);
#2735=CYLINDRICAL_SURFACE('',#2990,2.5);
#2736=CYLINDRICAL_SURFACE('',#2995,2.5);
#2737=CYLINDRICAL_SURFACE('',#2996,2.5);
#2738=CYLINDRICAL_SURFACE('',#2998,2.5);
#2739=CYLINDRICAL_SURFACE('',#3003,2.5);
#2740=CYLINDRICAL_SURFACE('',#3008,2.5);
#2741=CYLINDRICAL_SURFACE('',#3009,2.);
#2742=CYLINDRICAL_SURFACE('',#3010,4.);
#2743=CYLINDRICAL_SURFACE('',#3013,4.);
#2744=CYLINDRICAL_SURFACE('',#3025,4.);
#2745=CYLINDRICAL_SURFACE('',#3026,4.);
#2746=CYLINDRICAL_SURFACE('',#3033,2.5);
#2747=CYLINDRICAL_SURFACE('',#3036,2.5);
#2748=CYLINDRICAL_SURFACE('',#3038,2.5);
#2749=CYLINDRICAL_SURFACE('',#3042,2.5);
#2750=CYLINDRICAL_SURFACE('',#3046,4.5);
#2751=CYLINDRICAL_SURFACE('',#3049,4.5);
#2752=CYLINDRICAL_SURFACE('',#3055,4.5);
#2753=CYLINDRICAL_SURFACE('',#3057,4.5);
#2754=CYLINDRICAL_SURFACE('',#3070,2.5);
#2755=CYLINDRICAL_SURFACE('',#3084,1.54999999999999);
#2756=CYLINDRICAL_SURFACE('',#3091,1.55);
#2757=CYLINDRICAL_SURFACE('',#3103,2.25);
#2758=CYLINDRICAL_SURFACE('',#3111,2.25);
#2759=CYLINDRICAL_SURFACE('',#3113,6.);
#2760=CYLINDRICAL_SURFACE('',#3114,6.);
#2761=ADVANCED_FACE('',(#157),#2727,.F.);
#2762=ADVANCED_FACE('',(#158),#43,.F.);
#2763=ADVANCED_FACE('',(#159,#33,#34),#44,.T.);
#2764=ADVANCED_FACE('',(#160),#2728,.F.);
#2765=ADVANCED_FACE('',(#161),#2729,.F.);
#2766=ADVANCED_FACE('',(#162),#45,.T.);
#2767=ADVANCED_FACE('',(#163),#2730,.F.);
#2768=ADVANCED_FACE('',(#164),#46,.T.);
#2769=ADVANCED_FACE('',(#165),#2731,.F.);
#2770=ADVANCED_FACE('',(#166),#47,.T.);
#2771=ADVANCED_FACE('',(#167),#2732,.F.);
#2772=ADVANCED_FACE('',(#168),#48,.T.);
#2773=ADVANCED_FACE('',(#169),#29,.T.);
#2774=ADVANCED_FACE('',(#170),#30,.T.);
#2775=ADVANCED_FACE('',(#171),#49,.F.);
#2776=ADVANCED_FACE('',(#172),#50,.F.);
#2777=ADVANCED_FACE('',(#173),#51,.T.);
#2778=ADVANCED_FACE('',(#174),#52,.F.);
#2779=ADVANCED_FACE('',(#175),#53,.T.);
#2780=ADVANCED_FACE('',(#176),#54,.T.);
#2781=ADVANCED_FACE('',(#177),#55,.F.);
#2782=ADVANCED_FACE('',(#178),#56,.F.);
#2783=ADVANCED_FACE('',(#179),#57,.F.);
#2784=ADVANCED_FACE('',(#180),#27,.F.);
#2785=ADVANCED_FACE('',(#181),#28,.F.);
#2786=ADVANCED_FACE('',(#182),#2733,.T.);
#2787=ADVANCED_FACE('',(#183),#2734,.T.);
#2788=ADVANCED_FACE('',(#184),#2735,.T.);
#2789=ADVANCED_FACE('',(#185),#19,.F.);
#2790=ADVANCED_FACE('',(#186),#2736,.T.);
#2791=ADVANCED_FACE('',(#187),#2737,.T.);
#2792=ADVANCED_FACE('',(#188),#20,.F.);
#2793=ADVANCED_FACE('',(#189),#2738,.T.);
#2794=ADVANCED_FACE('',(#190),#21,.F.);
#2795=ADVANCED_FACE('',(#191),#2739,.T.);
#2796=ADVANCED_FACE('',(#192),#22,.F.);
#2797=ADVANCED_FACE('',(#193),#2740,.T.);
#2798=ADVANCED_FACE('',(#194),#2741,.T.);
#2799=ADVANCED_FACE('',(#195),#2742,.T.);
#2800=ADVANCED_FACE('',(#196),#58,.T.);
#2801=ADVANCED_FACE('',(#197),#2743,.T.);
#2802=ADVANCED_FACE('',(#198),#59,.T.);
#2803=ADVANCED_FACE('',(#199),#60,.T.);
#2804=ADVANCED_FACE('',(#200,#35),#61,.T.);
#2805=ADVANCED_FACE('',(#201,#36),#62,.T.);
#2806=ADVANCED_FACE('',(#202),#2744,.T.);
#2807=ADVANCED_FACE('',(#203),#2745,.T.);
#2808=ADVANCED_FACE('',(#204),#63,.T.);
#2809=ADVANCED_FACE('',(#205),#64,.T.);
#2810=ADVANCED_FACE('',(#206),#65,.T.);
#2811=ADVANCED_FACE('',(#207),#66,.T.);
#2812=ADVANCED_FACE('',(#208),#67,.T.);
#2813=ADVANCED_FACE('',(#209),#68,.F.);
#2814=ADVANCED_FACE('',(#210),#2746,.F.);
#2815=ADVANCED_FACE('',(#211),#69,.F.);
#2816=ADVANCED_FACE('',(#212),#2747,.F.);
#2817=ADVANCED_FACE('',(#213),#2748,.F.);
#2818=ADVANCED_FACE('',(#214),#70,.F.);
#2819=ADVANCED_FACE('',(#215),#71,.F.);
#2820=ADVANCED_FACE('',(#216),#2749,.F.);
#2821=ADVANCED_FACE('',(#217),#72,.T.);
#2822=ADVANCED_FACE('',(#218),#73,.T.);
#2823=ADVANCED_FACE('',(#219),#2750,.T.);
#2824=ADVANCED_FACE('',(#220),#74,.T.);
#2825=ADVANCED_FACE('',(#221),#2751,.T.);
#2826=ADVANCED_FACE('',(#222,#37),#75,.F.);
#2827=ADVANCED_FACE('',(#223),#76,.T.);
#2828=ADVANCED_FACE('',(#224),#2752,.T.);
#2829=ADVANCED_FACE('',(#225),#77,.T.);
#2830=ADVANCED_FACE('',(#226),#2753,.T.);
#2831=ADVANCED_FACE('',(#227),#78,.F.);
#2832=ADVANCED_FACE('',(#228),#79,.F.);
#2833=ADVANCED_FACE('',(#229),#80,.F.);
#2834=ADVANCED_FACE('',(#230),#81,.T.);
#2835=ADVANCED_FACE('',(#231),#82,.T.);
#2836=ADVANCED_FACE('',(#232),#83,.T.);
#2837=ADVANCED_FACE('',(#233),#84,.T.);
#2838=ADVANCED_FACE('',(#234),#85,.F.);
#2839=ADVANCED_FACE('',(#235),#86,.T.);
#2840=ADVANCED_FACE('',(#236),#87,.F.);
#2841=ADVANCED_FACE('',(#237,#38),#88,.T.);
#2842=ADVANCED_FACE('',(#238),#2754,.F.);
#2843=ADVANCED_FACE('',(#239),#89,.T.);
#2844=ADVANCED_FACE('',(#240),#90,.T.);
#2845=ADVANCED_FACE('',(#241),#91,.T.);
#2846=ADVANCED_FACE('',(#242),#92,.F.);
#2847=ADVANCED_FACE('',(#243),#93,.T.);
#2848=ADVANCED_FACE('',(#244),#94,.T.);
#2849=ADVANCED_FACE('',(#245),#95,.T.);
#2850=ADVANCED_FACE('',(#246),#17,.F.);
#2851=ADVANCED_FACE('',(#247,#39),#96,.F.);
#2852=ADVANCED_FACE('',(#248),#2755,.F.);
#2853=ADVANCED_FACE('',(#249),#18,.F.);
#2854=ADVANCED_FACE('',(#250,#40),#97,.F.);
#2855=ADVANCED_FACE('',(#251),#2756,.F.);
#2856=ADVANCED_FACE('',(#252),#98,.T.);
#2857=ADVANCED_FACE('',(#253),#99,.F.);
#2858=ADVANCED_FACE('',(#254),#100,.T.);
#2859=ADVANCED_FACE('',(#255),#101,.F.);
#2860=ADVANCED_FACE('',(#256),#102,.F.);
#2861=ADVANCED_FACE('',(#257),#103,.T.);
#2862=ADVANCED_FACE('',(#258),#104,.F.);
#2863=ADVANCED_FACE('',(#259),#105,.F.);
#2864=ADVANCED_FACE('',(#260),#106,.T.);
#2865=ADVANCED_FACE('',(#261),#107,.T.);
#2866=ADVANCED_FACE('',(#262),#2757,.T.);
#2867=ADVANCED_FACE('',(#263),#108,.F.);
#2868=ADVANCED_FACE('',(#264),#109,.T.);
#2869=ADVANCED_FACE('',(#265),#110,.T.);
#2870=ADVANCED_FACE('',(#266),#2758,.T.);
#2871=ADVANCED_FACE('',(#267),#111,.T.);
#2872=ADVANCED_FACE('',(#268),#2759,.F.);
#2873=ADVANCED_FACE('',(#269),#2760,.F.);
#2874=ADVANCED_FACE('',(#270),#112,.T.);
#2875=ADVANCED_FACE('',(#271),#113,.T.);
#2876=ADVANCED_FACE('',(#272),#114,.T.);
#2877=ADVANCED_FACE('',(#273),#115,.T.);
#2878=ADVANCED_FACE('',(#274),#116,.T.);
#2879=ADVANCED_FACE('',(#275),#117,.T.);
#2880=ADVANCED_FACE('',(#276),#118,.T.);
#2881=ADVANCED_FACE('',(#277),#119,.T.);
#2882=ADVANCED_FACE('',(#278),#120,.T.);
#2883=ADVANCED_FACE('',(#279),#121,.T.);
#2884=ADVANCED_FACE('',(#280),#122,.T.);
#2885=ADVANCED_FACE('',(#281),#123,.F.);
#2886=ADVANCED_FACE('',(#282),#124,.F.);
#2887=ADVANCED_FACE('',(#283),#125,.F.);
#2888=ADVANCED_FACE('',(#284,#41),#126,.F.);
#2889=ADVANCED_FACE('',(#285),#127,.T.);
#2890=ADVANCED_FACE('',(#286),#128,.T.);
#2891=ADVANCED_FACE('',(#287),#129,.T.);
#2892=ADVANCED_FACE('',(#288),#130,.T.);
#2893=ADVANCED_FACE('',(#289),#131,.T.);
#2894=ADVANCED_FACE('',(#290),#132,.T.);
#2895=ADVANCED_FACE('',(#291),#133,.F.);
#2896=ADVANCED_FACE('',(#292),#134,.F.);
#2897=ADVANCED_FACE('',(#293),#135,.F.);
#2898=ADVANCED_FACE('',(#294,#42),#136,.F.);
#2899=ADVANCED_FACE('',(#295),#137,.F.);
#2900=ADVANCED_FACE('',(#296),#138,.F.);
#2901=ADVANCED_FACE('',(#297),#139,.F.);
#2902=ADVANCED_FACE('',(#298),#140,.F.);
#2903=ADVANCED_FACE('',(#299),#141,.F.);
#2904=ADVANCED_FACE('',(#300),#142,.T.);
#2905=ADVANCED_FACE('',(#301),#143,.F.);
#2906=ADVANCED_FACE('',(#302),#144,.F.);
#2907=ADVANCED_FACE('',(#303),#145,.F.);
#2908=ADVANCED_FACE('',(#304),#146,.F.);
#2909=ADVANCED_FACE('',(#305),#147,.F.);
#2910=ADVANCED_FACE('',(#306),#148,.T.);
#2911=ADVANCED_FACE('',(#307),#149,.T.);
#2912=ADVANCED_FACE('',(#308),#150,.F.);
#2913=ADVANCED_FACE('',(#309),#151,.T.);
#2914=ADVANCED_FACE('',(#310),#152,.T.);
#2915=ADVANCED_FACE('',(#311),#153,.T.);
#2916=ADVANCED_FACE('',(#312),#154,.T.);
#2917=ADVANCED_FACE('',(#313),#155,.T.);
#2918=ADVANCED_FACE('',(#314),#156,.F.);
#2919=CLOSED_SHELL('',(#2761,#2762,#2763,#2764,#2765,#2766,#2767,#2768,
#2769,#2770,#2771,#2772,#2773,#2774,#2775,#2776,#2777,#2778,#2779,#2780,
#2781,#2782,#2783,#2784,#2785,#2786,#2787,#2788,#2789,#2790,#2791,#2792,
#2793,#2794,#2795,#2796,#2797,#2798,#2799,#2800,#2801,#2802,#2803,#2804,
#2805,#2806,#2807,#2808,#2809,#2810,#2811,#2812,#2813,#2814,#2815,#2816,
#2817,#2818,#2819,#2820,#2821,#2822,#2823,#2824,#2825,#2826,#2827,#2828,
#2829,#2830,#2831,#2832,#2833,#2834,#2835,#2836,#2837,#2838,#2839,#2840,
#2841,#2842,#2843,#2844,#2845,#2846,#2847,#2848,#2849,#2850,#2851,#2852,
#2853,#2854,#2855,#2856,#2857,#2858,#2859,#2860,#2861,#2862,#2863,#2864,
#2865,#2866,#2867,#2868,#2869,#2870,#2871,#2872,#2873,#2874,#2875,#2876,
#2877,#2878,#2879,#2880,#2881,#2882,#2883,#2884,#2885,#2886,#2887,#2888,
#2889,#2890,#2891,#2892,#2893,#2894,#2895,#2896,#2897,#2898,#2899,#2900,
#2901,#2902,#2903,#2904,#2905,#2906,#2907,#2908,#2909,#2910,#2911,#2912));
#2920=CLOSED_SHELL('',(#2913,#2914,#2915,#2916,#2917,#2918));
#2921=DERIVED_UNIT_ELEMENT(#2923,1.);
#2922=DERIVED_UNIT_ELEMENT(#4907,-3.);
#2923=(
MASS_UNIT()
NAMED_UNIT(*)
SI_UNIT(.KILO.,.GRAM.)
);
#2924=DERIVED_UNIT((#2921,#2922));
#2925=MEASURE_REPRESENTATION_ITEM('density measure',
POSITIVE_RATIO_MEASURE(1425.),#2924);
#2926=PROPERTY_DEFINITION_REPRESENTATION(#2931,#2928);
#2927=PROPERTY_DEFINITION_REPRESENTATION(#2932,#2929);
#2928=REPRESENTATION('material name',(#2930),#4904);
#2929=REPRESENTATION('density',(#2925),#4904);
#2930=DESCRIPTIVE_REPRESENTATION_ITEM('Acetal Resin, Black',
'Acetal Resin, Black');
#2931=PROPERTY_DEFINITION('material property','material name',#4914);
#2932=PROPERTY_DEFINITION('material property','density of part',#4914);
#2933=AXIS2_PLACEMENT_3D('',#3951,#3160,#3161);
#2934=AXIS2_PLACEMENT_3D('',#3952,#3162,#3163);
#2935=AXIS2_PLACEMENT_3D('',#3955,#3164,#3165);
#2936=AXIS2_PLACEMENT_3D('',#3959,#3167,#3168);
#2937=AXIS2_PLACEMENT_3D('',#3961,#3170,#3171);
#2938=AXIS2_PLACEMENT_3D('',#3987,#3185,#3186);
#2939=AXIS2_PLACEMENT_3D('',#4011,#3198,#3199);
#2940=AXIS2_PLACEMENT_3D('',#4015,#3201,#3202);
#2941=AXIS2_PLACEMENT_3D('',#4019,#3204,#3205);
#2942=AXIS2_PLACEMENT_3D('',#4022,#3207,#3208);
#2943=AXIS2_PLACEMENT_3D('',#4023,#3209,#3210);
#2944=AXIS2_PLACEMENT_3D('',#4025,#3211,#3212);
#2945=AXIS2_PLACEMENT_3D('',#4027,#3213,#3214);
#2946=AXIS2_PLACEMENT_3D('',#4029,#3216,#3217);
#2947=AXIS2_PLACEMENT_3D('',#4032,#3218,#3219);
#2948=AXIS2_PLACEMENT_3D('',#4047,#3222,#3223);
#2949=AXIS2_PLACEMENT_3D('',#4049,#3224,#3225);
#2950=AXIS2_PLACEMENT_3D('',#4053,#3227,#3228);
#2951=AXIS2_PLACEMENT_3D('',#4057,#3230,#3231);
#2952=AXIS2_PLACEMENT_3D('',#4061,#3233,#3234);
#2953=AXIS2_PLACEMENT_3D('',#4067,#3237,#3238);
#2954=AXIS2_PLACEMENT_3D('',#4071,#3240,#3241);
#2955=AXIS2_PLACEMENT_3D('',#4073,#3243,#3244);
#2956=AXIS2_PLACEMENT_3D('',#4075,#3245,#3246);
#2957=AXIS2_PLACEMENT_3D('',#4088,#3248,#3249);
#2958=AXIS2_PLACEMENT_3D('',#4115,#3264,#3265);
#2959=AXIS2_PLACEMENT_3D('',#4118,#3267,#3268);
#2960=AXIS2_PLACEMENT_3D('',#4119,#3269,#3270);
#2961=AXIS2_PLACEMENT_3D('',#4123,#3273,#3274);
#2962=AXIS2_PLACEMENT_3D('',#4125,#3275,#3276);
#2963=AXIS2_PLACEMENT_3D('',#4127,#3278,#3279);
#2964=AXIS2_PLACEMENT_3D('',#4131,#3282,#3283);
#2965=AXIS2_PLACEMENT_3D('',#4133,#3284,#3285);
#2966=AXIS2_PLACEMENT_3D('',#4135,#3286,#3287);
#2967=AXIS2_PLACEMENT_3D('',#4136,#3288,#3289);
#2968=AXIS2_PLACEMENT_3D('',#4137,#3290,#3291);
#2969=AXIS2_PLACEMENT_3D('',#4139,#3292,#3293);
#2970=AXIS2_PLACEMENT_3D('',#4141,#3294,#3295);
#2971=AXIS2_PLACEMENT_3D('',#4142,#3296,#3297);
#2972=AXIS2_PLACEMENT_3D('',#4143,#3298,#3299);
#2973=AXIS2_PLACEMENT_3D('',#4147,#3302,#3303);
#2974=AXIS2_PLACEMENT_3D('',#4151,#3306,#3307);
#2975=AXIS2_PLACEMENT_3D('',#4159,#3312,#3313);
#2976=AXIS2_PLACEMENT_3D('',#4170,#3319,#3320);
#2977=AXIS2_PLACEMENT_3D('',#4176,#3324,#3325);
#2978=AXIS2_PLACEMENT_3D('',#4178,#3327,#3328);
#2979=AXIS2_PLACEMENT_3D('',#4182,#3331,#3332);
#2980=AXIS2_PLACEMENT_3D('',#4188,#3336,#3337);
#2981=AXIS2_PLACEMENT_3D('',#4226,#3339,#3340);
#2982=AXIS2_PLACEMENT_3D('',#4228,#3341,#3342);
#2983=AXIS2_PLACEMENT_3D('',#4229,#3343,#3344);
#2984=AXIS2_PLACEMENT_3D('',#4267,#3345,#3346);
#2985=AXIS2_PLACEMENT_3D('',#4268,#3347,#3348);
#2986=AXIS2_PLACEMENT_3D('',#4269,#3349,#3350);
#2987=AXIS2_PLACEMENT_3D('',#4270,#3351,#3352);
#2988=AXIS2_PLACEMENT_3D('',#4272,#3354,#3355);
#2989=AXIS2_PLACEMENT_3D('',#4274,#3356,#3357);
#2990=AXIS2_PLACEMENT_3D('',#4276,#3359,#3360);
#2991=AXIS2_PLACEMENT_3D('',#4278,#3361,#3362);
#2992=AXIS2_PLACEMENT_3D('',#4280,#3363,#3364);
#2993=AXIS2_PLACEMENT_3D('',#4292,#3366,#3367);
#2994=AXIS2_PLACEMENT_3D('',#4293,#3368,#3369);
#2995=AXIS2_PLACEMENT_3D('',#4294,#3370,#3371);
#2996=AXIS2_PLACEMENT_3D('',#4296,#3373,#3374);
#2997=AXIS2_PLACEMENT_3D('',#4307,#3376,#3377);
#2998=AXIS2_PLACEMENT_3D('',#4308,#3378,#3379);
#2999=AXIS2_PLACEMENT_3D('',#4312,#3381,#3382);
#3000=AXIS2_PLACEMENT_3D('',#4325,#3384,#3385);
#3001=AXIS2_PLACEMENT_3D('',#4326,#3386,#3387);
#3002=AXIS2_PLACEMENT_3D('',#4327,#3388,#3389);
#3003=AXIS2_PLACEMENT_3D('',#4328,#3390,#3391);
#3004=AXIS2_PLACEMENT_3D('',#4331,#3392,#3393);
#3005=AXIS2_PLACEMENT_3D('',#4345,#3396,#3397);
#3006=AXIS2_PLACEMENT_3D('',#4346,#3398,#3399);
#3007=AXIS2_PLACEMENT_3D('',#4347,#3400,#3401);
#3008=AXIS2_PLACEMENT_3D('',#4348,#3402,#3403);
#3009=AXIS2_PLACEMENT_3D('',#4351,#3406,#3407);
#3010=AXIS2_PLACEMENT_3D('',#4353,#3409,#3410);
#3011=AXIS2_PLACEMENT_3D('',#4357,#3412,#3413);
#3012=AXIS2_PLACEMENT_3D('',#4359,#3415,#3416);
#3013=AXIS2_PLACEMENT_3D('',#4363,#3419,#3420);
#3014=AXIS2_PLACEMENT_3D('',#4366,#3422,#3423);
#3015=AXIS2_PLACEMENT_3D('',#4367,#3424,#3425);
#3016=AXIS2_PLACEMENT_3D('',#4371,#3428,#3429);
#3017=AXIS2_PLACEMENT_3D('',#4377,#3433,#3434);
#3018=AXIS2_PLACEMENT_3D('',#4385,#3438,#3439);
#3019=AXIS2_PLACEMENT_3D('',#4389,#3441,#3442);
#3020=AXIS2_PLACEMENT_3D('',#4393,#3444,#3445);
#3021=AXIS2_PLACEMENT_3D('',#4396,#3447,#3448);
#3022=AXIS2_PLACEMENT_3D('',#4397,#3449,#3450);
#3023=AXIS2_PLACEMENT_3D('',#4398,#3451,#3452);
#3024=AXIS2_PLACEMENT_3D('',#4399,#3453,#3454);
#3025=AXIS2_PLACEMENT_3D('',#4405,#3458,#3459);
#3026=AXIS2_PLACEMENT_3D('',#4406,#3460,#3461);
#3027=AXIS2_PLACEMENT_3D('',#4407,#3462,#3463);
#3028=AXIS2_PLACEMENT_3D('',#4412,#3467,#3468);
#3029=AXIS2_PLACEMENT_3D('',#4413,#3469,#3470);
#3030=AXIS2_PLACEMENT_3D('',#4415,#3472,#3473);
#3031=AXIS2_PLACEMENT_3D('',#4421,#3477,#3478);
#3032=AXIS2_PLACEMENT_3D('',#4422,#3479,#3480);
#3033=AXIS2_PLACEMENT_3D('',#4428,#3484,#3485);
#3034=AXIS2_PLACEMENT_3D('',#4431,#3487,#3488);
#3035=AXIS2_PLACEMENT_3D('',#4432,#3489,#3490);
#3036=AXIS2_PLACEMENT_3D('',#4436,#3493,#3494);
#3037=AXIS2_PLACEMENT_3D('',#4439,#3496,#3497);
#3038=AXIS2_PLACEMENT_3D('',#4440,#3498,#3499);
#3039=AXIS2_PLACEMENT_3D('',#4443,#3501,#3502);
#3040=AXIS2_PLACEMENT_3D('',#4444,#3503,#3504);
#3041=AXIS2_PLACEMENT_3D('',#4448,#3507,#3508);
#3042=AXIS2_PLACEMENT_3D('',#4452,#3511,#3512);
#3043=AXIS2_PLACEMENT_3D('',#4453,#3513,#3514);
#3044=AXIS2_PLACEMENT_3D('',#4454,#3515,#3516);
#3045=AXIS2_PLACEMENT_3D('',#4465,#3523,#3524);
#3046=AXIS2_PLACEMENT_3D('',#4471,#3528,#3529);
#3047=AXIS2_PLACEMENT_3D('',#4474,#3531,#3532);
#3048=AXIS2_PLACEMENT_3D('',#4475,#3533,#3534);
#3049=AXIS2_PLACEMENT_3D('',#4479,#3537,#3538);
#3050=AXIS2_PLACEMENT_3D('',#4482,#3540,#3541);
#3051=AXIS2_PLACEMENT_3D('',#4483,#3542,#3543);
#3052=AXIS2_PLACEMENT_3D('',#4486,#3544,#3545);
#3053=AXIS2_PLACEMENT_3D('',#4489,#3547,#3548);
#3054=AXIS2_PLACEMENT_3D('',#4491,#3550,#3551);
#3055=AXIS2_PLACEMENT_3D('',#4493,#3553,#3554);
#3056=AXIS2_PLACEMENT_3D('',#4495,#3556,#3557);
#3057=AXIS2_PLACEMENT_3D('',#4497,#3559,#3560);
#3058=AXIS2_PLACEMENT_3D('',#4498,#3561,#3562);
#3059=AXIS2_PLACEMENT_3D('',#4507,#3567,#3568);
#3060=AXIS2_PLACEMENT_3D('',#4518,#3574,#3575);
#3061=AXIS2_PLACEMENT_3D('',#4526,#3580,#3581);
#3062=AXIS2_PLACEMENT_3D('',#4528,#3583,#3584);
#3063=AXIS2_PLACEMENT_3D('',#4538,#3590,#3591);
#3064=AXIS2_PLACEMENT_3D('',#4545,#3596,#3597);
#3065=AXIS2_PLACEMENT_3D('',#4547,#3599,#3600);
#3066=AXIS2_PLACEMENT_3D('',#4552,#3604,#3605);
#3067=AXIS2_PLACEMENT_3D('',#4559,#3610,#3611);
#3068=AXIS2_PLACEMENT_3D('',#4563,#3614,#3615);
#3069=AXIS2_PLACEMENT_3D('',#4569,#3619,#3620);
#3070=AXIS2_PLACEMENT_3D('',#4570,#3621,#3622);
#3071=AXIS2_PLACEMENT_3D('',#4573,#3624,#3625);
#3072=AXIS2_PLACEMENT_3D('',#4574,#3626,#3627);
#3073=AXIS2_PLACEMENT_3D('',#4576,#3629,#3630);
#3074=AXIS2_PLACEMENT_3D('',#4581,#3634,#3635);
#3075=AXIS2_PLACEMENT_3D('',#4582,#3636,#3637);
#3076=AXIS2_PLACEMENT_3D('',#4588,#3641,#3642);
#3077=AXIS2_PLACEMENT_3D('',#4597,#3647,#3648);
#3078=AXIS2_PLACEMENT_3D('',#4603,#3652,#3653);
#3079=AXIS2_PLACEMENT_3D('',#4609,#3657,#3658);
#3080=AXIS2_PLACEMENT_3D('',#4611,#3659,#3660);
#3081=AXIS2_PLACEMENT_3D('',#4614,#3662,#3663);
#3082=AXIS2_PLACEMENT_3D('',#4615,#3664,#3665);
#3083=AXIS2_PLACEMENT_3D('',#4624,#3669,#3670);
#3084=AXIS2_PLACEMENT_3D('',#4626,#3672,#3673);
#3085=AXIS2_PLACEMENT_3D('',#4628,#3674,#3675);
#3086=AXIS2_PLACEMENT_3D('',#4630,#3677,#3678);
#3087=AXIS2_PLACEMENT_3D('',#4632,#3679,#3680);
#3088=AXIS2_PLACEMENT_3D('',#4635,#3682,#3683);
#3089=AXIS2_PLACEMENT_3D('',#4636,#3684,#3685);
#3090=AXIS2_PLACEMENT_3D('',#4642,#3688,#3689);
#3091=AXIS2_PLACEMENT_3D('',#4644,#3691,#3692);
#3092=AXIS2_PLACEMENT_3D('',#4646,#3693,#3694);
#3093=AXIS2_PLACEMENT_3D('',#4648,#3696,#3697);
#3094=AXIS2_PLACEMENT_3D('',#4650,#3699,#3700);
#3095=AXIS2_PLACEMENT_3D('',#4653,#3703,#3704);
#3096=AXIS2_PLACEMENT_3D('',#4659,#3708,#3709);
#3097=AXIS2_PLACEMENT_3D('',#4671,#3716,#3717);
#3098=AXIS2_PLACEMENT_3D('',#4673,#3719,#3720);
#3099=AXIS2_PLACEMENT_3D('',#4680,#3725,#3726);
#3100=AXIS2_PLACEMENT_3D('',#4681,#3727,#3728);
#3101=AXIS2_PLACEMENT_3D('',#4682,#3729,#3730);
#3102=AXIS2_PLACEMENT_3D('',#4686,#3733,#3734);
#3103=AXIS2_PLACEMENT_3D('',#4690,#3737,#3738);
#3104=AXIS2_PLACEMENT_3D('',#4691,#3739,#3740);
#3105=AXIS2_PLACEMENT_3D('',#4692,#3741,#3742);
#3106=AXIS2_PLACEMENT_3D('',#4694,#3743,#3744);
#3107=AXIS2_PLACEMENT_3D('',#4697,#3746,#3747);
#3108=AXIS2_PLACEMENT_3D('',#4703,#3750,#3751);
#3109=AXIS2_PLACEMENT_3D('',#4705,#3753,#3754);
#3110=AXIS2_PLACEMENT_3D('',#4707,#3756,#3757);
#3111=AXIS2_PLACEMENT_3D('',#4710,#3760,#3761);
#3112=AXIS2_PLACEMENT_3D('',#4711,#3762,#3763);
#3113=AXIS2_PLACEMENT_3D('',#4717,#3768,#3769);
#3114=AXIS2_PLACEMENT_3D('',#4719,#3771,#3772);
#3115=AXIS2_PLACEMENT_3D('',#4721,#3774,#3775);
#3116=AXIS2_PLACEMENT_3D('',#4725,#3778,#3779);
#3117=AXIS2_PLACEMENT_3D('',#4731,#3783,#3784);
#3118=AXIS2_PLACEMENT_3D('',#4735,#3788,#3789);
#3119=AXIS2_PLACEMENT_3D('',#4739,#3792,#3793);
#3120=AXIS2_PLACEMENT_3D('',#4744,#3797,#3798);
#3121=AXIS2_PLACEMENT_3D('',#4753,#3803,#3804);
#3122=AXIS2_PLACEMENT_3D('',#4759,#3808,#3809);
#3123=AXIS2_PLACEMENT_3D('',#4765,#3813,#3814);
#3124=AXIS2_PLACEMENT_3D('',#4771,#3818,#3819);
#3125=AXIS2_PLACEMENT_3D('',#4777,#3823,#3824);
#3126=AXIS2_PLACEMENT_3D('',#4780,#3827,#3828);
#3127=AXIS2_PLACEMENT_3D('',#4786,#3832,#3833);
#3128=AXIS2_PLACEMENT_3D('',#4790,#3836,#3837);
#3129=AXIS2_PLACEMENT_3D('',#4794,#3840,#3841);
#3130=AXIS2_PLACEMENT_3D('',#4796,#3843,#3844);
#3131=AXIS2_PLACEMENT_3D('',#4805,#3849,#3850);
#3132=AXIS2_PLACEMENT_3D('',#4811,#3854,#3855);
#3133=AXIS2_PLACEMENT_3D('',#4817,#3859,#3860);
#3134=AXIS2_PLACEMENT_3D('',#4823,#3864,#3865);
#3135=AXIS2_PLACEMENT_3D('',#4829,#3869,#3870);
#3136=AXIS2_PLACEMENT_3D('',#4832,#3873,#3874);
#3137=AXIS2_PLACEMENT_3D('',#4838,#3878,#3879);
#3138=AXIS2_PLACEMENT_3D('',#4842,#3882,#3883);
#3139=AXIS2_PLACEMENT_3D('',#4846,#3886,#3887);
#3140=AXIS2_PLACEMENT_3D('',#4848,#3889,#3890);
#3141=AXIS2_PLACEMENT_3D('',#4854,#3894,#3895);
#3142=AXIS2_PLACEMENT_3D('',#4856,#3897,#3898);
#3143=AXIS2_PLACEMENT_3D('',#4860,#3901,#3902);
#3144=AXIS2_PLACEMENT_3D('',#4864,#3905,#3906);
#3145=AXIS2_PLACEMENT_3D('',#4866,#3908,#3909);
#3146=AXIS2_PLACEMENT_3D('',#4867,#3910,#3911);
#3147=AXIS2_PLACEMENT_3D('',#4868,#3912,#3913);
#3148=AXIS2_PLACEMENT_3D('',#4869,#3914,#3915);
#3149=AXIS2_PLACEMENT_3D('',#4870,#3916,#3917);
#3150=AXIS2_PLACEMENT_3D('',#4872,#3919,#3920);
#3151=AXIS2_PLACEMENT_3D('',#4873,#3921,#3922);
#3152=AXIS2_PLACEMENT_3D('',#4874,#3923,#3924);
#3153=AXIS2_PLACEMENT_3D('',#4875,#3925,#3926);
#3154=AXIS2_PLACEMENT_3D('',#4876,#3927,#3928);
#3155=AXIS2_PLACEMENT_3D('',#4885,#3933,#3934);
#3156=AXIS2_PLACEMENT_3D('',#4891,#3938,#3939);
#3157=AXIS2_PLACEMENT_3D('',#4897,#3943,#3944);
#3158=AXIS2_PLACEMENT_3D('',#4900,#3947,#3948);
#3159=AXIS2_PLACEMENT_3D('',#4901,#3949,#3950);
#3160=DIRECTION('axis',(0.,0.,1.));
#3161=DIRECTION('refdir',(1.,0.,0.));
#3162=DIRECTION('center_axis',(0.,0.,1.));
#3163=DIRECTION('ref_axis',(-0.707106781186548,0.707106781186547,0.));
#3164=DIRECTION('center_axis',(0.,0.,-1.));
#3165=DIRECTION('ref_axis',(-0.707106781186548,0.707106781186547,0.));
#3166=DIRECTION('',(0.,0.,-1.));
#3167=DIRECTION('center_axis',(0.,0.,-1.));
#3168=DIRECTION('ref_axis',(-0.707106781186548,0.707106781186547,0.));
#3169=DIRECTION('',(0.,0.,1.));
#3170=DIRECTION('center_axis',(0.,0.,1.));
#3171=DIRECTION('ref_axis',(1.,0.,0.));
#3172=DIRECTION('',(-1.,0.,0.));
#3173=DIRECTION('',(0.,1.,0.));
#3174=DIRECTION('',(1.,0.,0.));
#3175=DIRECTION('',(0.,1.,0.));
#3176=DIRECTION('',(-1.,0.,0.));
#3177=DIRECTION('',(0.,1.,0.));
#3178=DIRECTION('',(0.,1.,0.));
#3179=DIRECTION('',(1.,0.,0.));
#3180=DIRECTION('',(0.,-1.,0.));
#3181=DIRECTION('',(1.,0.,0.));
#3182=DIRECTION('',(0.,-1.,0.));
#3183=DIRECTION('',(1.,0.,0.));
#3184=DIRECTION('',(-2.99049972963005E-16,-1.,0.));
#3185=DIRECTION('center_axis',(0.,-1.,0.));
#3186=DIRECTION('ref_axis',(-1.,0.,0.));
#3187=DIRECTION('',(1.,0.,0.));
#3188=DIRECTION('',(0.,0.,-1.));
#3189=DIRECTION('',(-1.,0.,0.));
#3190=DIRECTION('',(0.,0.,-1.));
#3191=DIRECTION('',(0.,0.,1.));
#3192=DIRECTION('',(0.,0.,1.));
#3193=DIRECTION('',(-1.,0.,0.));
#3194=DIRECTION('',(0.,0.,-1.));
#3195=DIRECTION('',(0.,0.,-1.));
#3196=DIRECTION('',(1.,0.,0.));
#3197=DIRECTION('',(0.,0.,1.));
#3198=DIRECTION('center_axis',(0.,-1.,0.));
#3199=DIRECTION('ref_axis',(1.,0.,0.));
#3200=DIRECTION('',(1.,0.,0.));
#3201=DIRECTION('center_axis',(0.,-1.,0.));
#3202=DIRECTION('ref_axis',(0.,0.,-1.));
#3203=DIRECTION('',(0.,0.,-1.));
#3204=DIRECTION('center_axis',(0.,-1.,0.));
#3205=DIRECTION('ref_axis',(-1.,0.,0.));
#3206=DIRECTION('',(-1.,0.,0.));
#3207=DIRECTION('center_axis',(0.,-1.,0.));
#3208=DIRECTION('ref_axis',(0.,0.,1.));
#3209=DIRECTION('center_axis',(0.,0.,-1.));
#3210=DIRECTION('ref_axis',(0.707106781186548,0.707106781186548,0.));
#3211=DIRECTION('center_axis',(0.,0.,1.));
#3212=DIRECTION('ref_axis',(0.707106781186548,0.707106781186548,0.));
#3213=DIRECTION('center_axis',(0.,0.,-1.));
#3214=DIRECTION('ref_axis',(0.707106781186548,0.707106781186548,0.));
#3215=DIRECTION('',(0.,0.,1.));
#3216=DIRECTION('center_axis',(-1.,0.,0.));
#3217=DIRECTION('ref_axis',(0.,0.707106781186546,-0.707106781186549));
#3218=DIRECTION('center_axis',(-1.,0.,0.));
#3219=DIRECTION('ref_axis',(0.,0.707106781186546,-0.707106781186549));
#3220=DIRECTION('',(-1.,0.,0.));
#3221=DIRECTION('',(1.,0.,0.));
#3222=DIRECTION('center_axis',(0.,0.,1.));
#3223=DIRECTION('ref_axis',(1.,0.,0.));
#3224=DIRECTION('center_axis',(0.,0.,1.));
#3225=DIRECTION('ref_axis',(0.707106781186551,0.707106781186544,0.));
#3226=DIRECTION('',(0.,1.,0.));
#3227=DIRECTION('center_axis',(0.,0.,1.));
#3228=DIRECTION('ref_axis',(0.707106781186547,-0.707106781186548,0.));
#3229=DIRECTION('',(1.,0.,0.));
#3230=DIRECTION('center_axis',(0.,0.,1.));
#3231=DIRECTION('ref_axis',(-0.707106781186548,-0.707106781186548,0.));
#3232=DIRECTION('',(0.,-1.,0.));
#3233=DIRECTION('center_axis',(0.,0.,1.));
#3234=DIRECTION('ref_axis',(-0.707106781186546,0.707106781186549,0.));
#3235=DIRECTION('',(1.,0.,0.));
#3236=DIRECTION('',(0.,1.,0.));
#3237=DIRECTION('center_axis',(0.,0.,-1.));
#3238=DIRECTION('ref_axis',(-0.707106781186547,-0.707106781186548,0.));
#3239=DIRECTION('',(-1.,0.,0.));
#3240=DIRECTION('center_axis',(0.,0.,-1.));
#3241=DIRECTION('ref_axis',(0.707106781186547,-0.707106781186548,0.));
#3242=DIRECTION('',(0.,-1.,0.));
#3243=DIRECTION('center_axis',(1.,0.,0.));
#3244=DIRECTION('ref_axis',(0.,0.707106781186546,-0.707106781186549));
#3245=DIRECTION('center_axis',(1.,0.,0.));
#3246=DIRECTION('ref_axis',(0.,0.707106781186546,-0.707106781186549));
#3247=DIRECTION('',(-1.,0.,0.));
#3248=DIRECTION('center_axis',(0.,-1.,0.));
#3249=DIRECTION('ref_axis',(1.,0.,0.));
#3250=DIRECTION('',(0.,0.,-1.));
#3251=DIRECTION('',(1.,0.,0.));
#3252=DIRECTION('',(0.,0.,1.));
#3253=DIRECTION('',(0.,0.,1.));
#3254=DIRECTION('',(-1.,0.,0.));
#3255=DIRECTION('',(0.,0.,1.));
#3256=DIRECTION('',(1.,0.,0.));
#3257=DIRECTION('',(0.,0.,1.));
#3258=DIRECTION('',(-1.,0.,0.));
#3259=DIRECTION('',(0.,0.,1.));
#3260=DIRECTION('',(1.,0.,0.));
#3261=DIRECTION('',(0.,0.,-1.));
#3262=DIRECTION('',(-1.,0.,0.));
#3263=DIRECTION('',(0.,0.,-1.));
#3264=DIRECTION('center_axis',(0.,0.,-1.));
#3265=DIRECTION('ref_axis',(-0.707106781186546,0.707106781186549,0.));
#3266=DIRECTION('',(0.,0.,-1.));
#3267=DIRECTION('center_axis',(0.,0.,-1.));
#3268=DIRECTION('ref_axis',(-0.707106781186546,0.707106781186549,0.));
#3269=DIRECTION('center_axis',(1.,0.,0.));
#3270=DIRECTION('ref_axis',(0.,0.,-1.));
#3271=DIRECTION('',(0.,0.,1.));
#3272=DIRECTION('',(0.,1.,0.));
#3273=DIRECTION('center_axis',(0.,0.,1.));
#3274=DIRECTION('ref_axis',(0.707106781186551,0.707106781186544,0.));
#3275=DIRECTION('center_axis',(0.,0.,-1.));
#3276=DIRECTION('ref_axis',(0.707106781186551,0.707106781186544,0.));
#3277=DIRECTION('',(0.,0.,1.));
#3278=DIRECTION('center_axis',(-1.,0.,0.));
#3279=DIRECTION('ref_axis',(0.,0.,1.));
#3280=DIRECTION('',(0.,-1.,0.));
#3281=DIRECTION('',(0.,0.,1.));
#3282=DIRECTION('center_axis',(1.,0.,0.));
#3283=DIRECTION('ref_axis',(0.,0.,-1.));
#3284=DIRECTION('center_axis',(0.,1.,0.));
#3285=DIRECTION('ref_axis',(0.,0.,1.));
#3286=DIRECTION('center_axis',(1.,0.,0.));
#3287=DIRECTION('ref_axis',(0.,0.707106781186547,-0.707106781186548));
#3288=DIRECTION('center_axis',(0.,0.,1.));
#3289=DIRECTION('ref_axis',(0.,-1.,0.));
#3290=DIRECTION('center_axis',(-1.,0.,0.));
#3291=DIRECTION('ref_axis',(0.,0.,1.));
#3292=DIRECTION('center_axis',(0.,0.,-1.));
#3293=DIRECTION('ref_axis',(0.,-1.,0.));
#3294=DIRECTION('center_axis',(-1.,0.,0.));
#3295=DIRECTION('ref_axis',(0.,0.707106781186547,-0.707106781186548));
#3296=DIRECTION('center_axis',(0.,-1.,0.));
#3297=DIRECTION('ref_axis',(0.,0.,1.));
#3298=DIRECTION('center_axis',(1.,0.,0.));
#3299=DIRECTION('ref_axis',(0.,1.,0.));
#3300=DIRECTION('',(0.,0.0111101968613866,0.999938279858163));
#3301=DIRECTION('',(0.,0.,1.));
#3302=DIRECTION('center_axis',(0.,-1.,0.));
#3303=DIRECTION('ref_axis',(1.,0.,0.));
#3304=DIRECTION('',(-1.,0.,0.));
#3305=DIRECTION('',(0.,0.,1.));
#3306=DIRECTION('center_axis',(1.,0.,0.));
#3307=DIRECTION('ref_axis',(0.,-1.,0.));
#3308=DIRECTION('',(0.,0.,1.));
#3309=DIRECTION('',(0.,1.,0.));
#3310=DIRECTION('',(0.,0.999938279858163,-0.0111101968613866));
#3311=DIRECTION('',(0.,0.0111101968613866,0.999938279858163));
#3312=DIRECTION('center_axis',(0.,0.,-1.));
#3313=DIRECTION('ref_axis',(-1.,0.,0.));
#3314=DIRECTION('',(1.,0.,0.));
#3315=DIRECTION('',(0.,-1.,0.));
#3316=DIRECTION('',(1.,0.,0.));
#3317=DIRECTION('',(1.,0.,0.));
#3318=DIRECTION('',(0.,1.,0.));
#3319=DIRECTION('center_axis',(0.,0.,-1.));
#3320=DIRECTION('ref_axis',(1.,0.,0.));
#3321=DIRECTION('',(1.,0.,0.));
#3322=DIRECTION('',(0.,1.,0.));
#3323=DIRECTION('',(0.,-1.,0.));
#3324=DIRECTION('center_axis',(-1.,0.,0.));
#3325=DIRECTION('ref_axis',(0.,0.,-1.));
#3326=DIRECTION('',(0.,-0.999999608426869,-0.000884955427625783));
#3327=DIRECTION('center_axis',(-1.,0.,0.));
#3328=DIRECTION('ref_axis',(0.,0.,1.));
#3329=DIRECTION('',(0.,-1.,0.));
#3330=DIRECTION('',(0.,-0.000884955427625783,0.999999608426869));
#3331=DIRECTION('center_axis',(-1.,0.,0.));
#3332=DIRECTION('ref_axis',(0.,0.,1.));
#3333=DIRECTION('',(0.,0.,1.));
#3334=DIRECTION('',(0.,1.,0.));
#3335=DIRECTION('',(0.,0.,-1.));
#3336=DIRECTION('center_axis',(-1.,0.,0.));
#3337=DIRECTION('ref_axis',(0.,0.,1.));
#3338=DIRECTION('',(0.,0.999999608426869,0.000884955427625783));
#3339=DIRECTION('center_axis',(0.,0.196116135138184,0.98058067569092));
#3340=DIRECTION('ref_axis',(0.,-0.98058067569092,0.196116135138184));
#3341=DIRECTION('center_axis',(0.,-0.98058067569092,-0.196116135138187));
#3342=DIRECTION('ref_axis',(0.,-0.196116135138187,0.98058067569092));
#3343=DIRECTION('center_axis',(1.,0.,0.));
#3344=DIRECTION('ref_axis',(0.,0.,1.));
#3345=DIRECTION('center_axis',(0.,-0.98058067569092,-0.196116135138187));
#3346=DIRECTION('ref_axis',(0.,-0.196116135138187,0.98058067569092));
#3347=DIRECTION('center_axis',(0.,0.196116135138181,0.980580675690921));
#3348=DIRECTION('ref_axis',(0.,-0.980580675690921,0.196116135138181));
#3349=DIRECTION('center_axis',(-1.,0.,0.));
#3350=DIRECTION('ref_axis',(0.,-1.,0.));
#3351=DIRECTION('center_axis',(0.,0.,1.));
#3352=DIRECTION('ref_axis',(0.707106781186547,-0.707106781186547,0.));
#3353=DIRECTION('',(0.,0.,1.));
#3354=DIRECTION('center_axis',(0.,-1.,0.));
#3355=DIRECTION('ref_axis',(0.707106781186547,0.,0.707106781186547));
#3356=DIRECTION('center_axis',(0.,1.,0.));
#3357=DIRECTION('ref_axis',(0.,0.,1.));
#3358=DIRECTION('',(0.,1.,0.));
#3359=DIRECTION('center_axis',(-1.,0.,0.));
#3360=DIRECTION('ref_axis',(0.,-0.707106781186548,0.707106781186547));
#3361=DIRECTION('center_axis',(-1.,0.,0.));
#3362=DIRECTION('ref_axis',(0.,-1.,0.));
#3363=DIRECTION('center_axis',(1.,0.,0.));
#3364=DIRECTION('ref_axis',(0.,0.,1.));
#3365=DIRECTION('',(1.,0.,0.));
#3366=DIRECTION('center_axis',(0.,-1.,0.));
#3367=DIRECTION('ref_axis',(0.,0.,1.));
#3368=DIRECTION('center_axis',(0.,0.,1.));
#3369=DIRECTION('ref_axis',(-0.707106781186547,-0.707106781186548,0.));
#3370=DIRECTION('center_axis',(0.,1.,0.));
#3371=DIRECTION('ref_axis',(-0.707106781186547,0.,0.707106781186547));
#3372=DIRECTION('',(0.,-1.,0.));
#3373=DIRECTION('center_axis',(0.,0.,1.));
#3374=DIRECTION('ref_axis',(-0.707106781186547,-0.707106781186547,0.));
#3375=DIRECTION('',(0.,0.,-1.));
#3376=DIRECTION('center_axis',(0.,0.,1.));
#3377=DIRECTION('ref_axis',(0.707106781186547,-0.707106781186548,0.));
#3378=DIRECTION('center_axis',(0.,-1.,0.));
#3379=DIRECTION('ref_axis',(-0.707106781186547,0.,0.707106781186547));
#3380=DIRECTION('',(0.,1.,0.));
#3381=DIRECTION('center_axis',(0.,-1.,0.));
#3382=DIRECTION('ref_axis',(0.,0.,1.));
#3383=DIRECTION('',(0.,-1.,0.));
#3384=DIRECTION('center_axis',(-1.,0.,0.));
#3385=DIRECTION('ref_axis',(0.,0.,1.));
#3386=DIRECTION('center_axis',(0.,0.,1.));
#3387=DIRECTION('ref_axis',(-0.707106781186546,0.707106781186549,0.));
#3388=DIRECTION('center_axis',(0.,0.,-1.));
#3389=DIRECTION('ref_axis',(-0.707106781186546,0.707106781186549,0.));
#3390=DIRECTION('center_axis',(-1.,0.,0.));
#3391=DIRECTION('ref_axis',(0.,0.707106781186547,0.707106781186547));
#3392=DIRECTION('center_axis',(-1.,0.,0.));
#3393=DIRECTION('ref_axis',(0.,0.,1.));
#3394=DIRECTION('',(-1.,0.,0.));
#3395=DIRECTION('',(1.,0.,0.));
#3396=DIRECTION('center_axis',(0.,1.,0.));
#3397=DIRECTION('ref_axis',(0.,0.,1.));
#3398=DIRECTION('center_axis',(0.,0.,1.));
#3399=DIRECTION('ref_axis',(0.70710678118655,0.707106781186545,0.));
#3400=DIRECTION('center_axis',(0.,0.,-1.));
#3401=DIRECTION('ref_axis',(0.70710678118655,0.707106781186545,0.));
#3402=DIRECTION('center_axis',(0.,1.,0.));
#3403=DIRECTION('ref_axis',(0.707106781186547,0.,0.707106781186547));
#3404=DIRECTION('',(0.,1.,0.));
#3405=DIRECTION('',(0.,-1.,0.));
#3406=DIRECTION('center_axis',(1.,0.,0.));
#3407=DIRECTION('ref_axis',(0.,-0.707106781186546,0.707106781186549));
#3408=DIRECTION('',(-1.,0.,0.));
#3409=DIRECTION('center_axis',(0.,0.,1.));
#3410=DIRECTION('ref_axis',(0.707106781186544,0.707106781186551,0.));
#3411=DIRECTION('',(0.,0.,-1.));
#3412=DIRECTION('center_axis',(0.,0.,1.));
#3413=DIRECTION('ref_axis',(0.707106781186544,0.707106781186551,0.));
#3414=DIRECTION('',(0.,0.,1.));
#3415=DIRECTION('center_axis',(1.,0.,0.));
#3416=DIRECTION('ref_axis',(0.,1.,0.));
#3417=DIRECTION('',(0.,0.,1.));
#3418=DIRECTION('',(0.,-1.,0.));
#3419=DIRECTION('center_axis',(0.,0.,1.));
#3420=DIRECTION('ref_axis',(0.707106781186546,-0.707106781186549,0.));
#3421=DIRECTION('',(0.,0.,-1.));
#3422=DIRECTION('center_axis',(0.,0.,1.));
#3423=DIRECTION('ref_axis',(0.707106781186546,-0.707106781186549,0.));
#3424=DIRECTION('center_axis',(0.,-1.,0.));
#3425=DIRECTION('ref_axis',(1.,0.,0.));
#3426=DIRECTION('',(0.,0.,1.));
#3427=DIRECTION('',(-1.,0.,0.));
#3428=DIRECTION('center_axis',(-1.,0.,0.));
#3429=DIRECTION('ref_axis',(0.,-1.,0.));
#3430=DIRECTION('',(0.,0.,1.));
#3431=DIRECTION('',(0.,1.,0.));
#3432=DIRECTION('',(0.,0.,-1.));
#3433=DIRECTION('center_axis',(0.,1.,0.));
#3434=DIRECTION('ref_axis',(-1.,0.,0.));
#3435=DIRECTION('',(1.,0.,0.));
#3436=DIRECTION('',(0.,0.,-1.));
#3437=DIRECTION('',(0.,0.,-1.));
#3438=DIRECTION('center_axis',(0.,1.,0.));
#3439=DIRECTION('ref_axis',(0.,0.,1.));
#3440=DIRECTION('',(1.,0.,0.));
#3441=DIRECTION('center_axis',(0.,1.,0.));
#3442=DIRECTION('ref_axis',(-1.,0.,0.));
#3443=DIRECTION('',(0.,0.,1.));
#3444=DIRECTION('center_axis',(0.,1.,0.));
#3445=DIRECTION('ref_axis',(0.,0.,-1.));
#3446=DIRECTION('',(-1.,0.,0.));
#3447=DIRECTION('center_axis',(0.,1.,0.));
#3448=DIRECTION('ref_axis',(1.,0.,0.));
#3449=DIRECTION('center_axis',(0.,0.,-1.));
#3450=DIRECTION('ref_axis',(-1.,0.,0.));
#3451=DIRECTION('center_axis',(0.,0.,1.));
#3452=DIRECTION('ref_axis',(-0.707106781186548,-0.707106781186548,0.));
#3453=DIRECTION('center_axis',(0.,0.,1.));
#3454=DIRECTION('ref_axis',(-0.707106781186546,0.707106781186549,0.));
#3455=DIRECTION('',(0.,-1.,0.));
#3456=DIRECTION('',(1.,0.,0.));
#3457=DIRECTION('',(0.,1.,0.));
#3458=DIRECTION('center_axis',(0.,0.,-1.));
#3459=DIRECTION('ref_axis',(-0.707106781186546,0.707106781186549,0.));
#3460=DIRECTION('center_axis',(0.,0.,1.));
#3461=DIRECTION('ref_axis',(-0.707106781186548,-0.707106781186548,0.));
#3462=DIRECTION('center_axis',(0.,-0.999999608426869,-0.000884955427625783));
#3463=DIRECTION('ref_axis',(0.,0.000884955427625783,-0.999999608426869));
#3464=DIRECTION('',(-1.,0.,0.));
#3465=DIRECTION('',(0.,0.000884955427625783,-0.999999608426869));
#3466=DIRECTION('',(-1.,0.,0.));
#3467=DIRECTION('center_axis',(0.,-0.000884955427625783,0.999999608426869));
#3468=DIRECTION('ref_axis',(-1.,0.,0.));
#3469=DIRECTION('center_axis',(-1.,0.,0.));
#3470=DIRECTION('ref_axis',(0.,0.,-1.));
#3471=DIRECTION('',(0.,-1.,0.));
#3472=DIRECTION('center_axis',(0.,0.,1.));
#3473=DIRECTION('ref_axis',(-1.,0.,0.));
#3474=DIRECTION('',(0.,-1.,0.));
#3475=DIRECTION('',(0.,-1.,0.));
#3476=DIRECTION('',(1.,0.,0.));
#3477=DIRECTION('center_axis',(0.,0.,1.));
#3478=DIRECTION('ref_axis',(-1.,0.,0.));
#3479=DIRECTION('center_axis',(0.,0.,-1.));
#3480=DIRECTION('ref_axis',(1.,0.,0.));
#3481=DIRECTION('',(0.,-1.,0.));
#3482=DIRECTION('',(-1.,0.,0.));
#3483=DIRECTION('',(0.,-1.,0.));
#3484=DIRECTION('center_axis',(0.,-1.,0.));
#3485=DIRECTION('ref_axis',(1.,0.,0.));
#3486=DIRECTION('',(0.,-1.,0.));
#3487=DIRECTION('center_axis',(0.,1.,0.));
#3488=DIRECTION('ref_axis',(1.,0.,0.));
#3489=DIRECTION('center_axis',(1.,0.,0.));
#3490=DIRECTION('ref_axis',(0.,0.,1.));
#3491=DIRECTION('',(0.,-1.,0.));
#3492=DIRECTION('',(0.,0.,-1.));
#3493=DIRECTION('center_axis',(0.,-1.,0.));
#3494=DIRECTION('ref_axis',(0.,0.,-1.));
#3495=DIRECTION('',(0.,-1.,0.));
#3496=DIRECTION('center_axis',(0.,1.,0.));
#3497=DIRECTION('ref_axis',(0.,0.,-1.));
#3498=DIRECTION('center_axis',(0.,-1.,0.));
#3499=DIRECTION('ref_axis',(0.,0.,1.));
#3500=DIRECTION('',(0.,-1.,0.));
#3501=DIRECTION('center_axis',(0.,1.,0.));
#3502=DIRECTION('ref_axis',(0.,0.,1.));
#3503=DIRECTION('center_axis',(-1.,0.,0.));
#3504=DIRECTION('ref_axis',(0.,0.,-1.));
#3505=DIRECTION('',(0.,-1.,0.));
#3506=DIRECTION('',(0.,0.,1.));
#3507=DIRECTION('center_axis',(0.,0.,1.));
#3508=DIRECTION('ref_axis',(-1.,0.,0.));
#3509=DIRECTION('',(0.,-1.,0.));
#3510=DIRECTION('',(1.,0.,0.));
#3511=DIRECTION('center_axis',(0.,-1.,0.));
#3512=DIRECTION('ref_axis',(-1.,0.,0.));
#3513=DIRECTION('center_axis',(0.,1.,0.));
#3514=DIRECTION('ref_axis',(-1.,0.,0.));
#3515=DIRECTION('center_axis',(1.,-2.99049972963005E-16,0.));
#3516=DIRECTION('ref_axis',(-2.99049972963005E-16,-1.,0.));
#3517=DIRECTION('',(0.,0.,-1.));
#3518=DIRECTION('',(-2.99049972963005E-16,-1.,0.));
#3519=DIRECTION('',(-2.99049972963005E-16,-1.,0.));
#3520=DIRECTION('',(0.,0.,-1.));
#3521=DIRECTION('',(-2.99049972963005E-16,-1.,0.));
#3522=DIRECTION('',(0.,0.,-1.));
#3523=DIRECTION('center_axis',(-1.,0.,0.));
#3524=DIRECTION('ref_axis',(0.,0.,-1.));
#3525=DIRECTION('',(0.,-1.,0.));
#3526=DIRECTION('',(0.,0.,-1.));
#3527=DIRECTION('',(0.,-1.,0.));
#3528=DIRECTION('center_axis',(0.,-1.,0.));
#3529=DIRECTION('ref_axis',(0.,0.,-1.));
#3530=DIRECTION('',(0.,-1.,0.));
#3531=DIRECTION('center_axis',(0.,-1.,0.));
#3532=DIRECTION('ref_axis',(0.,0.,-1.));
#3533=DIRECTION('center_axis',(0.,0.,-1.));
#3534=DIRECTION('ref_axis',(1.,0.,0.));
#3535=DIRECTION('',(0.,-1.,0.));
#3536=DIRECTION('',(1.,0.,0.));
#3537=DIRECTION('center_axis',(0.,-1.,0.));
#3538=DIRECTION('ref_axis',(1.,0.,0.));
#3539=DIRECTION('',(0.,-1.,0.));
#3540=DIRECTION('center_axis',(0.,-1.,0.));
#3541=DIRECTION('ref_axis',(1.,0.,0.));
#3542=DIRECTION('center_axis',(0.,1.,0.));
#3543=DIRECTION('ref_axis',(-1.,0.,0.));
#3544=DIRECTION('center_axis',(0.,-1.,0.));
#3545=DIRECTION('ref_axis',(0.,0.,1.));
#3546=DIRECTION('',(-1.,0.,0.));
#3547=DIRECTION('center_axis',(0.,-1.,0.));
#3548=DIRECTION('ref_axis',(-1.,0.,0.));
#3549=DIRECTION('',(0.,0.,1.));
#3550=DIRECTION('center_axis',(1.,0.,0.));
#3551=DIRECTION('ref_axis',(0.,0.,1.));
#3552=DIRECTION('',(0.,-1.,0.));
#3553=DIRECTION('center_axis',(0.,-1.,0.));
#3554=DIRECTION('ref_axis',(-1.,0.,0.));
#3555=DIRECTION('',(0.,-1.,0.));
#3556=DIRECTION('center_axis',(0.,0.,1.));
#3557=DIRECTION('ref_axis',(-1.,0.,0.));
#3558=DIRECTION('',(0.,-1.,0.));
#3559=DIRECTION('center_axis',(0.,-1.,0.));
#3560=DIRECTION('ref_axis',(0.,0.,1.));
#3561=DIRECTION('center_axis',(0.,-1.,0.));
#3562=DIRECTION('ref_axis',(0.,0.,-1.));
#3563=DIRECTION('',(0.,0.,-1.));
#3564=DIRECTION('',(-1.,0.,0.));
#3565=DIRECTION('',(0.,0.,1.));
#3566=DIRECTION('',(1.,0.,0.));
#3567=DIRECTION('center_axis',(0.,0.,1.));
#3568=DIRECTION('ref_axis',(0.,1.,0.));
#3569=DIRECTION('',(0.,1.,0.));
#3570=DIRECTION('',(0.,-1.,0.));
#3571=DIRECTION('',(-1.,0.,0.));
#3572=DIRECTION('',(1.,0.,0.));
#3573=DIRECTION('',(0.,1.,0.));
#3574=DIRECTION('center_axis',(0.,0.,1.));
#3575=DIRECTION('ref_axis',(0.707106781186547,0.707106781186547,0.));
#3576=DIRECTION('',(0.,1.,0.));
#3577=DIRECTION('',(1.,0.,0.));
#3578=DIRECTION('',(1.,0.,0.));
#3579=DIRECTION('',(1.,0.,0.));
#3580=DIRECTION('center_axis',(0.,-1.,0.));
#3581=DIRECTION('ref_axis',(0.,0.,-1.));
#3582=DIRECTION('',(0.,0.,1.));
#3583=DIRECTION('center_axis',(0.,-1.,0.));
#3584=DIRECTION('ref_axis',(0.,0.,-1.));
#3585=DIRECTION('',(-1.,0.,0.));
#3586=DIRECTION('',(0.,0.,1.));
#3587=DIRECTION('',(0.,0.,-1.));
#3588=DIRECTION('',(-1.,0.,0.));
#3589=DIRECTION('',(-1.,0.,0.));
#3590=DIRECTION('center_axis',(-1.,0.,0.));
#3591=DIRECTION('ref_axis',(0.,-1.,0.));
#3592=DIRECTION('',(0.,0.,1.));
#3593=DIRECTION('',(0.,1.,0.));
#3594=DIRECTION('',(0.,1.,0.));
#3595=DIRECTION('',(0.,-1.,0.));
#3596=DIRECTION('center_axis',(1.,0.,0.));
#3597=DIRECTION('ref_axis',(0.,1.,0.));
#3598=DIRECTION('',(0.,1.,0.));
#3599=DIRECTION('center_axis',(0.,-1.,0.));
#3600=DIRECTION('ref_axis',(0.,0.,-1.));
#3601=DIRECTION('',(0.,0.,1.));
#3602=DIRECTION('',(-1.,0.,2.19799513476441E-14));
#3603=DIRECTION('',(0.,0.,1.));
#3604=DIRECTION('center_axis',(0.,0.,1.));
#3605=DIRECTION('ref_axis',(1.,0.,0.));
#3606=DIRECTION('',(-1.,0.,0.));
#3607=DIRECTION('',(0.,1.,0.));
#3608=DIRECTION('',(1.,0.,0.));
#3609=DIRECTION('',(-1.,0.,0.));
#3610=DIRECTION('center_axis',(1.,0.,0.));
#3611=DIRECTION('ref_axis',(0.,0.,-1.));
#3612=DIRECTION('',(0.,-0.000884955427575093,0.999999608426869));
#3613=DIRECTION('',(0.,0.,-1.));
#3614=DIRECTION('center_axis',(0.,-0.999999608426869,-0.000884955427575093));
#3615=DIRECTION('ref_axis',(0.,0.000884955427575093,-0.999999608426869));
#3616=DIRECTION('',(0.,0.,1.));
#3617=DIRECTION('',(1.,0.,0.));
#3618=DIRECTION('',(1.,0.,0.));
#3619=DIRECTION('center_axis',(0.,0.,1.));
#3620=DIRECTION('ref_axis',(1.,0.,0.));
#3621=DIRECTION('center_axis',(0.,0.,1.));
#3622=DIRECTION('ref_axis',(0.707106781186547,0.707106781186547,0.));
#3623=DIRECTION('',(0.,0.,-1.));
#3624=DIRECTION('center_axis',(0.,0.,-1.));
#3625=DIRECTION('ref_axis',(0.707106781186547,0.707106781186547,0.));
#3626=DIRECTION('center_axis',(1.,0.,0.));
#3627=DIRECTION('ref_axis',(0.,0.,1.));
#3628=DIRECTION('',(0.,-1.,0.));
#3629=DIRECTION('center_axis',(1.,0.,0.));
#3630=DIRECTION('ref_axis',(0.,0.,1.));
#3631=DIRECTION('',(0.,-0.00179172342718189,0.999998394862292));
#3632=DIRECTION('',(0.,1.,0.));
#3633=DIRECTION('',(0.,1.,0.));
#3634=DIRECTION('center_axis',(2.19799513476441E-14,0.,1.));
#3635=DIRECTION('ref_axis',(-1.,0.,2.19799513476441E-14));
#3636=DIRECTION('center_axis',(0.,0.,1.));
#3637=DIRECTION('ref_axis',(0.,-1.,0.));
#3638=DIRECTION('',(1.,0.,0.));
#3639=DIRECTION('',(0.,-1.,0.));
#3640=DIRECTION('',(1.,0.,0.));
#3641=DIRECTION('center_axis',(-0.0905357460425184,0.,0.995893206467704));
#3642=DIRECTION('ref_axis',(0.995893206467704,0.,0.0905357460425184));
#3643=DIRECTION('',(0.995893206467704,0.,0.0905357460425184));
#3644=DIRECTION('',(0.,1.,0.));
#3645=DIRECTION('',(-0.995893206467704,0.,-0.0905357460425184));
#3646=DIRECTION('',(0.,-1.,0.));
#3647=DIRECTION('center_axis',(0.,0.,1.));
#3648=DIRECTION('ref_axis',(1.,0.,0.));
#3649=DIRECTION('',(1.,0.,0.));
#3650=DIRECTION('',(0.,-1.,0.));
#3651=DIRECTION('',(-1.,0.,0.));
#3652=DIRECTION('center_axis',(0.,-1.,0.));
#3653=DIRECTION('ref_axis',(1.,0.,0.));
#3654=DIRECTION('',(0.,0.,1.));
#3655=DIRECTION('',(-1.,0.,0.));
#3656=DIRECTION('',(0.,0.,-1.));
#3657=DIRECTION('center_axis',(0.,0.,-1.));
#3658=DIRECTION('ref_axis',(1.,0.,0.));
#3659=DIRECTION('center_axis',(0.,0.,-1.));
#3660=DIRECTION('ref_axis',(1.,0.,0.));
#3661=DIRECTION('',(0.707106781186553,-8.65956056235499E-17,0.707106781186543));
#3662=DIRECTION('center_axis',(0.,0.,1.));
#3663=DIRECTION('ref_axis',(1.,0.,0.));
#3664=DIRECTION('center_axis',(0.,0.,1.));
#3665=DIRECTION('ref_axis',(1.,0.,0.));
#3666=DIRECTION('',(0.,1.,0.));
#3667=DIRECTION('',(1.,0.,0.));
#3668=DIRECTION('',(0.,1.,0.));
#3669=DIRECTION('center_axis',(0.,0.,-1.));
#3670=DIRECTION('ref_axis',(1.,0.,0.));
#3671=DIRECTION('',(1.,7.9936096901982E-15,0.));
#3672=DIRECTION('center_axis',(0.,0.,1.));
#3673=DIRECTION('ref_axis',(1.,0.,0.));
#3674=DIRECTION('center_axis',(0.,0.,1.));
#3675=DIRECTION('ref_axis',(1.,0.,0.));
#3676=DIRECTION('',(0.,0.,-1.));
#3677=DIRECTION('center_axis',(0.,0.,-1.));
#3678=DIRECTION('ref_axis',(1.,0.,0.));
#3679=DIRECTION('center_axis',(0.,0.,-1.));
#3680=DIRECTION('ref_axis',(1.,0.,0.));
#3681=DIRECTION('',(0.707106781186546,-8.65956056235492E-17,0.707106781186549));
#3682=DIRECTION('center_axis',(0.,0.,1.));
#3683=DIRECTION('ref_axis',(1.,0.,0.));
#3684=DIRECTION('center_axis',(0.,0.,1.));
#3685=DIRECTION('ref_axis',(1.,0.,0.));
#3686=DIRECTION('',(1.,0.,0.));
#3687=DIRECTION('',(1.,-2.99760223348956E-15,0.));
#3688=DIRECTION('center_axis',(0.,0.,-1.));
#3689=DIRECTION('ref_axis',(1.,0.,0.));
#3690=DIRECTION('',(0.,-1.,0.));
#3691=DIRECTION('center_axis',(0.,0.,1.));
#3692=DIRECTION('ref_axis',(1.,0.,0.));
#3693=DIRECTION('center_axis',(0.,0.,1.));
#3694=DIRECTION('ref_axis',(1.,0.,0.));
#3695=DIRECTION('',(0.,0.,-1.));
#3696=DIRECTION('center_axis',(0.,-1.,0.));
#3697=DIRECTION('ref_axis',(0.,0.,-1.));
#3698=DIRECTION('',(0.,0.,-1.));
#3699=DIRECTION('center_axis',(-1.,0.,0.));
#3700=DIRECTION('ref_axis',(0.,1.,0.));
#3701=DIRECTION('',(0.,-0.0111101968613866,-0.999938279858163));
#3702=DIRECTION('',(0.,0.,1.));
#3703=DIRECTION('center_axis',(0.,1.,0.));
#3704=DIRECTION('ref_axis',(-1.,0.,0.));
#3705=DIRECTION('',(0.,0.,1.));
#3706=DIRECTION('',(1.,0.,0.));
#3707=DIRECTION('',(0.,0.,1.));
#3708=DIRECTION('center_axis',(0.,-0.999938279858163,0.0111101968613866));
#3709=DIRECTION('ref_axis',(0.,-0.0111101968613866,-0.999938279858163));
#3710=DIRECTION('',(-1.,0.,0.));
#3711=DIRECTION('',(0.,-0.0111101968613839,-0.999938279858163));
#3712=DIRECTION('',(1.,0.,0.));
#3713=DIRECTION('',(0.,-0.0111101968613866,-0.999938279858163));
#3714=DIRECTION('',(1.,0.,0.));
#3715=DIRECTION('',(0.,-0.0111101968613839,-0.999938279858163));
#3716=DIRECTION('center_axis',(0.,0.0111101968613866,0.999938279858163));
#3717=DIRECTION('ref_axis',(-1.,0.,0.));
#3718=DIRECTION('',(0.,-0.999938279858163,0.0111101968613866));
#3719=DIRECTION('center_axis',(0.,1.,0.));
#3720=DIRECTION('ref_axis',(1.,0.,0.));
#3721=DIRECTION('',(0.,0.,1.));
#3722=DIRECTION('',(1.,0.,0.));
#3723=DIRECTION('',(0.,0.,-1.));
#3724=DIRECTION('',(0.,0.,1.));
#3725=DIRECTION('center_axis',(0.,0.,1.));
#3726=DIRECTION('ref_axis',(1.,0.,0.));
#3727=DIRECTION('center_axis',(0.,0.,1.));
#3728=DIRECTION('ref_axis',(1.,0.,0.));
#3729=DIRECTION('center_axis',(2.99760223348956E-15,1.,0.));
#3730=DIRECTION('ref_axis',(-1.,2.99760223348956E-15,0.));
#3731=DIRECTION('',(-1.,2.99760223348956E-15,0.));
#3732=DIRECTION('',(0.,0.,1.));
#3733=DIRECTION('center_axis',(1.,0.,0.));
#3734=DIRECTION('ref_axis',(0.,1.,0.));
#3735=DIRECTION('',(0.,0.,-1.));
#3736=DIRECTION('',(0.,1.,0.));
#3737=DIRECTION('center_axis',(0.,0.,1.));
#3738=DIRECTION('ref_axis',(1.,0.,0.));
#3739=DIRECTION('center_axis',(0.,0.,1.));
#3740=DIRECTION('ref_axis',(1.,0.,0.));
#3741=DIRECTION('center_axis',(0.,0.,1.));
#3742=DIRECTION('ref_axis',(1.,0.,0.));
#3743=DIRECTION('center_axis',(0.,0.,-1.));
#3744=DIRECTION('ref_axis',(-0.707106781186548,-0.707106781186548,0.));
#3745=DIRECTION('',(-1.,0.,0.));
#3746=DIRECTION('center_axis',(0.,0.,-1.));
#3747=DIRECTION('ref_axis',(0.707106781186547,-0.707106781186548,0.));
#3748=DIRECTION('',(0.,1.,0.));
#3749=DIRECTION('',(-1.,-7.9936096901982E-15,0.));
#3750=DIRECTION('center_axis',(0.,0.,1.));
#3751=DIRECTION('ref_axis',(1.,0.,0.));
#3752=DIRECTION('',(0.,-1.,0.));
#3753=DIRECTION('center_axis',(-1.,0.,0.));
#3754=DIRECTION('ref_axis',(0.,-1.,0.));
#3755=DIRECTION('',(0.,0.,1.));
#3756=DIRECTION('center_axis',(-7.9936096901982E-15,1.,0.));
#3757=DIRECTION('ref_axis',(-1.,-7.9936096901982E-15,0.));
#3758=DIRECTION('',(0.,0.,1.));
#3759=DIRECTION('',(0.,0.,-1.));
#3760=DIRECTION('center_axis',(0.,0.,1.));
#3761=DIRECTION('ref_axis',(1.,0.,0.));
#3762=DIRECTION('center_axis',(-1.,0.,0.));
#3763=DIRECTION('ref_axis',(0.,1.,0.));
#3764=DIRECTION('',(0.,1.,0.));
#3765=DIRECTION('',(0.,0.,1.));
#3766=DIRECTION('',(0.,0.999938279858163,-0.0111101968613866));
#3767=DIRECTION('',(0.,-0.00179172342718189,0.999998394862292));
#3768=DIRECTION('center_axis',(0.,0.,-1.));
#3769=DIRECTION('ref_axis',(0.707106781186547,-0.707106781186548,0.));
#3770=DIRECTION('',(0.,0.,1.));
#3771=DIRECTION('center_axis',(0.,0.,1.));
#3772=DIRECTION('ref_axis',(-0.707106781186548,-0.707106781186548,0.));
#3773=DIRECTION('',(0.,0.,-1.));
#3774=DIRECTION('center_axis',(1.,0.,0.));
#3775=DIRECTION('ref_axis',(0.,-1.,0.));
#3776=DIRECTION('',(0.,0.999938279858163,-0.0111101968613866));
#3777=DIRECTION('',(0.,0.,-1.));
#3778=DIRECTION('center_axis',(1.7763539806687E-14,1.,0.));
#3779=DIRECTION('ref_axis',(1.,-1.7763539806687E-14,0.));
#3780=DIRECTION('',(0.,0.,1.));
#3781=DIRECTION('',(1.,-1.7763539806687E-14,0.));
#3782=DIRECTION('',(0.,0.,-1.));
#3783=DIRECTION('center_axis',(0.,0.,-1.));
#3784=DIRECTION('ref_axis',(-1.,0.,0.));
#3785=DIRECTION('',(0.,-1.,0.));
#3786=DIRECTION('',(0.,1.,0.));
#3787=DIRECTION('',(0.,-1.,0.));
#3788=DIRECTION('center_axis',(1.,0.,0.));
#3789=DIRECTION('ref_axis',(0.,1.,0.));
#3790=DIRECTION('',(0.,1.,0.));
#3791=DIRECTION('',(0.,0.,1.));
#3792=DIRECTION('center_axis',(-1.,0.,0.));
#3793=DIRECTION('ref_axis',(0.,-1.,0.));
#3794=DIRECTION('',(0.,0.,1.));
#3795=DIRECTION('',(0.,-1.,0.));
#3796=DIRECTION('',(0.,0.999938279858163,-0.0111101968613866));
#3797=DIRECTION('center_axis',(0.707101342904423,-0.00277324048142516,-0.707106781186543));
#3798=DIRECTION('ref_axis',(-0.707109500332836,0.,-0.707104062029803));
#3799=DIRECTION('',(0.00392195430055353,0.999992309107657,0.));
#3800=DIRECTION('',(0.653166276446702,-0.380529087904362,0.654653670707974));
#3801=DIRECTION('',(-0.00392195430055353,-0.999992309107657,0.));
#3802=DIRECTION('',(0.656130995227451,0.375394044345945,0.654653670707978));
#3803=DIRECTION('center_axis',(0.351148974744488,-0.613754346246035,-0.707106781186545));
#3804=DIRECTION('ref_axis',(-0.895642073935094,0.,-0.444775533721497));
#3805=DIRECTION('',(0.867979720426572,0.496599642497061,0.));
#3806=DIRECTION('',(-0.00296471878074452,-0.75592313225031,0.654653670707979));
#3807=DIRECTION('',(-0.867979720426572,-0.496599642497061,0.));
#3808=DIRECTION('center_axis',(-0.355952368159919,-0.610981105764601,-0.707106781186555));
#3809=DIRECTION('ref_axis',(-0.893211757651095,0.,0.449636248531902));
#3810=DIRECTION('',(-0.864057766126018,0.503392666610584,0.));
#3811=DIRECTION('',(0.864057766126018,-0.503392666610584,0.));
#3812=DIRECTION('',(-0.656130995227432,-0.37539404434597,0.654653670707983));
#3813=DIRECTION('center_axis',(-0.707101342904436,0.00277324048142521,-0.70710678118653));
#3814=DIRECTION('ref_axis',(-0.707109500332823,0.,0.707104062029816));
#3815=DIRECTION('',(0.00392195430055353,0.999992309107657,0.));
#3816=DIRECTION('',(-0.00392195430055353,-0.999992309107657,0.));
#3817=DIRECTION('',(-0.653166276446675,0.380529087904373,0.654653670707994));
#3818=DIRECTION('center_axis',(-0.351148974744493,0.613754346246032,-0.707106781186545));
#3819=DIRECTION('ref_axis',(-0.895642073935092,0.,0.444775533721502));
#3820=DIRECTION('',(0.867979720426569,0.496599642497068,0.));
#3821=DIRECTION('',(-0.867979720426569,-0.496599642497068,0.));
#3822=DIRECTION('',(0.00296471878074452,0.75592313225031,0.654653670707979));
#3823=DIRECTION('center_axis',(0.355952368159929,0.610981105764607,-0.707106781186545));
#3824=DIRECTION('ref_axis',(-0.893211757651087,0.,-0.449636248531917));
#3825=DIRECTION('',(0.864057766126014,-0.503392666610591,0.));
#3826=DIRECTION('',(-0.864057766126014,0.503392666610591,0.));
#3827=DIRECTION('center_axis',(0.496599642497068,-0.867979720426569,0.));
#3828=DIRECTION('ref_axis',(0.867979720426569,0.496599642497068,0.));
#3829=DIRECTION('',(0.,0.,1.));
#3830=DIRECTION('',(0.867979720426569,0.496599642497068,0.));
#3831=DIRECTION('',(0.,0.,1.));
#3832=DIRECTION('center_axis',(-0.503392666610591,-0.864057766126014,0.));
#3833=DIRECTION('ref_axis',(0.864057766126014,-0.503392666610591,0.));
#3834=DIRECTION('',(0.,0.,1.));
#3835=DIRECTION('',(0.864057766126014,-0.503392666610591,0.));
#3836=DIRECTION('center_axis',(-0.999992309107657,0.00392195430055353,0.));
#3837=DIRECTION('ref_axis',(-0.00392195430055353,-0.999992309107657,0.));
#3838=DIRECTION('',(0.,0.,1.));
#3839=DIRECTION('',(-0.00392195430055353,-0.999992309107657,0.));
#3840=DIRECTION('center_axis',(0.,0.,1.));
#3841=DIRECTION('ref_axis',(1.,0.,0.));
#3842=DIRECTION('',(-1.,0.,0.));
#3843=DIRECTION('center_axis',(-0.70710134290442,0.00277324048142515,-0.707106781186546));
#3844=DIRECTION('ref_axis',(-0.707109500332839,0.,0.7071040620298));
#3845=DIRECTION('',(-0.00392195430055353,-0.999992309107657,0.));
#3846=DIRECTION('',(-0.653166276446703,0.380529087904344,0.654653670707984));
#3847=DIRECTION('',(0.00392195430055353,0.999992309107657,0.));
#3848=DIRECTION('',(-0.656130995227449,-0.375394044345945,0.65465367070798));
#3849=DIRECTION('center_axis',(-0.351148974744498,0.613754346246044,-0.707106781186533));
#3850=DIRECTION('ref_axis',(-0.895642073935086,0.,0.444775533721514));
#3851=DIRECTION('',(-0.867979720426569,-0.496599642497067,0.));
#3852=DIRECTION('',(0.00296471878077359,0.75592313225031,0.654653670707979));
#3853=DIRECTION('',(0.867979720426569,0.496599642497067,0.));
#3854=DIRECTION('center_axis',(0.35595236815993,0.610981105764606,-0.707106781186545));
#3855=DIRECTION('ref_axis',(-0.893211757651087,0.,-0.449636248531917));
#3856=DIRECTION('',(0.864057766126014,-0.503392666610592,0.));
#3857=DIRECTION('',(-0.864057766126014,0.503392666610592,0.));
#3858=DIRECTION('',(0.656130995227447,0.375394044345946,0.654653670707981));
#3859=DIRECTION('center_axis',(0.707101342904422,-0.00277324048142756,-0.707106781186545));
#3860=DIRECTION('ref_axis',(-0.707109500332837,0.,-0.707104062029801));
#3861=DIRECTION('',(-0.00392195430055693,-0.999992309107657,0.));
#3862=DIRECTION('',(0.00392195430055693,0.999992309107657,0.));
#3863=DIRECTION('',(0.65316627644669,-0.380529087904367,0.654653670707983));
#3864=DIRECTION('center_axis',(0.351148974744489,-0.613754346246035,-0.707106781186545));
#3865=DIRECTION('ref_axis',(-0.895642073935094,0.,-0.444775533721498));
#3866=DIRECTION('',(-0.867979720426572,-0.496599642497063,0.));
#3867=DIRECTION('',(0.867979720426572,0.496599642497063,0.));
#3868=DIRECTION('',(-0.00296471878075615,-0.75592313225031,0.654653670707979));
#3869=DIRECTION('center_axis',(-0.355952368159925,-0.610981105764611,-0.707106781186544));
#3870=DIRECTION('ref_axis',(-0.893211757651089,0.,0.449636248531913));
#3871=DIRECTION('',(-0.864057766126019,0.503392666610584,0.));
#3872=DIRECTION('',(0.864057766126019,-0.503392666610584,0.));
#3873=DIRECTION('center_axis',(-0.496599642497063,0.867979720426572,0.));
#3874=DIRECTION('ref_axis',(-0.867979720426572,-0.496599642497063,0.));
#3875=DIRECTION('',(0.,0.,1.));
#3876=DIRECTION('',(-0.867979720426572,-0.496599642497063,0.));
#3877=DIRECTION('',(0.,0.,1.));
#3878=DIRECTION('center_axis',(0.503392666610584,0.864057766126019,0.));
#3879=DIRECTION('ref_axis',(-0.864057766126019,0.503392666610584,0.));
#3880=DIRECTION('',(0.,0.,1.));
#3881=DIRECTION('',(-0.864057766126019,0.503392666610584,0.));
#3882=DIRECTION('center_axis',(0.999992309107657,-0.00392195430055353,0.));
#3883=DIRECTION('ref_axis',(0.00392195430055353,0.999992309107657,0.));
#3884=DIRECTION('',(0.,0.,1.));
#3885=DIRECTION('',(0.00392195430055353,0.999992309107657,0.));
#3886=DIRECTION('center_axis',(0.,0.,1.));
#3887=DIRECTION('ref_axis',(1.,0.,0.));
#3888=DIRECTION('',(-1.,0.,0.));
#3889=DIRECTION('center_axis',(0.,0.,1.));
#3890=DIRECTION('ref_axis',(1.,0.,0.));
#3891=DIRECTION('',(0.867979720426569,0.496599642497067,0.));
#3892=DIRECTION('',(0.864057766126014,-0.503392666610592,0.));
#3893=DIRECTION('',(-0.00392195430055692,-0.999992309107657,0.));
#3894=DIRECTION('center_axis',(0.496599642497067,-0.867979720426569,0.));
#3895=DIRECTION('ref_axis',(0.867979720426569,0.496599642497067,0.));
#3896=DIRECTION('',(0.,0.,1.));
#3897=DIRECTION('center_axis',(-0.496599642497061,0.867979720426573,0.));
#3898=DIRECTION('ref_axis',(-0.867979720426572,-0.496599642497061,0.));
#3899=DIRECTION('',(0.,0.,1.));
#3900=DIRECTION('',(-0.867979720426572,-0.496599642497061,0.));
#3901=DIRECTION('center_axis',(0.503392666610584,0.864057766126018,0.));
#3902=DIRECTION('ref_axis',(-0.864057766126018,0.503392666610584,0.));
#3903=DIRECTION('',(0.,0.,1.));
#3904=DIRECTION('',(-0.864057766126018,0.503392666610584,0.));
#3905=DIRECTION('center_axis',(0.999992309107657,-0.00392195430055353,0.));
#3906=DIRECTION('ref_axis',(0.00392195430055353,0.999992309107657,0.));
#3907=DIRECTION('',(0.00392195430055353,0.999992309107657,0.));
#3908=DIRECTION('center_axis',(0.,1.,0.));
#3909=DIRECTION('ref_axis',(-1.,0.,0.));
#3910=DIRECTION('center_axis',(0.,0.,1.));
#3911=DIRECTION('ref_axis',(1.,0.,0.));
#3912=DIRECTION('center_axis',(-1.,0.,0.));
#3913=DIRECTION('ref_axis',(0.,-0.0111101968613839,-0.999938279858163));
#3914=DIRECTION('center_axis',(0.,-0.0111101968613866,-0.999938279858163));
#3915=DIRECTION('ref_axis',(1.,0.,0.));
#3916=DIRECTION('center_axis',(-0.999992309107657,0.00392195430055693,0.));
#3917=DIRECTION('ref_axis',(-0.00392195430055693,-0.999992309107657,0.));
#3918=DIRECTION('',(0.,0.,1.));
#3919=DIRECTION('center_axis',(-0.503392666610592,-0.864057766126014,0.));
#3920=DIRECTION('ref_axis',(0.864057766126014,-0.503392666610592,0.));
#3921=DIRECTION('center_axis',(0.,1.,0.));
#3922=DIRECTION('ref_axis',(-1.,0.,0.));
#3923=DIRECTION('center_axis',(0.,1.,0.));
#3924=DIRECTION('ref_axis',(-1.,0.,0.));
#3925=DIRECTION('center_axis',(0.,0.999998394862292,0.00179172342718189));
#3926=DIRECTION('ref_axis',(0.,-0.00179172342718189,0.999998394862292));
#3927=DIRECTION('center_axis',(0.,1.,0.));
#3928=DIRECTION('ref_axis',(1.,0.,0.));
#3929=DIRECTION('',(1.,0.,0.));
#3930=DIRECTION('',(0.,0.,-1.));
#3931=DIRECTION('',(1.,0.,0.));
#3932=DIRECTION('',(0.,0.,-1.));
#3933=DIRECTION('center_axis',(-1.,0.,0.));
#3934=DIRECTION('ref_axis',(0.,1.,0.));
#3935=DIRECTION('',(0.,1.,0.));
#3936=DIRECTION('',(0.,1.,0.));
#3937=DIRECTION('',(0.,0.,-1.));
#3938=DIRECTION('center_axis',(0.,-1.,0.));
#3939=DIRECTION('ref_axis',(-1.,0.,0.));
#3940=DIRECTION('',(-1.,0.,0.));
#3941=DIRECTION('',(-1.,0.,0.));
#3942=DIRECTION('',(0.,0.,-1.));
#3943=DIRECTION('center_axis',(1.,0.,0.));
#3944=DIRECTION('ref_axis',(0.,-1.,0.));
#3945=DIRECTION('',(0.,-1.,0.));
#3946=DIRECTION('',(0.,-1.,0.));
#3947=DIRECTION('center_axis',(0.,0.,-1.));
#3948=DIRECTION('ref_axis',(-1.,0.,0.));
#3949=DIRECTION('center_axis',(0.,0.,-1.));
#3950=DIRECTION('ref_axis',(1.,0.,0.));
#3951=CARTESIAN_POINT('',(0.,0.,0.));
#3952=CARTESIAN_POINT('Origin',(13.5,145.000002235174,4.25));
#3953=CARTESIAN_POINT('',(9.50000000000002,145.000002235174,6.3));
#3954=CARTESIAN_POINT('',(13.5,149.000002235174,6.3));
#3955=CARTESIAN_POINT('Origin',(13.5,145.000002235174,6.3));
#3956=CARTESIAN_POINT('',(9.50000000000002,145.000002235174,-13.5));
#3957=CARTESIAN_POINT('',(9.50000000000002,145.000002235174,4.25));
#3958=CARTESIAN_POINT('',(13.5,149.,-13.5));
#3959=CARTESIAN_POINT('Origin',(13.5,145.000002235174,-13.5));
#3960=CARTESIAN_POINT('',(13.5,149.000002235174,4.25));
#3961=CARTESIAN_POINT('Origin',(26.8,150.000002235174,6.3));
#3962=CARTESIAN_POINT('',(97.0000014454126,149.000002235174,6.30000008940697));
#3963=CARTESIAN_POINT('',(77.7500007227063,149.000002235174,6.3));
#3964=CARTESIAN_POINT('',(97.0000014454126,148.550002235174,6.3));
#3965=CARTESIAN_POINT('',(97.0000014454126,150.000002235174,6.3));
#3966=CARTESIAN_POINT('',(19.3,148.550002235174,6.3));
#3967=CARTESIAN_POINT('',(39.0500001490116,148.550002235174,6.29999999999975));
#3968=CARTESIAN_POINT('',(19.3,93.4500014007092,6.3));
#3969=CARTESIAN_POINT('',(19.3000002980232,107.,6.3));
#3970=CARTESIAN_POINT('',(97.0000014454126,93.4500014007092,6.3));
#3971=CARTESIAN_POINT('',(39.8500005103648,93.4500014007092,6.3));
#3972=CARTESIAN_POINT('',(97.0000014454126,91.9699923881526,6.3));
#3973=CARTESIAN_POINT('',(97.0000014454126,107.750000700355,6.3));
#3974=CARTESIAN_POINT('',(97.0000014454126,91.9666591233646,6.3));
#3975=CARTESIAN_POINT('',(97.0000014454126,93.5000014007092,6.3));
#3976=CARTESIAN_POINT('',(22.8122142285263,91.9666591233646,6.3));
#3977=CARTESIAN_POINT('',(77.7500003613532,91.9666591233646,6.3));
#3978=CARTESIAN_POINT('',(22.8122142285263,92.,6.3));
#3979=CARTESIAN_POINT('',(22.8122142285263,92.0000003501773,6.3));
#3980=CARTESIAN_POINT('',(19.0000001341105,91.9999979436398,6.3));
#3981=CARTESIAN_POINT('',(38.8000004321337,92.0000008133493,6.3));
#3982=CARTESIAN_POINT('',(19.0000001341105,98.0000013411045,6.3));
#3983=CARTESIAN_POINT('',(19.0000001341105,106.000000670552,6.3));
#3984=CARTESIAN_POINT('',(9.50000000000001,98.0000013411045,6.3));
#3985=CARTESIAN_POINT('',(38.7500000670552,98.0000013411045,6.3));
#3986=CARTESIAN_POINT('',(9.50000000000001,135.,6.3));
#3987=CARTESIAN_POINT('Origin',(97.0000014454126,149.000002235174,8.5));
#3988=CARTESIAN_POINT('',(103.5,149.,-13.5));
#3989=CARTESIAN_POINT('',(34.,149.,-13.5));
#3990=CARTESIAN_POINT('',(103.5,149.000002235174,6.00000008940697));
#3991=CARTESIAN_POINT('',(103.5,149.000002235174,4.25));
#3992=CARTESIAN_POINT('',(97.0000014454126,149.000002235174,6.00000008940697));
#3993=CARTESIAN_POINT('',(97.,149.000002235174,6.00000008940697));
#3994=CARTESIAN_POINT('',(97.0000014454126,149.000002235174,6.));
#3995=CARTESIAN_POINT('',(26.8,149.000000391573,6.04911504457212));
#3996=CARTESIAN_POINT('',(26.8,149.,6.04999999999975));
#3997=CARTESIAN_POINT('',(26.8,149.000002235174,6.));
#3998=CARTESIAN_POINT('',(26.8,149.000002235174,3.94999917967388));
#3999=CARTESIAN_POINT('',(26.8,149.000002235174,6.02499999999987));
#4000=CARTESIAN_POINT('',(19.3,149.000002235174,3.94999917967388));
#4001=CARTESIAN_POINT('',(59.9000007227063,149.000002235174,3.9499991796793));
#4002=CARTESIAN_POINT('',(19.3,149.000000391573,6.04911504457212));
#4003=CARTESIAN_POINT('',(19.3000002980232,149.000002235174,2.));
#4004=CARTESIAN_POINT('',(19.3,149.,6.04999999999975));
#4005=CARTESIAN_POINT('',(19.3000002980232,149.000002235174,2.));
#4006=CARTESIAN_POINT('',(59.9000007227063,149.000002235174,6.05000000197778));
#4007=CARTESIAN_POINT('',(73.1624999999999,149.000002235174,-3.88));
#4008=CARTESIAN_POINT('',(73.1624999999999,149.000002235174,-1.88));
#4009=CARTESIAN_POINT('',(73.1624999999999,149.000002235174,2.31));
#4010=CARTESIAN_POINT('',(68.6624999999999,149.000002235174,-8.38));
#4011=CARTESIAN_POINT('Origin',(68.6624999999999,149.000002235174,-3.88));
#4012=CARTESIAN_POINT('',(61.1625,149.000002235174,-8.38));
#4013=CARTESIAN_POINT('',(79.0812507227063,149.000002235174,-8.38));
#4014=CARTESIAN_POINT('',(56.6625,149.000002235174,-3.88));
#4015=CARTESIAN_POINT('Origin',(61.1625,149.000002235174,-3.88));
#4016=CARTESIAN_POINT('',(56.6625,149.000002235174,-1.88));
#4017=CARTESIAN_POINT('',(56.6625,149.000002235174,3.31));
#4018=CARTESIAN_POINT('',(61.1625,149.000002235174,2.62));
#4019=CARTESIAN_POINT('Origin',(61.1625,149.000002235174,-1.88));
#4020=CARTESIAN_POINT('',(68.6624999999999,149.000002235174,2.62));
#4021=CARTESIAN_POINT('',(82.8312507227062,149.000002235174,2.62));
#4022=CARTESIAN_POINT('Origin',(68.6624999999999,149.000002235174,-1.88));
#4023=CARTESIAN_POINT('Origin',(103.5,145.000002235174,4.25));
#4024=CARTESIAN_POINT('',(107.5,145.000002235174,6.00000008940697));
#4025=CARTESIAN_POINT('Origin',(103.5,145.000002235174,6.00000008940697));
#4026=CARTESIAN_POINT('',(107.5,145.000002235174,-13.5));
#4027=CARTESIAN_POINT('Origin',(103.5,145.000002235174,-13.5));
#4028=CARTESIAN_POINT('',(107.5,145.000002235174,4.25));
#4029=CARTESIAN_POINT('Origin',(33.,88.,6.));
#4030=CARTESIAN_POINT('',(107.,90.,6.));
#4031=CARTESIAN_POINT('',(107.,88.,4.));
#4032=CARTESIAN_POINT('Origin',(107.,88.,6.));
#4033=CARTESIAN_POINT('',(100.,90.,6.));
#4034=CARTESIAN_POINT('',(33.,90.,6.));
#4035=CARTESIAN_POINT('',(103.464101615138,88.,4.));
#4036=CARTESIAN_POINT('Ctrl Pts',(100.,90.,6.));
#4037=CARTESIAN_POINT('Ctrl Pts',(100.362136998839,90.,5.74393047240241));
#4038=CARTESIAN_POINT('Ctrl Pts',(100.756363722277,89.9482974042382,5.46478614908351));
#4039=CARTESIAN_POINT('Ctrl Pts',(101.525845216165,89.7192655959138,4.9386608013991));
#4040=CARTESIAN_POINT('Ctrl Pts',(101.901314898299,89.541701799659,4.69209634387797));
#4041=CARTESIAN_POINT('Ctrl Pts',(102.457128632456,89.1679972880039,4.36402839502452));
#4042=CARTESIAN_POINT('Ctrl Pts',(102.693190652713,88.9738508743612,4.23613757792568));
#4043=CARTESIAN_POINT('Ctrl Pts',(103.12117369226,88.5209800842677,4.05367638831199));
#4044=CARTESIAN_POINT('Ctrl Pts',(103.31296603801,88.2617744984165,4.));
#4045=CARTESIAN_POINT('Ctrl Pts',(103.464101615138,88.,4.));
#4046=CARTESIAN_POINT('',(33.,88.,4.));
#4047=CARTESIAN_POINT('Origin',(58.5,43.75,4.));
#4048=CARTESIAN_POINT('',(104.,86.,4.));
#4049=CARTESIAN_POINT('Origin',(100.,86.,4.));
#4050=CARTESIAN_POINT('',(104.,7.99999999999999,4.));
#4051=CARTESIAN_POINT('',(104.,66.875,4.));
#4052=CARTESIAN_POINT('',(98.,1.99999999999999,4.));
#4053=CARTESIAN_POINT('Origin',(98.,7.99999999999999,4.));
#4054=CARTESIAN_POINT('',(19.,1.99999999999999,4.));
#4055=CARTESIAN_POINT('',(81.75,1.99999999999999,4.));
#4056=CARTESIAN_POINT('',(13.,7.99999999999999,4.));
#4057=CARTESIAN_POINT('Origin',(19.,7.99999999999999,4.));
#4058=CARTESIAN_POINT('',(13.,86.,4.));
#4059=CARTESIAN_POINT('',(13.,22.875,4.));
#4060=CARTESIAN_POINT('',(13.5358983848622,88.,4.));
#4061=CARTESIAN_POINT('Origin',(17.,86.,4.));
#4062=CARTESIAN_POINT('',(10.,88.,4.));
#4063=CARTESIAN_POINT('',(33.,88.,4.));
#4064=CARTESIAN_POINT('',(10.,1.49999999999999,4.));
#4065=CARTESIAN_POINT('',(10.,98.875,4.));
#4066=CARTESIAN_POINT('',(11.5,0.,4.));
#4067=CARTESIAN_POINT('Origin',(11.5,1.49999999999999,4.));
#4068=CARTESIAN_POINT('',(105.5,0.,4.));
#4069=CARTESIAN_POINT('',(33.,0.,4.));
#4070=CARTESIAN_POINT('',(107.,1.5,4.));
#4071=CARTESIAN_POINT('Origin',(105.5,1.5,4.));
#4072=CARTESIAN_POINT('',(107.,66.875,4.));
#4073=CARTESIAN_POINT('Origin',(33.,88.,6.));
#4074=CARTESIAN_POINT('',(10.,90.,6.));
#4075=CARTESIAN_POINT('Origin',(10.,88.,6.));
#4076=CARTESIAN_POINT('',(17.,90.,6.));
#4077=CARTESIAN_POINT('Ctrl Pts',(13.5358983848622,88.,4.));
#4078=CARTESIAN_POINT('Ctrl Pts',(13.68703396199,88.2617744984165,4.));
#4079=CARTESIAN_POINT('Ctrl Pts',(13.8788263077403,88.5209800842677,4.05367638831199));
#4080=CARTESIAN_POINT('Ctrl Pts',(14.3068093472865,88.9738508743612,4.23613757792568));
#4081=CARTESIAN_POINT('Ctrl Pts',(14.5428713675443,89.1679972880039,4.36402839502452));
#4082=CARTESIAN_POINT('Ctrl Pts',(15.0986851017011,89.541701799659,4.69209634387797));
#4083=CARTESIAN_POINT('Ctrl Pts',(15.4741547838347,89.7192655959138,4.93866080139912));
#4084=CARTESIAN_POINT('Ctrl Pts',(16.2436362777234,89.9482974042382,5.46478614908349));
#4085=CARTESIAN_POINT('Ctrl Pts',(16.637863001161,90.,5.74393047240241));
#4086=CARTESIAN_POINT('Ctrl Pts',(17.,90.,6.));
#4087=CARTESIAN_POINT('',(33.,90.,6.));
#4088=CARTESIAN_POINT('Origin',(7.5,90.,0.));
#4089=CARTESIAN_POINT('',(107.,90.,7.));
#4090=CARTESIAN_POINT('',(107.,90.,0.));
#4091=CARTESIAN_POINT('',(10.,90.,6.99999999999999));
#4092=CARTESIAN_POINT('',(33.,90.,7.));
#4093=CARTESIAN_POINT('',(10.,90.,0.));
#4094=CARTESIAN_POINT('',(17.,90.,1.5));
#4095=CARTESIAN_POINT('',(17.,90.,0.));
#4096=CARTESIAN_POINT('',(9.50000000000001,90.0000013411045,1.5));
#4097=CARTESIAN_POINT('',(33.7500000670552,90.0000013411045,1.5));
#4098=CARTESIAN_POINT('',(9.5,90.0000013411045,-0.199999999999999));
#4099=CARTESIAN_POINT('',(9.5,90.0000013411045,-0.549999999999999));
#4100=CARTESIAN_POINT('',(19.0000001341105,90.0000013411045,-0.199999999999999));
#4101=CARTESIAN_POINT('',(10.7500000335276,90.,-0.199999999999999));
#4102=CARTESIAN_POINT('',(19.0000001341105,90.0000013411045,5.55111512312578E-16));
#4103=CARTESIAN_POINT('',(19.0000001341105,90.,0.));
#4104=CARTESIAN_POINT('',(98.0000016093254,90.0000013411045,5.55111512312578E-16));
#4105=CARTESIAN_POINT('',(98.0000016093254,90.0000013411045,5.55111512312578E-16));
#4106=CARTESIAN_POINT('',(98.0000016093254,90.0000013411045,-0.199999999999999));
#4107=CARTESIAN_POINT('',(98.0000016093254,90.0000013411045,-1.1));
#4108=CARTESIAN_POINT('',(107.5,90.0000013411045,-0.199999999999999));
#4109=CARTESIAN_POINT('',(55.1250004023314,90.,-0.199999999999999));
#4110=CARTESIAN_POINT('',(107.5,90.0000013411045,1.5));
#4111=CARTESIAN_POINT('',(107.5,90.0000013411045,-0.549999999999999));
#4112=CARTESIAN_POINT('',(100.,90.,1.5));
#4113=CARTESIAN_POINT('',(56.25,90.,1.5));
#4114=CARTESIAN_POINT('',(100.,90.,0.));
#4115=CARTESIAN_POINT('Origin',(17.,86.,0.));
#4116=CARTESIAN_POINT('',(13.,86.,1.5));
#4117=CARTESIAN_POINT('',(13.,86.,0.));
#4118=CARTESIAN_POINT('Origin',(17.,86.,1.5));
#4119=CARTESIAN_POINT('Origin',(13.,1.99999999999999,0.));
#4120=CARTESIAN_POINT('',(13.,7.99999999999999,1.5));
#4121=CARTESIAN_POINT('',(13.,7.99999999999999,0.));
#4122=CARTESIAN_POINT('',(13.,62.,1.5));
#4123=CARTESIAN_POINT('Origin',(100.,86.,0.));
#4124=CARTESIAN_POINT('',(104.,86.,1.5));
#4125=CARTESIAN_POINT('Origin',(100.,86.,1.5));
#4126=CARTESIAN_POINT('',(104.,86.,0.));
#4127=CARTESIAN_POINT('Origin',(104.,90.,0.));
#4128=CARTESIAN_POINT('',(104.,7.99999999999999,1.5));
#4129=CARTESIAN_POINT('',(104.,106.,1.5));
#4130=CARTESIAN_POINT('',(104.,7.99999999999999,4.));
#4131=CARTESIAN_POINT('Origin',(107.,88.,6.));
#4132=CARTESIAN_POINT('',(109.5,88.,1.5));
#4133=CARTESIAN_POINT('Origin',(107.,88.,1.5));
#4134=CARTESIAN_POINT('',(109.5,92.5,6.));
#4135=CARTESIAN_POINT('Origin',(109.5,88.,6.));
#4136=CARTESIAN_POINT('Origin',(107.,92.5,6.));
#4137=CARTESIAN_POINT('Origin',(10.,88.,6.));
#4138=CARTESIAN_POINT('',(7.5,92.5,6.));
#4139=CARTESIAN_POINT('Origin',(10.,92.5,6.));
#4140=CARTESIAN_POINT('',(7.5,88.,1.5));
#4141=CARTESIAN_POINT('Origin',(7.5,88.,6.));
#4142=CARTESIAN_POINT('Origin',(10.,88.,1.5));
#4143=CARTESIAN_POINT('Origin',(97.0000014454126,91.9666591233646,6.));
#4144=CARTESIAN_POINT('',(97.0000014454126,91.9666591233646,6.));
#4145=CARTESIAN_POINT('',(97.,91.994442845336,8.50058639848052));
#4146=CARTESIAN_POINT('',(97.0000014454126,91.9666591233646,6.));
#4147=CARTESIAN_POINT('Origin',(22.8122142285263,91.9666591233646,6.));
#4148=CARTESIAN_POINT('',(22.8122142285263,91.9666591233646,6.));
#4149=CARTESIAN_POINT('',(77.7500003613532,91.9666591233646,6.));
#4150=CARTESIAN_POINT('',(22.8122142285263,91.9666591233646,6.));
#4151=CARTESIAN_POINT('Origin',(97.0000014454126,93.5000014007092,8.5));
#4152=CARTESIAN_POINT('',(97.,93.4500014007092,8.49947537879438));
#4153=CARTESIAN_POINT('',(97.0000014454126,93.4500014007092,8.5));
#4154=CARTESIAN_POINT('',(97.0000014454126,92.0944366733218,8.49947537879438));
#4155=CARTESIAN_POINT('',(97.,121.997762630132,8.49947537879438));
#4156=CARTESIAN_POINT('',(97.,91.994442845336,8.50058639848053));
#4157=CARTESIAN_POINT('',(97.,92.0472183366609,8.50000001619085));
#4158=CARTESIAN_POINT('',(97.,91.994442845336,8.50058639848052));
#4159=CARTESIAN_POINT('Origin',(59.9061078369695,92.5000007003546,5.8));
#4160=CARTESIAN_POINT('',(22.8122142285263,91.9644369468393,5.8));
#4161=CARTESIAN_POINT('',(97.0000014454126,91.9644369468393,5.8));
#4162=CARTESIAN_POINT('',(78.4530539184848,91.9644369468393,5.8));
#4163=CARTESIAN_POINT('',(97.0000014454126,92.,5.8));
#4164=CARTESIAN_POINT('',(97.,92.2833329980572,5.8));
#4165=CARTESIAN_POINT('',(24.3,92.,5.8));
#4166=CARTESIAN_POINT('',(78.4530539184848,92.,5.8));
#4167=CARTESIAN_POINT('',(22.8122142285263,92.,5.8));
#4168=CARTESIAN_POINT('',(78.4530539184848,92.,5.8));
#4169=CARTESIAN_POINT('',(22.8122142285263,93.5000014007092,5.8));
#4170=CARTESIAN_POINT('Origin',(19.3,150.000002235174,6.05000000197778));
#4171=CARTESIAN_POINT('',(19.3,150.,6.04999999999975));
#4172=CARTESIAN_POINT('',(26.8,150.,6.04999999999975));
#4173=CARTESIAN_POINT('',(59.9000007227063,150.000002235174,6.05000000197778));
#4174=CARTESIAN_POINT('',(26.8,150.000002235174,6.05000000197778));
#4175=CARTESIAN_POINT('',(19.3000002980232,121.000001117587,6.05000000197778));
#4176=CARTESIAN_POINT('Origin',(26.8,150.000002235174,6.04999999999975));
#4177=CARTESIAN_POINT('',(26.8,150.000002235173,6.05000000197778));
#4178=CARTESIAN_POINT('Origin',(19.3000002980232,92.,0.));
#4179=CARTESIAN_POINT('',(19.3,149.001858016278,3.9499991796793));
#4180=CARTESIAN_POINT('',(19.3,150.000002235174,3.94999917967388));
#4181=CARTESIAN_POINT('',(19.3000002980232,149.002654669456,3.04978111094116));
#4182=CARTESIAN_POINT('Origin',(19.3000002980232,92.,0.));
#4183=CARTESIAN_POINT('',(19.3000002980232,148.550002235174,8.5));
#4184=CARTESIAN_POINT('',(19.3000002980232,148.550002235174,-1.25));
#4185=CARTESIAN_POINT('',(19.3000002980232,93.4500014007092,8.5));
#4186=CARTESIAN_POINT('',(19.3000002980232,108.000000700355,8.5));
#4187=CARTESIAN_POINT('',(19.3000002980232,93.4500014007092,3.));
#4188=CARTESIAN_POINT('Origin',(19.3000002980232,92.,0.));
#4189=CARTESIAN_POINT('',(19.3000002980232,120.997346839704,6.02433393461985));
#4190=CARTESIAN_POINT('Ctrl Pts',(107.,90.,7.));
#4191=CARTESIAN_POINT('Ctrl Pts',(107.186999562714,90.,7.));
#4192=CARTESIAN_POINT('Ctrl Pts',(107.748102239903,90.0626458139791,6.98747083720418));
#4193=CARTESIAN_POINT('Ctrl Pts',(108.611961703533,90.4784564182847,6.90430871634306));
#4194=CARTESIAN_POINT('Ctrl Pts',(109.329188945242,91.3782871926517,6.72434256146965));
#4195=CARTESIAN_POINT('Ctrl Pts',(109.5,92.1260008745726,6.57479982508547));
#4196=CARTESIAN_POINT('Ctrl Pts',(109.5,92.5,6.5));
#4197=CARTESIAN_POINT('Ctrl Pts',(107.,90.,7.59839860068377));
#4198=CARTESIAN_POINT('Ctrl Pts',(107.232445955957,90.,7.59839860068377));
#4199=CARTESIAN_POINT('Ctrl Pts',(107.93473528454,90.0966894200076,7.54843705107035));
#4200=CARTESIAN_POINT('Ctrl Pts',(108.833431188833,90.658994982038,7.2782991244796));
#4201=CARTESIAN_POINT('Ctrl Pts',(109.383488495249,91.5512677160284,6.89429805690833));
#4202=CARTESIAN_POINT('Ctrl Pts',(109.5,92.1829912174949,6.63179016800773));
#4203=CARTESIAN_POINT('Ctrl Pts',(109.5,92.5,6.5));
#4204=CARTESIAN_POINT('Ctrl Pts',(107.,90.5021685216482,8.63435780674413));
#4205=CARTESIAN_POINT('Ctrl Pts',(107.271494606572,90.5021685216482,8.63435780674413));
#4206=CARTESIAN_POINT('Ctrl Pts',(108.095673139521,90.608383695541,8.52174860706199));
#4207=CARTESIAN_POINT('Ctrl Pts',(109.0111632106,91.1567384964947,7.93579704842122));
#4208=CARTESIAN_POINT('Ctrl Pts',(109.422639647705,91.8483905415905,7.1941317932088));
#4209=CARTESIAN_POINT('Ctrl Pts',(109.5,92.2827243176089,6.73152326812169));
#4210=CARTESIAN_POINT('Ctrl Pts',(109.5,92.5,6.5));
#4211=CARTESIAN_POINT('Ctrl Pts',(107.,91.5512010494872,8.99999999999999));
#4212=CARTESIAN_POINT('Ctrl Pts',(107.220601028897,91.5512010494872,8.99999999999999));
#4213=CARTESIAN_POINT('Ctrl Pts',(107.886208607965,91.5917607864664,8.91186169864941));
#4214=CARTESIAN_POINT('Ctrl Pts',(108.777113632695,91.8138347043659,8.3875934871074));
#4215=CARTESIAN_POINT('Ctrl Pts',(109.370184978904,92.1472731076074,7.49296300913138));
#4216=CARTESIAN_POINT('Ctrl Pts',(109.5,92.3824574177228,6.83125636823565));
#4217=CARTESIAN_POINT('Ctrl Pts',(109.5,92.5,6.5));
#4218=CARTESIAN_POINT('Ctrl Pts',(107.,92.,8.99999999999999));
#4219=CARTESIAN_POINT('Ctrl Pts',(107.186999562714,92.,8.99999999999999));
#4220=CARTESIAN_POINT('Ctrl Pts',(107.748102239903,92.0125291627958,8.93735418602089));
#4221=CARTESIAN_POINT('Ctrl Pts',(108.611961703533,92.0956912836569,8.52154358171531));
#4222=CARTESIAN_POINT('Ctrl Pts',(109.329188945242,92.2756574385303,7.62171280734826));
#4223=CARTESIAN_POINT('Ctrl Pts',(109.5,92.4252001749145,6.87399912542735));
#4224=CARTESIAN_POINT('Ctrl Pts',(109.5,92.5,6.5));
#4225=CARTESIAN_POINT('',(109.5,92.5,6.5));
#4226=CARTESIAN_POINT('Origin',(107.,92.5,6.5));
#4227=CARTESIAN_POINT('',(107.,92.,9.));
#4228=CARTESIAN_POINT('Origin',(107.,92.5,6.5));
#4229=CARTESIAN_POINT('Origin',(107.,92.,7.));
#4230=CARTESIAN_POINT('Ctrl Pts',(10.,92.,9.));
#4231=CARTESIAN_POINT('Ctrl Pts',(9.81300043728632,92.,9.));
#4232=CARTESIAN_POINT('Ctrl Pts',(9.25188977422498,92.0125294961772,8.93735251911419));
#4233=CARTESIAN_POINT('Ctrl Pts',(8.3880261118076,92.0956916554643,8.52154172267821));
#4234=CARTESIAN_POINT('Ctrl Pts',(7.67078767233812,92.2756576965143,7.62171151742846));
#4235=CARTESIAN_POINT('Ctrl Pts',(7.5,92.4252001749145,6.87399912542735));
#4236=CARTESIAN_POINT('Ctrl Pts',(7.5,92.5,6.5));
#4237=CARTESIAN_POINT('Ctrl Pts',(10.,91.4016013993162,9.));
#4238=CARTESIAN_POINT('Ctrl Pts',(9.76755404404254,91.4016013993162,9.));
#4239=CARTESIAN_POINT('Ctrl Pts',(9.06542216728428,91.4514990671529,8.90344152386558));
#4240=CARTESIAN_POINT('Ctrl Pts',(8.16673836542887,91.7215925778719,8.34123761938809));
#4241=CARTESIAN_POINT('Ctrl Pts',(7.61661004516169,92.1055851131026,7.44899210970135));
#4242=CARTESIAN_POINT('Ctrl Pts',(7.5,92.3682098319923,6.81700878250509));
#4243=CARTESIAN_POINT('Ctrl Pts',(7.5,92.5,6.5));
#4244=CARTESIAN_POINT('Ctrl Pts',(10.,90.3655478621438,8.49794472107605));
#4245=CARTESIAN_POINT('Ctrl Pts',(9.72850539342837,90.3655478621438,8.49794472107605));
#4246=CARTESIAN_POINT('Ctrl Pts',(8.90430499576484,90.4781608957109,8.3917081115047));
#4247=CARTESIAN_POINT('Ctrl Pts',(7.98883803878184,91.0641494828779,7.84329971685152));
#4248=CARTESIAN_POINT('Ctrl Pts',(7.57736375054334,91.8058339499764,7.15162040399758));
#4249=CARTESIAN_POINT('Ctrl Pts',(7.5,92.2684767318783,6.71727568239112));
#4250=CARTESIAN_POINT('Ctrl Pts',(7.5,92.5,6.5));
#4251=CARTESIAN_POINT('Ctrl Pts',(10.,90.,7.44879895051282));
#4252=CARTESIAN_POINT('Ctrl Pts',(9.7793989711033,90.,7.44879895051282));
#4253=CARTESIAN_POINT('Ctrl Pts',(9.11380882882093,90.0881012565464,7.40822994996664));
#4254=CARTESIAN_POINT('Ctrl Pts',(8.22291231169191,90.6123455401244,7.18614044902859));
#4255=CARTESIAN_POINT('Ctrl Pts',(7.62982936385971,91.5069659024235,6.85269896653075));
#4256=CARTESIAN_POINT('Ctrl Pts',(7.5,92.1687436317644,6.61754258227716));
#4257=CARTESIAN_POINT('Ctrl Pts',(7.5,92.5,6.5));
#4258=CARTESIAN_POINT('Ctrl Pts',(10.,90.,6.99999999999999));
#4259=CARTESIAN_POINT('Ctrl Pts',(9.81300043728632,90.,6.99999999999999));
#4260=CARTESIAN_POINT('Ctrl Pts',(9.25188977422499,90.0626474808858,6.98747050382283));
#4261=CARTESIAN_POINT('Ctrl Pts',(8.3880261118076,90.4784582773218,6.90430834453564));
#4262=CARTESIAN_POINT('Ctrl Pts',(7.67078767233813,91.3782884825715,6.72434230348568));
#4263=CARTESIAN_POINT('Ctrl Pts',(7.5,92.1260008745726,6.57479982508547));
#4264=CARTESIAN_POINT('Ctrl Pts',(7.5,92.5,6.5));
#4265=CARTESIAN_POINT('',(10.,92.,9.));
#4266=CARTESIAN_POINT('',(7.5,92.5,6.5));
#4267=CARTESIAN_POINT('Origin',(10.,92.5,6.5));
#4268=CARTESIAN_POINT('Origin',(10.,92.5,6.5));
#4269=CARTESIAN_POINT('Origin',(10.,92.,6.99999999999999));
#4270=CARTESIAN_POINT('Origin',(107.,92.5,0.));
#4271=CARTESIAN_POINT('',(109.5,92.5,0.));
#4272=CARTESIAN_POINT('Origin',(107.,66.875,1.5));
#4273=CARTESIAN_POINT('',(109.5,1.5,1.5));
#4274=CARTESIAN_POINT('Origin',(107.,1.5,1.5));
#4275=CARTESIAN_POINT('',(109.5,66.875,1.5));
#4276=CARTESIAN_POINT('Origin',(33.,0.,1.5));
#4277=CARTESIAN_POINT('',(105.5,-2.5,1.5));
#4278=CARTESIAN_POINT('Origin',(105.5,0.,1.5));
#4279=CARTESIAN_POINT('',(11.5,-2.5,1.5));
#4280=CARTESIAN_POINT('Origin',(11.5,0.,1.5));
#4281=CARTESIAN_POINT('',(33.,-2.5,1.5));
#4282=CARTESIAN_POINT('Ctrl Pts',(11.5,0.,4.));
#4283=CARTESIAN_POINT('Ctrl Pts',(10.,2.77555756156289E-16,4.));
#4284=CARTESIAN_POINT('Ctrl Pts',(10.,1.49999999999999,4.));
#4285=CARTESIAN_POINT('Ctrl Pts',(11.5,-2.50000000000001,4.00000000000001));
#4286=CARTESIAN_POINT('Ctrl Pts',(7.5,-2.5,4.00000000000001));
#4287=CARTESIAN_POINT('Ctrl Pts',(7.5,1.49999999999999,4.00000000000001));
#4288=CARTESIAN_POINT('Ctrl Pts',(11.5,-2.50000000000001,1.5));
#4289=CARTESIAN_POINT('Ctrl Pts',(7.5,-2.5,1.5));
#4290=CARTESIAN_POINT('Ctrl Pts',(7.5,1.49999999999999,1.5));
#4291=CARTESIAN_POINT('',(7.5,1.49999999999999,1.5));
#4292=CARTESIAN_POINT('Origin',(10.,1.49999999999999,1.5));
#4293=CARTESIAN_POINT('Origin',(11.5,1.49999999999999,1.5));
#4294=CARTESIAN_POINT('Origin',(10.,98.875,1.5));
#4295=CARTESIAN_POINT('',(7.5,98.875,1.5));
#4296=CARTESIAN_POINT('Origin',(10.,92.5,0.));
#4297=CARTESIAN_POINT('',(7.5,92.5,0.));
#4298=CARTESIAN_POINT('Ctrl Pts',(107.,1.5,4.));
#4299=CARTESIAN_POINT('Ctrl Pts',(107.,2.77555756156289E-16,4.));
#4300=CARTESIAN_POINT('Ctrl Pts',(105.5,0.,4.));
#4301=CARTESIAN_POINT('Ctrl Pts',(109.5,1.5,4.));
#4302=CARTESIAN_POINT('Ctrl Pts',(109.5,-2.5,4.));
#4303=CARTESIAN_POINT('Ctrl Pts',(105.5,-2.5,4.));
#4304=CARTESIAN_POINT('Ctrl Pts',(109.5,1.5,1.5));
#4305=CARTESIAN_POINT('Ctrl Pts',(109.5,-2.5,1.5));
#4306=CARTESIAN_POINT('Ctrl Pts',(105.5,-2.5,1.5));
#4307=CARTESIAN_POINT('Origin',(105.5,1.5,1.5));
#4308=CARTESIAN_POINT('Origin',(10.,138.,6.5));
#4309=CARTESIAN_POINT('',(10.,148.,9.));
#4310=CARTESIAN_POINT('',(10.,138.,9.));
#4311=CARTESIAN_POINT('',(7.5,148.,6.5));
#4312=CARTESIAN_POINT('Origin',(10.,148.,6.5));
#4313=CARTESIAN_POINT('',(7.5,138.,6.5));
#4314=CARTESIAN_POINT('Ctrl Pts',(10.,148.,9.));
#4315=CARTESIAN_POINT('Ctrl Pts',(10.,149.5,9.));
#4316=CARTESIAN_POINT('Ctrl Pts',(11.5,149.5,9.));
#4317=CARTESIAN_POINT('Ctrl Pts',(7.5,148.,9.));
#4318=CARTESIAN_POINT('Ctrl Pts',(7.50000000000001,152.,9.));
#4319=CARTESIAN_POINT('Ctrl Pts',(11.5,152.,9.));
#4320=CARTESIAN_POINT('Ctrl Pts',(7.5,148.,6.5));
#4321=CARTESIAN_POINT('Ctrl Pts',(7.50000000000001,152.,6.5));
#4322=CARTESIAN_POINT('Ctrl Pts',(11.5,152.,6.5));
#4323=CARTESIAN_POINT('',(11.5,149.5,9.));
#4324=CARTESIAN_POINT('',(11.5,152.,6.5));
#4325=CARTESIAN_POINT('Origin',(11.5,149.5,6.5));
#4326=CARTESIAN_POINT('Origin',(11.5,148.,6.5));
#4327=CARTESIAN_POINT('Origin',(11.5,148.,9.));
#4328=CARTESIAN_POINT('Origin',(84.,149.5,6.5));
#4329=CARTESIAN_POINT('',(105.5,149.5,9.));
#4330=CARTESIAN_POINT('',(105.5,152.,6.5));
#4331=CARTESIAN_POINT('Origin',(105.5,149.5,6.5));
#4332=CARTESIAN_POINT('',(84.,152.,6.5));
#4333=CARTESIAN_POINT('',(84.,149.5,9.));
#4334=CARTESIAN_POINT('Ctrl Pts',(105.5,149.5,9.));
#4335=CARTESIAN_POINT('Ctrl Pts',(107.,149.5,9.));
#4336=CARTESIAN_POINT('Ctrl Pts',(107.,148.,9.));
#4337=CARTESIAN_POINT('Ctrl Pts',(105.5,152.,9.));
#4338=CARTESIAN_POINT('Ctrl Pts',(109.5,152.,9.));
#4339=CARTESIAN_POINT('Ctrl Pts',(109.5,148.,9.));
#4340=CARTESIAN_POINT('Ctrl Pts',(105.5,152.,6.5));
#4341=CARTESIAN_POINT('Ctrl Pts',(109.5,152.,6.5));
#4342=CARTESIAN_POINT('Ctrl Pts',(109.5,148.,6.5));
#4343=CARTESIAN_POINT('',(107.,148.,9.));
#4344=CARTESIAN_POINT('',(109.5,148.,6.5));
#4345=CARTESIAN_POINT('Origin',(107.,148.,6.5));
#4346=CARTESIAN_POINT('Origin',(105.5,148.,6.5));
#4347=CARTESIAN_POINT('Origin',(105.5,148.,9.));
#4348=CARTESIAN_POINT('Origin',(107.,106.,6.5));
#4349=CARTESIAN_POINT('',(109.5,106.,6.5));
#4350=CARTESIAN_POINT('',(107.,106.,9.));
#4351=CARTESIAN_POINT('Origin',(33.,92.,7.));
#4352=CARTESIAN_POINT('',(33.,92.,9.));
#4353=CARTESIAN_POINT('Origin',(105.5,148.,0.));
#4354=CARTESIAN_POINT('',(109.499997552484,148.,-13.5));
#4355=CARTESIAN_POINT('',(109.5,148.,0.));
#4356=CARTESIAN_POINT('',(105.5,152.,-13.5));
#4357=CARTESIAN_POINT('Origin',(105.5,148.,-13.5));
#4358=CARTESIAN_POINT('',(105.5,152.,0.));
#4359=CARTESIAN_POINT('Origin',(109.5,90.,0.));
#4360=CARTESIAN_POINT('',(109.499997552484,1.5,-13.5));
#4361=CARTESIAN_POINT('',(109.5,1.5,0.));
#4362=CARTESIAN_POINT('',(109.499997552484,154.000002294779,-13.5));
#4363=CARTESIAN_POINT('Origin',(105.5,1.5,0.));
#4364=CARTESIAN_POINT('',(105.5,-2.5,-13.5));
#4365=CARTESIAN_POINT('',(105.5,-2.5,0.));
#4366=CARTESIAN_POINT('Origin',(105.5,1.5,-13.5));
#4367=CARTESIAN_POINT('Origin',(7.5,-2.5,0.));
#4368=CARTESIAN_POINT('',(11.5,-2.5,-13.5));
#4369=CARTESIAN_POINT('',(11.5,-2.5,0.));
#4370=CARTESIAN_POINT('',(109.5,-2.5,-13.5));
#4371=CARTESIAN_POINT('Origin',(7.5,154.,0.));
#4372=CARTESIAN_POINT('',(7.50000011175871,148.,-13.5));
#4373=CARTESIAN_POINT('',(7.5,148.,0.));
#4374=CARTESIAN_POINT('',(7.50000011175871,1.49999999999999,-13.5));
#4375=CARTESIAN_POINT('',(7.50000011175871,-2.49999994412065,-13.5));
#4376=CARTESIAN_POINT('',(7.5,1.49999999999999,0.));
#4377=CARTESIAN_POINT('Origin',(109.5,152.,0.));
#4378=CARTESIAN_POINT('',(11.5,152.,-13.5));
#4379=CARTESIAN_POINT('',(84.,152.,-13.5));
#4380=CARTESIAN_POINT('',(11.5,152.,0.));
#4381=CARTESIAN_POINT('',(71.1624999999999,152.,-1.88));
#4382=CARTESIAN_POINT('',(71.1624999999999,152.,-3.88));
#4383=CARTESIAN_POINT('',(71.1624999999999,152.,-1.94));
#4384=CARTESIAN_POINT('',(68.6624999999999,152.,0.620000000000001));
#4385=CARTESIAN_POINT('Origin',(68.6624999999999,152.,-1.88));
#4386=CARTESIAN_POINT('',(61.1625,152.,0.620000000000001));
#4387=CARTESIAN_POINT('',(89.0812499999999,152.,0.620000000000001));
#4388=CARTESIAN_POINT('',(58.6625,152.,-1.88));
#4389=CARTESIAN_POINT('Origin',(61.1625,152.,-1.88));
#4390=CARTESIAN_POINT('',(58.6625,152.,-3.88));
#4391=CARTESIAN_POINT('',(58.6625,152.,-0.94));
#4392=CARTESIAN_POINT('',(61.1625,152.,-6.38));
#4393=CARTESIAN_POINT('Origin',(61.1625,152.,-3.88));
#4394=CARTESIAN_POINT('',(68.6624999999999,152.,-6.38));
#4395=CARTESIAN_POINT('',(85.33125,152.,-6.38));
#4396=CARTESIAN_POINT('Origin',(68.6624999999999,152.,-3.88));
#4397=CARTESIAN_POINT('Origin',(58.5,75.7500011473894,-13.5));
#4398=CARTESIAN_POINT('Origin',(11.5,1.49999999999999,-13.5));
#4399=CARTESIAN_POINT('Origin',(11.5,148.,-13.5));
#4400=CARTESIAN_POINT('',(9.49999999999998,-0.500000000000003,-13.5));
#4401=CARTESIAN_POINT('',(9.50000000000002,111.875000573695,-13.5));
#4402=CARTESIAN_POINT('',(107.5,-0.500000000000003,-13.5));
#4403=CARTESIAN_POINT('',(107.5,-0.500000000000003,-13.5));
#4404=CARTESIAN_POINT('',(107.5,110.375000573695,-13.5));
#4405=CARTESIAN_POINT('Origin',(11.5,148.,0.));
#4406=CARTESIAN_POINT('Origin',(11.5,1.49999999999999,0.));
#4407=CARTESIAN_POINT('Origin',(19.3,149.000000391573,6.04911504457212));
#4408=CARTESIAN_POINT('',(26.8,149.001858016278,3.9499991796793));
#4409=CARTESIAN_POINT('',(23.05,149.001858016278,3.9499991796793));
#4410=CARTESIAN_POINT('',(26.8,149.000000391574,6.04911504358311));
#4411=CARTESIAN_POINT('',(59.9000007227063,149.000002626747,6.04911504655015));
#4412=CARTESIAN_POINT('Origin',(26.8,150.000002235174,6.05000000197778));
#4413=CARTESIAN_POINT('Origin',(26.8,150.000002235174,6.04999999999975));
#4414=CARTESIAN_POINT('',(26.8,150.000002235174,3.94999917967388));
#4415=CARTESIAN_POINT('Origin',(107.5,150.000002235174,6.00000008940697));
#4416=CARTESIAN_POINT('',(97.0000014454126,150.000002235174,6.));
#4417=CARTESIAN_POINT('',(97.0000014454126,150.000002235174,6.));
#4418=CARTESIAN_POINT('',(107.5,150.000002235174,6.00000008940697));
#4419=CARTESIAN_POINT('',(107.5,74.7500011175871,6.00000008940697));
#4420=CARTESIAN_POINT('',(97.,150.000002235174,6.00000008940697));
#4421=CARTESIAN_POINT('Origin',(26.8,150.000002235174,3.9499991796793));
#4422=CARTESIAN_POINT('Origin',(61.1625,154.,-6.38));
#4423=CARTESIAN_POINT('',(61.1625,146.75,-6.38));
#4424=CARTESIAN_POINT('',(61.1625,154.,-6.38));
#4425=CARTESIAN_POINT('',(68.6624999999999,146.75,-6.38));
#4426=CARTESIAN_POINT('',(61.1625,146.75,-6.38));
#4427=CARTESIAN_POINT('',(68.6624999999999,150.,-6.38));
#4428=CARTESIAN_POINT('Origin',(68.6624999999999,154.,-3.88));
#4429=CARTESIAN_POINT('',(71.1624999999999,146.75,-3.88));
#4430=CARTESIAN_POINT('',(71.1624999999999,150.,-3.88));
#4431=CARTESIAN_POINT('Origin',(68.6624999999999,146.75,-3.88));
#4432=CARTESIAN_POINT('Origin',(71.1624999999999,154.,-3.88));
#4433=CARTESIAN_POINT('',(71.1624999999999,146.75,-1.88));
#4434=CARTESIAN_POINT('',(71.1624999999999,150.,-1.88));
#4435=CARTESIAN_POINT('',(71.1624999999999,146.75,-3.88));
#4436=CARTESIAN_POINT('Origin',(61.1625,154.,-3.88));
#4437=CARTESIAN_POINT('',(58.6625,146.75,-3.88));
#4438=CARTESIAN_POINT('',(58.6625,154.,-3.88));
#4439=CARTESIAN_POINT('Origin',(61.1625,146.75,-3.88));
#4440=CARTESIAN_POINT('Origin',(68.6624999999999,154.,-1.88));
#4441=CARTESIAN_POINT('',(68.6624999999999,146.75,0.620000000000001));
#4442=CARTESIAN_POINT('',(68.6624999999999,150.,0.620000000000001));
#4443=CARTESIAN_POINT('Origin',(68.6624999999999,146.75,-1.88));
#4444=CARTESIAN_POINT('Origin',(58.6625,154.,-1.88));
#4445=CARTESIAN_POINT('',(58.6625,146.75,-1.88));
#4446=CARTESIAN_POINT('',(58.6625,154.,-1.88));
#4447=CARTESIAN_POINT('',(58.6625,146.75,-1.88));
#4448=CARTESIAN_POINT('Origin',(68.6624999999999,154.,0.620000000000001));
#4449=CARTESIAN_POINT('',(61.1625,146.75,0.620000000000001));
#4450=CARTESIAN_POINT('',(61.1625,152.,0.620000000000001));
#4451=CARTESIAN_POINT('',(68.6624999999999,146.75,0.620000000000001));
#4452=CARTESIAN_POINT('Origin',(61.1625,154.,-1.88));
#4453=CARTESIAN_POINT('Origin',(61.1625,146.75,-1.88));
#4454=CARTESIAN_POINT('Origin',(9.50000000000002,148.,0.));
#4455=CARTESIAN_POINT('',(9.50000000000001,98.0000013411045,-0.199999999999999));
#4456=CARTESIAN_POINT('',(9.5,98.0000013411045,-0.549999999999999));
#4457=CARTESIAN_POINT('',(9.50000000000001,121.000000670552,-0.199999999999999));
#4458=CARTESIAN_POINT('',(9.49999999999998,4.75000000000001,1.5));
#4459=CARTESIAN_POINT('',(9.50000000000001,135.,1.5));
#4460=CARTESIAN_POINT('',(9.49999999999998,4.75000000000001,-0.5));
#4461=CARTESIAN_POINT('',(9.49999999999998,4.75000000000001,0.));
#4462=CARTESIAN_POINT('',(9.49999999999998,-0.500000000000003,-0.5));
#4463=CARTESIAN_POINT('',(9.5,74.9375000055879,-0.5));
#4464=CARTESIAN_POINT('',(9.49999999999998,-0.500000000000003,0.));
#4465=CARTESIAN_POINT('Origin',(56.6625,150.,-1.88));
#4466=CARTESIAN_POINT('',(56.6625,146.75,-3.88));
#4467=CARTESIAN_POINT('',(56.6625,150.,-3.88));
#4468=CARTESIAN_POINT('',(56.6625,146.75,-1.88));
#4469=CARTESIAN_POINT('',(56.6625,146.75,-1.88));
#4470=CARTESIAN_POINT('',(56.6625,150.,-1.88));
#4471=CARTESIAN_POINT('Origin',(61.1625,150.,-3.88));
#4472=CARTESIAN_POINT('',(61.1625,146.75,-8.38));
#4473=CARTESIAN_POINT('',(61.1625,150.,-8.38));
#4474=CARTESIAN_POINT('Origin',(61.1625,146.75,-3.88));
#4475=CARTESIAN_POINT('Origin',(61.1625,150.,-8.38));
#4476=CARTESIAN_POINT('',(68.6624999999999,146.75,-8.38));
#4477=CARTESIAN_POINT('',(68.6624999999999,150.,-8.38));
#4478=CARTESIAN_POINT('',(61.1625,146.75,-8.38));
#4479=CARTESIAN_POINT('Origin',(68.6624999999999,150.,-3.88));
#4480=CARTESIAN_POINT('',(73.1624999999999,146.75,-3.88));
#4481=CARTESIAN_POINT('',(73.1624999999999,150.,-3.88));
#4482=CARTESIAN_POINT('Origin',(68.6624999999999,146.75,-3.88));
#4483=CARTESIAN_POINT('Origin',(64.9124999999999,146.75,-2.88));
#4484=CARTESIAN_POINT('',(73.1624999999999,146.75,-1.88));
#4485=CARTESIAN_POINT('',(68.6624999999999,146.75,2.62));
#4486=CARTESIAN_POINT('Origin',(68.6624999999999,146.75,-1.88));
#4487=CARTESIAN_POINT('',(61.1625,146.75,2.62));
#4488=CARTESIAN_POINT('',(68.6624999999999,146.75,2.62));
#4489=CARTESIAN_POINT('Origin',(61.1625,146.75,-1.88));
#4490=CARTESIAN_POINT('',(73.1624999999999,146.75,-3.88));
#4491=CARTESIAN_POINT('Origin',(73.1624999999999,150.,-3.88));
#4492=CARTESIAN_POINT('',(73.1624999999999,150.,-1.88));
#4493=CARTESIAN_POINT('Origin',(61.1625,150.,-1.88));
#4494=CARTESIAN_POINT('',(61.1625,150.,2.62));
#4495=CARTESIAN_POINT('Origin',(68.6624999999999,150.,2.62));
#4496=CARTESIAN_POINT('',(68.6624999999999,150.,2.62));
#4497=CARTESIAN_POINT('Origin',(68.6624999999999,150.,-1.88));
#4498=CARTESIAN_POINT('Origin',(58.5000003613532,95.3500014007091,8.75));
#4499=CARTESIAN_POINT('',(20.,95.3500014007091,9.));
#4500=CARTESIAN_POINT('',(20.,95.3500014007091,8.5));
#4501=CARTESIAN_POINT('',(20.,95.3500014007092,4.375));
#4502=CARTESIAN_POINT('',(97.0000007227063,95.3500014007091,9.));
#4503=CARTESIAN_POINT('',(58.5000001806766,95.3500014007092,9.));
#4504=CARTESIAN_POINT('',(97.0000007227063,95.3500014007091,8.5));
#4505=CARTESIAN_POINT('',(97.,95.3500014007092,4.375));
#4506=CARTESIAN_POINT('',(40.6500003296882,95.3500014007092,8.5));
#4507=CARTESIAN_POINT('Origin',(22.8000002980232,93.5000014007092,8.5));
#4508=CARTESIAN_POINT('',(20.,146.650002235174,8.5));
#4509=CARTESIAN_POINT('',(20.,107.,8.5));
#4510=CARTESIAN_POINT('',(97.0000007227063,93.4500014007092,8.5));
#4511=CARTESIAN_POINT('',(97.0000007227063,94.0000014007092,8.5));
#4512=CARTESIAN_POINT('',(22.0000002980232,93.4500014007092,8.5));
#4513=CARTESIAN_POINT('',(96.9494892865291,148.550002235174,8.5));
#4514=CARTESIAN_POINT('',(40.6500001490116,148.550002235174,8.5));
#4515=CARTESIAN_POINT('',(96.9494892865291,150.000002235174,8.5));
#4516=CARTESIAN_POINT('',(96.9494892865291,121.300001817942,8.5));
#4517=CARTESIAN_POINT('',(97.,149.5,8.5));
#4518=CARTESIAN_POINT('Origin',(94.5,149.5,8.5));
#4519=CARTESIAN_POINT('',(97.,146.649996709824,8.5));
#4520=CARTESIAN_POINT('',(97.,149.600001117587,8.5));
#4521=CARTESIAN_POINT('',(96.9494892865291,146.650002235174,8.5));
#4522=CARTESIAN_POINT('',(96.5999978408217,146.649996709824,8.5));
#4523=CARTESIAN_POINT('',(96.5999978408217,146.649996709824,8.5));
#4524=CARTESIAN_POINT('',(96.9494892865291,146.650002235174,8.5));
#4525=CARTESIAN_POINT('',(96.9494892865291,146.650002235174,8.5));
#4526=CARTESIAN_POINT('Origin',(21.2000002980232,93.4500014007092,8.5));
#4527=CARTESIAN_POINT('',(97.,93.4500014007092,4.25));
#4528=CARTESIAN_POINT('Origin',(58.4747446432646,146.649996709824,8.75));
#4529=CARTESIAN_POINT('',(96.5999978408217,146.649996709824,9.));
#4530=CARTESIAN_POINT('',(20.,146.650002235174,9.));
#4531=CARTESIAN_POINT('',(20.,146.650002235174,9.));
#4532=CARTESIAN_POINT('',(20.,146.649996709824,4.375));
#4533=CARTESIAN_POINT('',(97.,146.649996709824,9.));
#4534=CARTESIAN_POINT('',(97.,146.649996709824,4.375));
#4535=CARTESIAN_POINT('',(96.9494892865291,146.650002235174,9.));
#4536=CARTESIAN_POINT('',(96.5999978408217,146.649996709824,9.));
#4537=CARTESIAN_POINT('',(20.,146.650002235174,9.));
#4538=CARTESIAN_POINT('Origin',(97.,152.,0.));
#4539=CARTESIAN_POINT('',(97.,149.5,8.49947537879438));
#4540=CARTESIAN_POINT('',(97.,149.5,0.));
#4541=CARTESIAN_POINT('',(97.,148.550002235174,8.49947537879438));
#4542=CARTESIAN_POINT('',(97.,121.997762630132,8.49947537879438));
#4543=CARTESIAN_POINT('',(97.,121.997762630132,8.49947537879438));
#4544=CARTESIAN_POINT('',(97.,108.950000700355,9.));
#4545=CARTESIAN_POINT('Origin',(20.,92.,0.));
#4546=CARTESIAN_POINT('',(20.,107.,9.));
#4547=CARTESIAN_POINT('Origin',(58.5,148.550002235174,-2.5));
#4548=CARTESIAN_POINT('',(97.0000014454126,148.550002235174,8.5));
#4549=CARTESIAN_POINT('',(96.9494892865291,148.550002235174,8.49947537879439));
#4550=CARTESIAN_POINT('',(97.,148.550002235174,8.49947537879438));
#4551=CARTESIAN_POINT('',(96.9494892865291,148.550002235174,8.49947537879439));
#4552=CARTESIAN_POINT('Origin',(19.2999995686114,92.,5.8));
#4553=CARTESIAN_POINT('',(24.3,92.0001778045041,5.8));
#4554=CARTESIAN_POINT('',(19.2999995686121,92.0000000002965,5.8));
#4555=CARTESIAN_POINT('',(19.4499997843057,92.0001778045041,5.8));
#4556=CARTESIAN_POINT('',(24.3,92.,5.8));
#4557=CARTESIAN_POINT('',(78.4530539184848,92.,5.8));
#4558=CARTESIAN_POINT('',(97.0000014454126,92.,5.8));
#4559=CARTESIAN_POINT('Origin',(24.3,92.,0.));
#4560=CARTESIAN_POINT('',(24.3,92.,6.));
#4561=CARTESIAN_POINT('',(24.3,92.002656265952,2.99933863322753));
#4562=CARTESIAN_POINT('',(24.3,92.,0.));
#4563=CARTESIAN_POINT('Origin',(19.6,92.000001988069,5.99867256685864));
#4564=CARTESIAN_POINT('',(19.3,92.0000004068602,6.00000000065988));
#4565=CARTESIAN_POINT('',(19.2999995686114,92.,3.99999991059303));
#4566=CARTESIAN_POINT('',(22.8122142285263,92.,6.));
#4567=CARTESIAN_POINT('',(38.8000004321337,92.0000008133493,6.));
#4568=CARTESIAN_POINT('',(40.6500003613532,92.,6.));
#4569=CARTESIAN_POINT('Origin',(58.5,122.,9.));
#4570=CARTESIAN_POINT('Origin',(94.5,149.5,0.));
#4571=CARTESIAN_POINT('',(96.9494892865291,150.000002235174,8.49947537879439));
#4572=CARTESIAN_POINT('',(96.9494892865291,150.000002235174,0.));
#4573=CARTESIAN_POINT('Origin',(94.5,149.5,8.49947537879438));
#4574=CARTESIAN_POINT('Origin',(96.9494892865291,150.000002235174,8.49947537879439));
#4575=CARTESIAN_POINT('',(96.9494892865291,150.000002235174,8.49947537879439));
#4576=CARTESIAN_POINT('Origin',(97.0000014454126,150.000002235174,6.));
#4577=CARTESIAN_POINT('',(97.,149.995523859554,8.49947537879438));
#4578=CARTESIAN_POINT('',(97.,150.005380607177,2.99821795697333));
#4579=CARTESIAN_POINT('',(97.0000014454126,149.997763047364,8.49947537879438));
#4580=CARTESIAN_POINT('',(97.,121.997762630132,8.49947537879438));
#4581=CARTESIAN_POINT('Origin',(97.,150.000002235174,8.49947537879438));
#4582=CARTESIAN_POINT('Origin',(97.,149.995523859554,8.49947537879438));
#4583=CARTESIAN_POINT('',(107.5,149.995523859554,8.49947537879438));
#4584=CARTESIAN_POINT('',(97.,149.995523859554,8.49947537879438));
#4585=CARTESIAN_POINT('',(107.5,92.0944366733218,8.49947537879438));
#4586=CARTESIAN_POINT('',(107.5,92.0944366733218,8.49947537879438));
#4587=CARTESIAN_POINT('',(97.,92.0944366733218,8.49947537879438));
#4588=CARTESIAN_POINT('Origin',(100.750001609325,96.0000013411045,4.35));
#4589=CARTESIAN_POINT('',(98.0000016093254,92.0433324422439,4.1));
#4590=CARTESIAN_POINT('',(103.500001609325,92.0433324422439,4.6));
#4591=CARTESIAN_POINT('',(99.3659852158828,92.0433324422439,4.22418032786885));
#4592=CARTESIAN_POINT('',(103.500001609325,98.0000013411045,4.6));
#4593=CARTESIAN_POINT('',(103.500001609325,96.0000013411045,4.6));
#4594=CARTESIAN_POINT('',(98.0000016093254,98.0000013411045,4.1));
#4595=CARTESIAN_POINT('',(103.851640155521,98.0000013411045,4.6319671405632));
#4596=CARTESIAN_POINT('',(98.0000016093254,96.0000013411045,4.1));
#4597=CARTESIAN_POINT('Origin',(102.750000804663,94.0000013411045,4.6));
#4598=CARTESIAN_POINT('',(107.5,92.0433324422439,4.6));
#4599=CARTESIAN_POINT('',(99.8750004023314,92.0433324422439,4.6));
#4600=CARTESIAN_POINT('',(107.5,98.0000013411045,4.6));
#4601=CARTESIAN_POINT('',(107.5,46.7500006705523,4.6));
#4602=CARTESIAN_POINT('',(106.,98.0000013411045,4.6));
#4603=CARTESIAN_POINT('Origin',(98.0000016093254,92.0433324422439,3.9));
#4604=CARTESIAN_POINT('',(98.0000016093254,92.0433324422439,3.9));
#4605=CARTESIAN_POINT('',(98.0000016093254,92.0433324422439,3.9));
#4606=CARTESIAN_POINT('',(107.5,92.0433324422439,3.9));
#4607=CARTESIAN_POINT('',(99.8750004023314,92.0433324422439,3.9));
#4608=CARTESIAN_POINT('',(107.5,92.0433324422439,1.95));
#4609=CARTESIAN_POINT('Origin',(104.5,2.5,-0.375));
#4610=CARTESIAN_POINT('',(102.7,2.5,-0.5));
#4611=CARTESIAN_POINT('Origin',(104.5,2.5,-0.5));
#4612=CARTESIAN_POINT('',(102.95,2.5,-0.25));
#4613=CARTESIAN_POINT('',(102.825,2.5,-0.375));
#4614=CARTESIAN_POINT('Origin',(104.5,2.5,-0.25));
#4615=CARTESIAN_POINT('Origin',(105.124997650273,1.87500001117588,-0.5));
#4616=CARTESIAN_POINT('',(107.5,-0.500000000000003,-0.5));
#4617=CARTESIAN_POINT('',(107.5,4.75000000000002,-0.5));
#4618=CARTESIAN_POINT('',(107.5,0.687500005587939,-0.5));
#4619=CARTESIAN_POINT('',(102.25,-0.500000000000003,-0.5));
#4620=CARTESIAN_POINT('',(57.3124988251366,-0.500000000000003,-0.5));
#4621=CARTESIAN_POINT('',(102.25,2.5,-0.5));
#4622=CARTESIAN_POINT('',(102.25,2.5,-0.5));
#4623=CARTESIAN_POINT('',(104.5,4.75,-0.5));
#4624=CARTESIAN_POINT('Origin',(104.5,2.5,-0.5));
#4625=CARTESIAN_POINT('',(104.5,4.75,-0.5));
#4626=CARTESIAN_POINT('Origin',(104.5,2.5,0.));
#4627=CARTESIAN_POINT('',(102.95,2.5,2.5));
#4628=CARTESIAN_POINT('Origin',(104.5,2.5,2.5));
#4629=CARTESIAN_POINT('',(102.95,2.5,0.));
#4630=CARTESIAN_POINT('Origin',(12.5,2.5,-0.375));
#4631=CARTESIAN_POINT('',(10.7,2.5,-0.5));
#4632=CARTESIAN_POINT('Origin',(12.5,2.5,-0.5));
#4633=CARTESIAN_POINT('',(10.95,2.5,-0.25));
#4634=CARTESIAN_POINT('',(10.825,2.5,-0.375));
#4635=CARTESIAN_POINT('Origin',(12.5,2.5,-0.25));
#4636=CARTESIAN_POINT('Origin',(11.8750002497109,1.87500001117588,-0.5));
#4637=CARTESIAN_POINT('',(14.7500007005874,-0.500000000000003,-0.5));
#4638=CARTESIAN_POINT('',(10.6875001248554,-0.500000000000003,-0.5));
#4639=CARTESIAN_POINT('',(12.5,4.75,-0.5));
#4640=CARTESIAN_POINT('',(12.5,4.75,-0.5));
#4641=CARTESIAN_POINT('',(14.7500007005874,2.50000011874363,-0.5));
#4642=CARTESIAN_POINT('Origin',(12.5,2.5,-0.5));
#4643=CARTESIAN_POINT('',(14.7500007005874,2.50000011874363,-0.5));
#4644=CARTESIAN_POINT('Origin',(12.5,2.5,0.));
#4645=CARTESIAN_POINT('',(10.95,2.5,2.5));
#4646=CARTESIAN_POINT('Origin',(12.5,2.5,2.5));
#4647=CARTESIAN_POINT('',(10.95,2.5,0.));
#4648=CARTESIAN_POINT('Origin',(22.8,92.,6.));
#4649=CARTESIAN_POINT('',(22.8122142285263,92.,4.25));
#4650=CARTESIAN_POINT('Origin',(22.8122142285263,91.5,8.5));
#4651=CARTESIAN_POINT('',(22.8122142285263,91.9805172109093,7.24725352704269));
#4652=CARTESIAN_POINT('',(22.8122142285263,92.,6.));
#4653=CARTESIAN_POINT('Origin',(97.,92.,0.));
#4654=CARTESIAN_POINT('',(97.,91.9999979436398,5.55111512312578E-16));
#4655=CARTESIAN_POINT('',(97.,92.,0.));
#4656=CARTESIAN_POINT('',(19.0000001341105,91.9999979436398,5.55111512312578E-16));
#4657=CARTESIAN_POINT('',(18.9999995753169,91.9999979436398,5.55111512312578E-16));
#4658=CARTESIAN_POINT('',(19.0000001341105,91.9999979436398,4.));
#4659=CARTESIAN_POINT('Origin',(97.,91.994442845336,8.50058639848052));
#4660=CARTESIAN_POINT('',(107.5,91.994442845336,8.50058639848052));
#4661=CARTESIAN_POINT('',(97.,91.994442845336,8.50058639848053));
#4662=CARTESIAN_POINT('',(107.5,91.9433386142581,3.90111101968614));
#4663=CARTESIAN_POINT('',(107.5,91.9000061720142,0.00111101968613803));
#4664=CARTESIAN_POINT('',(98.0000016093254,91.9433386142581,3.90111101968614));
#4665=CARTESIAN_POINT('',(106.,91.9433386142581,3.90111101968614));
#4666=CARTESIAN_POINT('',(98.0000016093254,91.9444373581114,4.));
#4667=CARTESIAN_POINT('',(98.0000016093254,91.9414845870546,3.73424514000908));
#4668=CARTESIAN_POINT('',(97.,91.9444373581114,4.));
#4669=CARTESIAN_POINT('',(77.75,91.9444373581114,4.));
#4670=CARTESIAN_POINT('',(97.,91.950927602904,4.58413404323706));
#4671=CARTESIAN_POINT('Origin',(106.,92.0944366733218,8.49947537879438));
#4672=CARTESIAN_POINT('',(107.5,92.0944366733218,8.49947537879438));
#4673=CARTESIAN_POINT('Origin',(9.49999999999998,-0.500000000000003,0.));
#4674=CARTESIAN_POINT('',(14.7500007005874,-0.500000000000007,1.5));
#4675=CARTESIAN_POINT('',(14.7500007005874,-0.500000000000003,0.));
#4676=CARTESIAN_POINT('',(102.25,-0.500000000000007,1.5));
#4677=CARTESIAN_POINT('',(34.,-0.500000000000007,1.5));
#4678=CARTESIAN_POINT('',(102.25,-0.500000000000003,0.));
#4679=CARTESIAN_POINT('',(107.5,-0.500000000000003,0.));
#4680=CARTESIAN_POINT('Origin',(58.5,122.,2.5));
#4681=CARTESIAN_POINT('Origin',(58.5,122.,2.5));
#4682=CARTESIAN_POINT('Origin',(12.5,4.75,0.));
#4683=CARTESIAN_POINT('',(12.5,4.75,1.5));
#4684=CARTESIAN_POINT('',(35.4999999999998,4.74999999999993,1.5));
#4685=CARTESIAN_POINT('',(12.5,4.75,0.));
#4686=CARTESIAN_POINT('Origin',(14.7500007005874,-0.999999977648258,0.));
#4687=CARTESIAN_POINT('',(14.7500007005874,2.50000011874363,1.5));
#4688=CARTESIAN_POINT('',(14.7500007005874,2.50000011874363,0.));
#4689=CARTESIAN_POINT('',(14.7500007005874,60.5000000111759,1.5));
#4690=CARTESIAN_POINT('Origin',(12.5,2.5,0.));
#4691=CARTESIAN_POINT('Origin',(12.5,2.5,1.5));
#4692=CARTESIAN_POINT('Origin',(58.5,122.,1.5));
#4693=CARTESIAN_POINT('',(19.,1.99999999999999,1.5));
#4694=CARTESIAN_POINT('Origin',(19.,7.99999999999999,1.5));
#4695=CARTESIAN_POINT('',(98.,1.99999999999999,1.5));
#4696=CARTESIAN_POINT('',(81.75,1.99999999999999,1.5));
#4697=CARTESIAN_POINT('Origin',(98.,7.99999999999999,1.5));
#4698=CARTESIAN_POINT('',(107.5,4.75000000000003,1.5));
#4699=CARTESIAN_POINT('',(107.5,60.75,1.5));
#4700=CARTESIAN_POINT('',(104.5,4.75,1.5));
#4701=CARTESIAN_POINT('',(83.2499987930064,4.74999999999984,1.5));
#4702=CARTESIAN_POINT('',(102.25,2.5,1.5));
#4703=CARTESIAN_POINT('Origin',(104.5,2.5,1.5));
#4704=CARTESIAN_POINT('',(102.25,62.25,1.5));
#4705=CARTESIAN_POINT('Origin',(102.25,2.5,0.));
#4706=CARTESIAN_POINT('',(102.25,2.5,0.));
#4707=CARTESIAN_POINT('Origin',(107.999997586012,4.75000000000003,0.));
#4708=CARTESIAN_POINT('',(107.5,4.75000000000002,0.));
#4709=CARTESIAN_POINT('',(104.5,4.75,0.));
#4710=CARTESIAN_POINT('Origin',(104.5,2.5,0.));
#4711=CARTESIAN_POINT('Origin',(107.5,-0.500000000000007,0.));
#4712=CARTESIAN_POINT('',(107.5,98.0000013411045,-0.199999999999999));
#4713=CARTESIAN_POINT('',(107.5,46.7500006705523,-0.199999999999999));
#4714=CARTESIAN_POINT('',(107.5,98.0000013411045,-0.549999999999999));
#4715=CARTESIAN_POINT('',(107.5,92.0433324422439,3.9));
#4716=CARTESIAN_POINT('',(107.5,149.995523859554,8.49947537879438));
#4717=CARTESIAN_POINT('Origin',(98.,7.99999999999999,0.));
#4718=CARTESIAN_POINT('',(98.,1.99999999999999,0.));
#4719=CARTESIAN_POINT('Origin',(19.,7.99999999999999,0.));
#4720=CARTESIAN_POINT('',(19.,1.99999999999999,0.));
#4721=CARTESIAN_POINT('Origin',(98.0000016093254,91.9444373581114,4.));
#4722=CARTESIAN_POINT('',(98.0000016093254,91.9444373581114,3.90109881167215));
#4723=CARTESIAN_POINT('',(98.0000016093254,95.0490730344166,3.86660356907424));
#4724=CARTESIAN_POINT('',(98.0000016093254,91.9444373581114,4.));
#4725=CARTESIAN_POINT('Origin',(97.,91.9444373581114,4.));
#4726=CARTESIAN_POINT('',(98.0000016093254,91.9444373581114,5.55111512312578E-16));
#4727=CARTESIAN_POINT('',(98.0000016093254,91.9444373581114,1.45));
#4728=CARTESIAN_POINT('',(97.,91.9444373581114,5.55111512312578E-16));
#4729=CARTESIAN_POINT('',(97.,91.9444373581114,5.55111512312578E-16));
#4730=CARTESIAN_POINT('',(97.,91.9444373581114,4.));
#4731=CARTESIAN_POINT('Origin',(53.7500008046627,120.000000670552,5.55111512312578E-16));
#4732=CARTESIAN_POINT('',(97.,92.,5.55111512312578E-16));
#4733=CARTESIAN_POINT('',(98.0000016093254,109.000001005828,5.55111512312578E-16));
#4734=CARTESIAN_POINT('',(19.0000001341105,105.000001005828,5.55111512312578E-16));
#4735=CARTESIAN_POINT('Origin',(19.0000001341105,90.0000013411045,-1.1));
#4736=CARTESIAN_POINT('',(19.0000001341105,98.0000013411045,-0.199999999999999));
#4737=CARTESIAN_POINT('',(19.0000001341105,92.0000013411045,-0.199999999999999));
#4738=CARTESIAN_POINT('',(19.0000001341105,98.0000013411045,-1.1));
#4739=CARTESIAN_POINT('Origin',(98.0000016093254,98.0000013411045,-1.1));
#4740=CARTESIAN_POINT('',(98.0000016093254,98.0000013411045,-0.199999999999999));
#4741=CARTESIAN_POINT('',(98.0000016093254,98.0000013411045,-1.1));
#4742=CARTESIAN_POINT('',(98.0000016093254,96.0000013411045,-0.199999999999999));
#4743=CARTESIAN_POINT('',(98.0000016093254,95.0490730344166,3.86660356907424));
#4744=CARTESIAN_POINT('Origin',(99.0539141111201,94.0018164302865,0.0500000000000019));
#4745=CARTESIAN_POINT('',(98.7950353689466,91.7384674759894,-0.199999999999999));
#4746=CARTESIAN_POINT('',(98.8049984709797,94.2787891229331,-0.199999999999999));
#4747=CARTESIAN_POINT('',(98.8039160338431,94.0027969188616,-0.199999999999999));
#4748=CARTESIAN_POINT('',(99.303862454848,93.9881552313574,0.300000000000002));
#4749=CARTESIAN_POINT('',(98.8049984709797,94.2787891229331,-0.199999999999999));
#4750=CARTESIAN_POINT('',(99.296163694186,92.0251794132645,0.300000000000002));
#4751=CARTESIAN_POINT('',(99.303912188397,94.0008359417113,0.300000000000002));
#4752=CARTESIAN_POINT('',(98.7950353689466,91.7384674759894,-0.199999999999999));
#4753=CARTESIAN_POINT('Origin',(101.332324770847,95.436730159267,0.0500000000000019));
#4754=CARTESIAN_POINT('',(101.009963102033,95.5403216469438,-0.199999999999999));
#4755=CARTESIAN_POINT('',(101.208174860223,95.6537250893737,-0.199999999999999));
#4756=CARTESIAN_POINT('',(101.007698760662,94.9629758180929,0.300000000000002));
#4757=CARTESIAN_POINT('',(101.009963102033,95.5403216469438,-0.199999999999999));
#4758=CARTESIAN_POINT('',(101.456474681471,95.2197352291604,0.300000000000002));
#4759=CARTESIAN_POINT('Origin',(102.841441268698,94.1839856193063,0.0500000000000019));
#4760=CARTESIAN_POINT('',(102.703836305814,93.9748205867355,0.300000000000002));
#4761=CARTESIAN_POINT('',(102.715593102046,93.9679711777748,0.300000000000002));
#4762=CARTESIAN_POINT('',(103.204964631053,94.2615325240107,-0.199999999999999));
#4763=CARTESIAN_POINT('',(102.967289435351,94.4000000608378,-0.199999999999999));
#4764=CARTESIAN_POINT('',(103.204964631053,94.2615325240107,-0.199999999999999));
#4765=CARTESIAN_POINT('Origin',(102.950034736309,93.0050328994679,0.0500000000000019));
#4766=CARTESIAN_POINT('',(102.696137545152,92.0118447686426,0.300000000000002));
#4767=CARTESIAN_POINT('',(102.700036659032,93.006013388043,0.300000000000002));
#4768=CARTESIAN_POINT('',(103.19500152902,91.7212108770669,-0.199999999999999));
#4769=CARTESIAN_POINT('',(103.200032813586,93.0040524108927,-0.199999999999999));
#4770=CARTESIAN_POINT('',(103.19500152902,91.7212108770669,-0.199999999999999));
#4771=CARTESIAN_POINT('Origin',(102.417145223679,91.5641989562356,0.0500000000000019));
#4772=CARTESIAN_POINT('',(100.992301239338,91.0370241819071,0.300000000000002));
#4773=CARTESIAN_POINT('',(102.292995313054,91.7811938863423,0.300000000000002));
#4774=CARTESIAN_POINT('',(100.990036897967,90.4596783530562,-0.199999999999999));
#4775=CARTESIAN_POINT('',(102.541295134303,91.347204026129,-0.199999999999999));
#4776=CARTESIAN_POINT('',(100.990036897967,90.4596783530562,-0.199999999999999));
#4777=CARTESIAN_POINT('Origin',(100.030141096341,91.3082379470936,0.0500000000000019));
#4778=CARTESIAN_POINT('',(100.155989262994,91.5242523886251,0.300000000000002));
#4779=CARTESIAN_POINT('',(99.9042929296884,91.0922235055621,-0.199999999999999));
#4780=CARTESIAN_POINT('Origin',(100.992301239338,91.0370241819071,-13.5));
#4781=CARTESIAN_POINT('',(100.992301239338,91.0370241819071,3.8));
#4782=CARTESIAN_POINT('',(100.992301239338,91.0370241819071,-13.5));
#4783=CARTESIAN_POINT('',(102.696137545152,92.0118447686426,3.8));
#4784=CARTESIAN_POINT('',(102.696137545152,92.0118447686426,3.8));
#4785=CARTESIAN_POINT('',(102.696137545152,92.0118447686426,-13.5));
#4786=CARTESIAN_POINT('Origin',(99.296163694186,92.0251794132645,-13.5));
#4787=CARTESIAN_POINT('',(99.296163694186,92.0251794132645,3.8));
#4788=CARTESIAN_POINT('',(99.296163694186,92.0251794132645,-13.5));
#4789=CARTESIAN_POINT('',(100.992301239338,91.0370241819071,3.8));
#4790=CARTESIAN_POINT('Origin',(99.303862454848,93.9881552313574,-13.5));
#4791=CARTESIAN_POINT('',(99.303862454848,93.9881552313574,3.8));
#4792=CARTESIAN_POINT('',(99.303862454848,93.9881552313574,-13.5));
#4793=CARTESIAN_POINT('',(99.296163694186,92.0251794132645,3.8));
#4794=CARTESIAN_POINT('Origin',(102.750000804663,94.0000013411045,-0.199999999999999));
#4795=CARTESIAN_POINT('',(105.125000402331,98.0000013411045,-0.199999999999999));
#4796=CARTESIAN_POINT('Origin',(17.9500058955679,92.9976792902642,0.0500000000000019));
#4797=CARTESIAN_POINT('',(18.2049646310534,94.2615325240107,-0.199999999999999));
#4798=CARTESIAN_POINT('',(18.1950015290203,91.7212108770669,-0.199999999999999));
#4799=CARTESIAN_POINT('',(18.2000039728448,92.996698801689,-0.199999999999999));
#4800=CARTESIAN_POINT('',(17.696137545152,92.0118447686426,0.300000000000002));
#4801=CARTESIAN_POINT('',(18.1950015290203,91.7212108770669,-0.199999999999999));
#4802=CARTESIAN_POINT('',(17.703836305814,93.9748205867355,0.300000000000002));
#4803=CARTESIAN_POINT('',(17.700007818291,92.9986597788393,0.300000000000002));
#4804=CARTESIAN_POINT('',(18.2049646310534,94.2615325240107,-0.199999999999999));
#4805=CARTESIAN_POINT('Origin',(16.0045409550664,90.7560017619073,0.0500000000000019));
#4806=CARTESIAN_POINT('',(15.9900368979668,90.4596783530562,-0.199999999999999));
#4807=CARTESIAN_POINT('',(16.1286908656906,90.5390068318007,-0.199999999999999));
#4808=CARTESIAN_POINT('',(15.992301239338,91.0370241819071,0.300000000000002));
#4809=CARTESIAN_POINT('',(15.9900368979668,90.4596783530562,-0.199999999999999));
#4810=CARTESIAN_POINT('',(15.8803910444421,90.9729966920139,0.300000000000002));
#4811=CARTESIAN_POINT('Origin',(13.6302736524887,92.1237887506256,0.0500000000000025));
#4812=CARTESIAN_POINT('',(14.296163694186,92.0251794132645,0.300000000000002));
#4813=CARTESIAN_POINT('',(13.7561218191414,92.3398031921571,0.300000000000004));
#4814=CARTESIAN_POINT('',(13.7950353689466,91.7384674759894,-0.199999999999999));
#4815=CARTESIAN_POINT('',(13.5044254858361,91.9077743090941,-0.199999999999999));
#4816=CARTESIAN_POINT('',(13.7950353689466,91.7384674759894,-0.199999999999999));
#4817=CARTESIAN_POINT('Origin',(14.053885270379,93.9944628210827,0.0500000000000019));
#4818=CARTESIAN_POINT('',(14.303862454848,93.9881552313574,0.300000000000002));
#4819=CARTESIAN_POINT('',(14.3038833476559,93.9934823325076,0.300000000000002));
#4820=CARTESIAN_POINT('',(13.8049984709797,94.2787891229331,-0.199999999999999));
#4821=CARTESIAN_POINT('',(13.8038871931021,93.9954433096579,-0.199999999999999));
#4822=CARTESIAN_POINT('',(13.8049984709797,94.2787891229331,-0.199999999999999));
#4823=CARTESIAN_POINT('Origin',(14.9197205022348,94.6285329649386,0.0500000000000014));
#4824=CARTESIAN_POINT('',(16.007698760662,94.9629758180929,0.300000000000002));
#4825=CARTESIAN_POINT('',(15.0438704128591,94.411538034832,0.300000000000001));
#4826=CARTESIAN_POINT('',(16.0099631020332,95.5403216469438,-0.199999999999999));
#4827=CARTESIAN_POINT('',(14.7955705916105,94.8455278950453,-0.199999999999999));
#4828=CARTESIAN_POINT('',(16.0099631020332,95.5403216469438,-0.199999999999999));
#4829=CARTESIAN_POINT('Origin',(16.441573824846,94.9995364228384,0.0500000000000019));
#4830=CARTESIAN_POINT('',(16.3157256581934,94.7835219813069,0.300000000000002));
#4831=CARTESIAN_POINT('',(16.5674219914987,95.2155508643699,-0.199999999999999));
#4832=CARTESIAN_POINT('Origin',(16.007698760662,94.9629758180929,-13.5));
#4833=CARTESIAN_POINT('',(16.007698760662,94.9629758180929,3.8));
#4834=CARTESIAN_POINT('',(16.007698760662,94.9629758180929,-13.5));
#4835=CARTESIAN_POINT('',(14.303862454848,93.9881552313574,3.8));
#4836=CARTESIAN_POINT('',(14.303862454848,93.9881552313574,3.8));
#4837=CARTESIAN_POINT('',(14.303862454848,93.9881552313574,-13.5));
#4838=CARTESIAN_POINT('Origin',(17.703836305814,93.9748205867355,-13.5));
#4839=CARTESIAN_POINT('',(17.703836305814,93.9748205867355,3.8));
#4840=CARTESIAN_POINT('',(17.703836305814,93.9748205867355,-13.5));
#4841=CARTESIAN_POINT('',(16.007698760662,94.9629758180929,3.8));
#4842=CARTESIAN_POINT('Origin',(17.696137545152,92.0118447686426,-13.5));
#4843=CARTESIAN_POINT('',(17.696137545152,92.0118447686426,3.8));
#4844=CARTESIAN_POINT('',(17.696137545152,92.0118447686426,-13.5));
#4845=CARTESIAN_POINT('',(17.703836305814,93.9748205867355,3.8));
#4846=CARTESIAN_POINT('Origin',(14.0000000670552,94.0000013411045,-0.199999999999999));
#4847=CARTESIAN_POINT('',(16.5000001005828,98.0000013411045,-0.199999999999999));
#4848=CARTESIAN_POINT('Origin',(16.,93.,3.8));
#4849=CARTESIAN_POINT('',(15.992301239338,91.0370241819071,3.8));
#4850=CARTESIAN_POINT('',(17.696137545152,92.0118447686426,3.8));
#4851=CARTESIAN_POINT('',(14.296163694186,92.0251794132645,3.8));
#4852=CARTESIAN_POINT('',(15.992301239338,91.0370241819071,3.8));
#4853=CARTESIAN_POINT('',(14.296163694186,92.0251794132645,3.8));
#4854=CARTESIAN_POINT('Origin',(15.992301239338,91.0370241819071,-13.5));
#4855=CARTESIAN_POINT('',(15.992301239338,91.0370241819071,-13.5));
#4856=CARTESIAN_POINT('Origin',(101.007698760662,94.9629758180929,-13.5));
#4857=CARTESIAN_POINT('',(101.007698760662,94.9629758180929,3.8));
#4858=CARTESIAN_POINT('',(101.007698760662,94.9629758180929,-13.5));
#4859=CARTESIAN_POINT('',(99.303862454848,93.9881552313574,3.8));
#4860=CARTESIAN_POINT('Origin',(102.703836305814,93.9748205867355,-13.5));
#4861=CARTESIAN_POINT('',(102.703836305814,93.9748205867355,3.8));
#4862=CARTESIAN_POINT('',(102.703836305814,93.9748205867355,-13.5));
#4863=CARTESIAN_POINT('',(101.007698760662,94.9629758180929,3.8));
#4864=CARTESIAN_POINT('Origin',(102.696137545152,92.0118447686426,-13.5));
#4865=CARTESIAN_POINT('',(102.703836305814,93.9748205867355,3.8));
#4866=CARTESIAN_POINT('Origin',(107.5,98.0000013411045,-1.1));
#4867=CARTESIAN_POINT('Origin',(101.,93.,3.8));
#4868=CARTESIAN_POINT('Origin',(97.,92.0666652957598,6.));
#4869=CARTESIAN_POINT('Origin',(98.0000016093254,92.0433324422439,3.9));
#4870=CARTESIAN_POINT('Origin',(14.303862454848,93.9881552313574,-13.5));
#4871=CARTESIAN_POINT('',(14.296163694186,92.0251794132645,-13.5));
#4872=CARTESIAN_POINT('Origin',(14.296163694186,92.0251794132645,-13.5));
#4873=CARTESIAN_POINT('Origin',(105.,1.99999999999999,0.));
#4874=CARTESIAN_POINT('Origin',(19.0000001341105,98.0000013411045,-1.1));
#4875=CARTESIAN_POINT('Origin',(97.,150.000002235174,6.00000008940697));
#4876=CARTESIAN_POINT('Origin',(104.5,149.995523859554,8.49947537879438));
#4877=CARTESIAN_POINT('',(104.5,149.995523859554,8.49947537879438));
#4878=CARTESIAN_POINT('',(107.5,149.995523859554,8.49947537879438));
#4879=CARTESIAN_POINT('',(104.5,149.995523859554,8.49947537879438));
#4880=CARTESIAN_POINT('',(107.5,149.995523859554,6.49947537879438));
#4881=CARTESIAN_POINT('',(107.5,149.995523859554,8.49947537879438));
#4882=CARTESIAN_POINT('',(104.5,149.995523859554,6.49947537879438));
#4883=CARTESIAN_POINT('',(104.5,149.995523859554,6.49947537879438));
#4884=CARTESIAN_POINT('',(104.5,149.995523859554,8.49947537879438));
#4885=CARTESIAN_POINT('Origin',(104.5,92.0944366733218,8.49947537879438));
#4886=CARTESIAN_POINT('',(104.5,92.0944366733218,8.49947537879438));
#4887=CARTESIAN_POINT('',(104.5,92.0944366733218,8.49947537879438));
#4888=CARTESIAN_POINT('',(104.5,92.0944366733218,6.49947537879438));
#4889=CARTESIAN_POINT('',(104.5,92.0944366733218,6.49947537879438));
#4890=CARTESIAN_POINT('',(104.5,92.0944366733218,8.49947537879438));
#4891=CARTESIAN_POINT('Origin',(107.5,92.0944366733218,8.49947537879438));
#4892=CARTESIAN_POINT('',(107.5,92.0944366733218,8.49947537879438));
#4893=CARTESIAN_POINT('',(107.5,92.0944366733218,8.49947537879438));
#4894=CARTESIAN_POINT('',(107.5,92.0944366733218,6.49947537879438));
#4895=CARTESIAN_POINT('',(107.5,92.0944366733218,6.49947537879438));
#4896=CARTESIAN_POINT('',(107.5,92.0944366733218,8.49947537879438));
#4897=CARTESIAN_POINT('Origin',(107.5,149.995523859554,8.49947537879438));
#4898=CARTESIAN_POINT('',(107.5,149.995523859554,8.49947537879438));
#4899=CARTESIAN_POINT('',(107.5,149.995523859554,6.49947537879438));
#4900=CARTESIAN_POINT('Origin',(106.,121.044980266438,6.49947537879438));
#4901=CARTESIAN_POINT('Origin',(106.,121.044980266438,8.49947537879438));
#4902=UNCERTAINTY_MEASURE_WITH_UNIT(LENGTH_MEASURE(0.01),#4906,
'DISTANCE_ACCURACY_VALUE',
'Maximum model space distance between geometric entities at asserted c
onnectivities');
#4903=UNCERTAINTY_MEASURE_WITH_UNIT(LENGTH_MEASURE(0.01),#4906,
'DISTANCE_ACCURACY_VALUE',
'Maximum model space distance between geometric entities at asserted c
onnectivities');
#4904=(
GEOMETRIC_REPRESENTATION_CONTEXT(3)
GLOBAL_UNCERTAINTY_ASSIGNED_CONTEXT((#4902))
GLOBAL_UNIT_ASSIGNED_CONTEXT((#4906,#4908,#4909))
REPRESENTATION_CONTEXT('','3D')
);
#4905=(
GEOMETRIC_REPRESENTATION_CONTEXT(3)
GLOBAL_UNCERTAINTY_ASSIGNED_CONTEXT((#4903))
GLOBAL_UNIT_ASSIGNED_CONTEXT((#4906,#4908,#4909))
REPRESENTATION_CONTEXT('','3D')
);
#4906=(
LENGTH_UNIT()
NAMED_UNIT(*)
SI_UNIT(.MILLI.,.METRE.)
);
#4907=(
LENGTH_UNIT()
NAMED_UNIT(*)
SI_UNIT($,.METRE.)
);
#4908=(
NAMED_UNIT(*)
PLANE_ANGLE_UNIT()
SI_UNIT($,.RADIAN.)
);
#4909=(
NAMED_UNIT(*)
SI_UNIT($,.STERADIAN.)
SOLID_ANGLE_UNIT()
);
#4910=SHAPE_DEFINITION_REPRESENTATION(#4911,#4912);
#4911=PRODUCT_DEFINITION_SHAPE('',$,#4914);
#4912=SHAPE_REPRESENTATION('',(#2933),#4904);
#4913=PRODUCT_DEFINITION_CONTEXT('part definition',#4918,'design');
#4914=PRODUCT_DEFINITION('top2','top2 v28',#4915,#4913);
#4915=PRODUCT_DEFINITION_FORMATION('',$,#4920);
#4916=PRODUCT_RELATED_PRODUCT_CATEGORY('top2 v28','top2 v28',(#4920));
#4917=APPLICATION_PROTOCOL_DEFINITION('international standard',
'automotive_design',2009,#4918);
#4918=APPLICATION_CONTEXT(
'Core Data for Automotive Mechanical Design Process');
#4919=PRODUCT_CONTEXT('part definition',#4918,'mechanical');
#4920=PRODUCT('top2','top2 v28',$,(#4919));
#4921=PRESENTATION_STYLE_ASSIGNMENT((#4922));
#4922=SURFACE_STYLE_USAGE(.BOTH.,#4923);
#4923=SURFACE_SIDE_STYLE('',(#4924));
#4924=SURFACE_STYLE_FILL_AREA(#4925);
#4925=FILL_AREA_STYLE('Plastic - Glossy (Black)',(#4926));
#4926=FILL_AREA_STYLE_COLOUR('Plastic - Glossy (Black)',#4927);
#4927=COLOUR_RGB('Plastic - Glossy (Black)',0.0980392156862745,0.0980392156862745,
0.0980392156862745);
ENDSEC;
END-ISO-10303-21;
